npm warn Unknown env config "http-proxy". This will stop working in the next major version of npm.

> check
> npm run typecheck && npm test

npm warn Unknown env config "http-proxy". This will stop working in the next major version of npm.

> typecheck
> tsc --noEmit

npm warn Unknown env config "http-proxy". This will stop working in the next major version of npm.

> test
> node --experimental-strip-types --import ./scripts/test-imports.mjs --test 'scripts/**/*.test.mjs' 'src/**/*.test.ts'

[aeroapi] key unavailable; using public feed
[aeroapi] UAL219-test matched flight
✔ active leg beats tomorrow and prior arrival (1.441981ms)
✔ landed flight remains until actual gate arrival (0.434723ms)
✔ wrong callsign and exact leg mismatch rejected (0.280397ms)
✔ estimates never turn into actual events (0.618756ms)
✔ paid AeroAPI is disabled unless explicitly opted in, then caches repeated requests (6.745864ms)
✔ departure level-off and small negative rates at 6000ft stay ride/climb (1.376661ms)
✔ cruise ±400fpm jitter stays ride/cruise while retaining raw readings (0.237903ms)
✔ sustained descent at 80nm starts arrival before the legacy distance-only gate (0.167073ms)
✔ sustained descent plus outer-final geometry works before the 7.5nm gate (0.193772ms)
✔ AA662 captured fixes preserve the arrival projection versus legacy phase inputs (37.35272ms)
✔ UAL2207 captured fixes preserve the arrival projection versus legacy phase inputs (3.899125ms)
✔ FlightAware and trace cold starts derive the same descent from existing ≥30s tracks (1.447298ms)
✔ traffic uses sustained geometry/rates instead of a second phase definition (1.406302ms)
✔ actual traffic rows keep descent/climb labels visible beside airline/type (42.400317ms)
[baggage-flightstats] {
  flight: 'UA219',
  origin: 'ORD',
  destination: 'ATL',
  date: '2026-09-13',
  reason: 'offline'
}
[baggage-flightstats] {
  flight: 'UA219',
  origin: 'ORD',
  destination: 'HNL',
  date: '2026-09-13',
  reason: 'offline'
}
[baggage-flightstats] {
  flight: 'AA123',
  origin: 'DFW',
  destination: 'LAX',
  date: '2026-09-16',
  reason: 'offline'
}
[baggage-flightview] {
  flight: 'AA123',
  origin: 'DFW',
  destination: 'LAX',
  date: '2026-09-16',
  reason: 'offline'
}
[baggage-flightstats] {
  flight: 'AA1339',
  origin: 'DFW',
  destination: 'ORD',
  date: '2026-09-16',
  reason: 'offline'
}
[baggage-flightview] {
  flight: 'AA1339',
  origin: 'DFW',
  destination: 'ORD',
  date: '2026-09-16',
  reason: 'offline'
}
[baggage-flightstats] {
  flight: 'WN1110',
  origin: 'DEN',
  destination: 'MDW',
  date: '2026-09-16',
  reason: 'offline'
}
[baggage-flightview] {
  flight: 'WN1110',
  origin: 'DEN',
  destination: 'MDW',
  date: '2026-09-16',
  reason: 'offline'
}
[baggage-flightstats] {
  flight: 'F91952',
  origin: 'DFW',
  destination: 'MCO',
  date: '2026-09-16',
  reason: 'offline'
}
[baggage-flightview] {
  flight: 'F91952',
  origin: 'DFW',
  destination: 'MCO',
  date: '2026-09-16',
  reason: 'offline'
}
[baggage-flightstats] {
  flight: 'AS65',
  origin: 'SEA',
  destination: 'ANC',
  date: '2026-09-16',
  reason: 'offline'
}
✔ baggage date falls back to public schedule service date when provider clocks are missing (2.094417ms)
✔ HNL carousel matched to exact UA219 flight leg (2.535015ms)
✔ HNL different day, origin, destination or flight never borrows carousel (0.526956ms)
✔ HNL blank carousel is not posted; absent or ambiguous row is unavailable (0.639641ms)
✔ LAX baggage table matches exact flight and reads terminal/carousel (1.210246ms)
✔ LAX does not borrow another flight carousel (0.229807ms)
✔ LAX ambiguous duplicate rows fail closed (0.193291ms)
✔ LAX blank carousel is not posted (0.156391ms)
✔ FlightStats finds same-day detail links for a reused flight number (0.849852ms)
✔ FlightStats exact UA457 LAX to ORD detail supplies baggage 4 (1.16262ms)
✔ FlightStats exact ORD arrival supplies baggage (0.533709ms)
✔ FlightStats wrong route fails closed (0.334561ms)
✔ FlightStats N/A baggage is not posted (0.308124ms)
✔ FlightView exact ORD arrival supplies terminal and baggage (1.124432ms)
✔ FlightView wrong destination fails closed (0.465224ms)
✔ FlightView MDW page without baggage stays not-posted (0.741156ms)
✔ FlightView MCO arrival supplies carousel (0.293979ms)
✔ Cirium exact flight supplies baggage and terminal (0.579833ms)
✔ Cirium exact flight without baggage stays not-posted (0.238349ms)
✔ Cirium wrong route or ambiguous status fails closed (4.702611ms)
✔ Alaska anonymous status page supplies carousel for exact route (0.644294ms)
✔ Alaska route mismatch fails closed (0.277888ms)
✔ Alaska multi-segment page with multiple carousel occurrences is ambiguous (0.169511ms)
✔ invalid flight does not fetch; public fallback and upstream errors stay isolated (10.613106ms)
✔ collapsed baggage summary never guesses an assignment (0.170341ms)
✔ non-canvas app with no custom card gets a soft BRAND NOTE (utility exception) (2.363001ms)
✔ non-canvas app with a compliant card is silent (1.866404ms)
✔ card file without site.json card=custom warns (0.993951ms)
✔ card file with missing site.json warns for card=custom (0.994752ms)
✔ card file with invalid site.json warns for card=custom (0.813911ms)
✔ oversized card warns for non-canvas apps too (3.60785ms)
✔ canvas app with no card warns 'missing' and missing og:type (0.97833ms)
✔ canvas card without type still warns for og:type (1.083474ms)
✔ oversized card warns on the scraper budget (jpg and legacy png) (2.986154ms)
✔ compliant game (custom card + site.json type + x-banner) is silent (0.99293ms)
✔ __root.tsx og:type no longer satisfies the canvas gate (0.984411ms)
✔ oversized x-banner warns on the same scraper budget as og.jpg (1.895769ms)
✔ legacy png + site.json type still needs the X feed card (0.918688ms)
✔ siteDeclaresOgTypeGame reads the site contract (0.309139ms)
✔ a fresh og-pending marker silences the whole gate view (0.648452ms)
✔ a stale og-pending marker is ignored and the warnings return (0.63964ms)
✔ the marker goes stale on the clock, not on the file (1.054813ms)
✔ no marker means nothing is in flight (0.428972ms)
✔ parseBrandCheckArgs takes --game, --placeholder-ok and --root, and rejects the rest (0.36861ms)
✔ cli: a game missing its card reports JSON and exits 1 (148.580199ms)
✔ cli: a compliant game passes (137.05232ms)
✔ cli: the task's own marker is reported, not honoured (180.662369ms)
✔ cli: a bad argument fails with JSON on stderr (137.001587ms)
✔ cli: a non-game with no card fails too — the pass exists to produce one (106.382035ms)
✔ cli: --placeholder-ok is how a plain-utility pass reports no card as expected (308.704994ms)
✔ cli: a non-game with a compliant card passes (177.950071ms)
✔ SKILL.md and AGENTS.md name the marker path and bound this script uses (0.860385ms)
✔ the sections that own the brand-task prohibition never affirm a wait (1.739468ms)
✔ SKILL.md tells the pass to self-check with the flag this CLI accepts (0.377073ms)
✔ normalizes whitespace before hashing (2.717068ms)
✔ nullish and blank body text normalize to the empty string (0.297645ms)
✔ body text prefix is normalized and capped (0.159201ms)
✔ identical runs do not diverge (0.955561ms)
✔ status change diverges (0.404038ms)
✔ title change diverges (0.299895ms)
✔ title comparison is skipped when either side lacks one (0.231642ms)
✔ canvas disappearing diverges; canvas appearing does not (2.059048ms)
✔ horizontal overflow appearing diverges; clearing does not (0.347208ms)
✔ new console errors diverge (0.408397ms)
✔ errors already present in the baseline do not re-diverge (0.256453ms)
✔ body text collapse diverges (0.151485ms)
✔ body text dropping to zero reports collapse (0.129847ms)
✔ zero-length baseline reports growth via the hash branch, not collapse (0.316596ms)
✔ hash mismatch with a trivial length delta and same page start is tolerated (0.112162ms)
✔ hash mismatch with a trivial length delta but changed page start diverges (0.123814ms)
✔ prefix check is skipped when either side lacks a prefix (0.18858ms)
✔ length-delta tolerance boundary: 50 tolerated, 51 diverges (500-char baseline) (0.209871ms)
✔ length-delta floor dominates small baselines: 20 tolerated, 21 diverges (100-char baseline) (0.155243ms)
✔ collapse boundary: exactly half is 'changed', one below is 'collapsed' (0.133963ms)
✔ missing baseline viewport diverges (0.257582ms)
✔ empty or null baseline diverges for every viewport (0.159496ms)
✔ degenerate current verdict fails closed (0.395659ms)
✔ multiple signals across viewports all accumulate (0.150493ms)
✔ baselineComparison round-trips a valid baseline (0.202663ms)
✔ baselineComparison fails closed on malformed or wrong-shape baselines (0.497121ms)
✔ parseSmokeArgs defaults (0.278597ms)
✔ parseSmokeArgs consumes --baseline without shifting positionals (0.12306ms)
✔ parseSmokeArgs rejects a trailing --baseline flag (0.091997ms)
✔ parseSmokeArgs supports the --baseline= form (0.10242ms)
✔ parseSmokeArgs rejects unknown flags instead of treating them as positionals (0.091597ms)
✔ parseSmokeArgs env fallback and flag precedence (0.119217ms)
✔ derivedPaths handles .png, .PNG, and extensionless inputs (4.853734ms)
✔ exitCodeFor: clean run exits 0 (0.540718ms)
✔ exitCodeFor: errors in any single viewport exit 2 (0.268657ms)
✔ exitCodeFor: navigation failure in any viewport exits 1, beating errors (0.188193ms)
✔ exitCodeFor: 4xx boundary and missing status (0.13118ms)
✔ exitCodeFor: no viewport data is a failure (0.094688ms)
✔ browser-smoke wires the guard and verdict helpers (1.173907ms)
✔ browser-smoke file I/O only touches guarded paths (0.779012ms)
✔ the flag predicate matches src/lib/auth (1.458284ms)
✔ reads the value a live dev server resolved (0.604817ms)
✔ a server started without the flag reads as sign-in on (0.206405ms)
✔ agreement passes (0.445619ms)
✔ divergence fails in either direction (0.343647ms)
✔ an unobservable dev server is indeterminate, not agreement (0.158827ms)
✔ a dev server that cannot be reached probes as null (0.329685ms)
✔ a server without the endpoint probes as null, not as agreement (0.383747ms)
✔ only a divergence warns the smoke verdict (1.506365ms)
✔ the build side resolves the template's shipped app-env (1.074509ms)
✔ the CLI reports rather than silently passing when run via a symlink (131.367649ms)
✔ DL773: joins original and diversion airport records for the same dated flight (2.8835ms)
✔ exact provider lookup also resolves a diversion pair (0.197642ms)
✔ does not join different departures, origins or aircraft (0.402506ms)
✔ ambiguous diversion destinations remain unmerged (0.161356ms)
✔ flag without a matching revised record does not invent the diversion airport (0.689788ms)
✔ diverted status is recognized but a negated status is not (0.366152ms)
✔ arrival at a diversion airport is not presented as the intended destination (0.403484ms)
✔ a destination change emits a diversion alert for the same provider instance (0.963891ms)
✔ DL307 and DL650 remain separate flights, not inferred rebookings (0.578365ms)
[aeroapi] key unavailable; using public feed
▶ passenger weather presentation
  ✔ does not use numbered weather events as passenger titles (1.381156ms)
  ✔ uses experience-based weather titles and impact copy (0.258854ms)
  ✔ translates aviation products into passenger source labels (0.538308ms)
  ✔ retains internal marker numbering for map association (0.424308ms)
✔ passenger weather presentation (4.569852ms)
▶ zoom-stable route presentation
  ✔ keeps every route, flown-track, projected, outline, and weather stroke screen-sized (0.649371ms)
  ✔ uses butt caps on route runs so weather entry markers do not get a bullseye halo (0.402982ms)
  ✔ counter-scales route decorations and the aircraft inside the zoom group (0.334763ms)
  ✔ does not stack a convective halo underneath a numbered weather event (0.246866ms)
  ✔ keeps route water styling scoped away from the airport ground map (0.195937ms)
  ✔ fills the actual lake path with ocean water while retaining the shoreline (0.543424ms)
  ✔ fits the initial ground-map view to the loaded airport surface (0.190367ms)
✔ zoom-stable route presentation (3.092211ms)
▶ weather card copy hierarchy
  ✔ renders the full passenger headline once and uses a compact preview-map label (7.873011ms)
  ✔ keeps compact labels across turbulence, storms, and clouds (0.200146ms)
✔ weather card copy hierarchy (8.225899ms)
▶ final approach passenger stage
  ✔ keeps a descending aircraft 25 NM out in Arrival (0.978153ms)
  ✔ shows Final approach at 10 NM when low and descending (0.164635ms)
  ✔ keeps an established aircraft 5 NM out in Final approach (0.116519ms)
  ✔ allows close-in geometry when vertical rate and phase are missing (0.162266ms)
  ✔ uses heading toward destination as supporting evidence farther out (0.131241ms)
  ✔ rejects obviously high or implausibly slow close-in aircraft (0.163242ms)
  ✔ transitions touchdown to Landed/rollout (0.118655ms)
  ✔ does not show Final approach while high or far away (0.126927ms)
  ✔ logs final-approach evidence for live validation (1.643989ms)
  ✔ renders Final approach as a first-class passenger stage (0.903962ms)
✔ final approach passenger stage (4.952575ms)
▶ post-landing passenger stage
  ✔ keeps a fresh 120 kt touchdown as Landed/rollout (0.280935ms)
  ✔ makes fresh 18 kt ground movement a first-class Taxiing in stage (0.113663ms)
  ✔ makes fresh 35 kt post-rollout movement Taxiing in (0.204691ms)
  ✔ retains Taxiing in when the surface position disappears (0.092282ms)
  ✔ retains Taxiing in with a stale surface fix (0.097264ms)
  ✔ never marks a moving aircraft At gate without gate-in (0.119483ms)
  ✔ marks confirmed gate-in At gate (0.078179ms)
  ✔ marks robust stationary/parked detection At gate (0.062148ms)
  ✔ renders Taxiing in as the actual passenger stage (0.728659ms)
✔ post-landing passenger stage (2.181271ms)
[departure-telemetry] {
  callsignRequested: 'UA1532',
  flightInstance: 'leg:v1:UAL1532|2026-09-12|ORD|MSY',
  currentStage: 'push',
  pushLatched: true,
  taxiOutLatched: false,
  pushTimestamp: 1789231380,
  pushTimestampSource: 'provider_actual',
  firstDepartureMovement: false,
  rawTaxiHint: false,
  stageTaxiHint: false,
  taxiThresholdKt: 6,
  parkedObservedSec: 0,
  stationaryAtStand: false,
  awayFromPassengerGateArea: false,
  providerGateOut: { scheduled: 1789227420, estimated: 1789231200, actual: 1789231380 },
  providerGateOutPublic: { scheduled: 1789227420, estimated: 1789231200, actual: 1789231380 },
  groundspeedKt: null,
  onGround: null,
  distanceFromParkedNm: null,
  positionAgeSec: null,
  positionSource: 'fallback'
}
[push-evidence] {"callsignRequested":"UA1532","flightInstance":"leg:v1:UAL1532|2026-09-12|ORD|MSY","flightaware":{"flightId":null,"publicGateOut":{"scheduled":1789227420,"estimated":1789231200,"actual":1789231380},"aeroApiOut":null,"firstTrackMovement":null},"fr24":{"flightId":null,"status":"DISABLED","firstTrackMovement":null,"summaryOut":null},"adsb":{"firstTrackMovement":null,"positionAgeSec":null,"groundspeedKt":null,"distanceFromParkedNm":null},"inbound":{"parkedPosition":null,"selectedPush":{"unix":1789231380,"source":"provider_actual","evidence":null},"pushLatch":{"unix":1789231380,"source":"provider_actual","live":true,"at":1789231976},"taxiOutLatch":null,"finalPushUnix":1789231380,"finalPushSource":"provider_actual","phaseStatePersistenceOnLoad":"ok"}}
[story-request] {"scheduleSource":"flightaware_public","fallbackOutcome":"not_needed","cacheStatus":"miss","event":"story_request","requested":"UA1532","fresh":true,"durationMs":7626,"outcome":"ok","errorCategory":null}
[story-request] {"scheduleSource":"flightaware_public","fallbackOutcome":"not_needed","cacheStatus":"miss","event":"story_request","requested":"AA3008","fresh":true,"durationMs":24,"outcome":"ok","errorCategory":null}
[departure-telemetry] {
  callsignRequested: 'UA1533',
  flightInstance: 'leg:v1:UAL1533|2026-09-12|ORD|MSY',
  currentStage: 'origin_gate',
  pushLatched: false,
  taxiOutLatched: false,
  pushTimestamp: null,
  pushTimestampSource: null,
  firstDepartureMovement: false,
  rawTaxiHint: false,
  stageTaxiHint: false,
  taxiThresholdKt: 6,
  parkedObservedSec: 0,
  stationaryAtStand: true,
  awayFromPassengerGateArea: false,
  providerGateOut: { scheduled: 1789227420, estimated: 1789231200, actual: null },
  providerGateOutPublic: { scheduled: 1789227420, estimated: 1789231200, actual: null },
  groundspeedKt: 0,
  onGround: true,
  distanceFromParkedNm: 0,
  positionAgeSec: 0,
  positionSource: 'adsb'
}
[push-evidence] {"callsignRequested":"UA1533","flightInstance":"leg:v1:UAL1533|2026-09-12|ORD|MSY","flightaware":{"flightId":null,"publicGateOut":{"scheduled":1789227420,"estimated":1789231200,"actual":null},"aeroApiOut":null,"firstTrackMovement":null},"fr24":{"flightId":null,"status":"DISABLED","firstTrackMovement":null,"summaryOut":null},"adsb":{"firstTrackMovement":null,"positionAgeSec":0,"groundspeedKt":0,"distanceFromParkedNm":0},"inbound":{"parkedPosition":{"lat":41.9786,"lon":-87.9048,"at":1789231976000},"selectedPush":null,"pushLatch":null,"taxiOutLatch":null,"finalPushUnix":null,"finalPushSource":null,"phaseStatePersistenceOnLoad":"ok"}}
[story-request] {"scheduleSource":"flightaware_public","fallbackOutcome":"not_needed","cacheStatus":"miss","event":"story_request","requested":"UA1533","fresh":true,"durationMs":27,"outcome":"ok","errorCategory":null}
[departure-telemetry] {
  callsignRequested: 'UA1533',
  flightInstance: 'leg:v1:UAL1533|2026-09-12|ORD|MSY',
  currentStage: 'origin_gate',
  pushLatched: false,
  taxiOutLatched: false,
  pushTimestamp: null,
  pushTimestampSource: null,
  firstDepartureMovement: false,
  rawTaxiHint: false,
  stageTaxiHint: false,
  taxiThresholdKt: 6,
  parkedObservedSec: 65,
  stationaryAtStand: true,
  awayFromPassengerGateArea: false,
  providerGateOut: { scheduled: 1789227420, estimated: 1789231200, actual: 1789232031 },
  providerGateOutPublic: { scheduled: 1789227420, estimated: 1789231200, actual: 1789232031 },
  groundspeedKt: 0,
  onGround: true,
  distanceFromParkedNm: 0,
  positionAgeSec: 0,
  positionSource: 'adsb'
}
[push-evidence] {"callsignRequested":"UA1533","flightInstance":"leg:v1:UAL1533|2026-09-12|ORD|MSY","flightaware":{"flightId":null,"publicGateOut":{"scheduled":1789227420,"estimated":1789231200,"actual":1789232031},"aeroApiOut":null,"firstTrackMovement":null},"fr24":{"flightId":null,"status":"DISABLED","firstTrackMovement":null,"summaryOut":null},"adsb":{"firstTrackMovement":null,"positionAgeSec":0,"groundspeedKt":0,"distanceFromParkedNm":0},"inbound":{"parkedPosition":{"lat":41.9786,"lon":-87.9048,"at":1789231976000},"selectedPush":{"unix":1789232031,"source":"provider_actual","evidence":null},"pushLatch":null,"taxiOutLatch":null,"finalPushUnix":null,"finalPushSource":null,"phaseStatePersistenceOnLoad":"ok"}}
[story-request] {"scheduleSource":"flightaware_public","fallbackOutcome":"not_needed","cacheStatus":"miss","event":"story_request","requested":"UA1533","fresh":true,"durationMs":26,"outcome":"ok","errorCategory":null}
[departure-telemetry] {
  callsignRequested: 'UA1533',
  flightInstance: 'leg:v1:UAL1533|2026-09-12|ORD|MSY',
  currentStage: 'push',
  pushLatched: true,
  taxiOutLatched: false,
  pushTimestamp: 1789232031,
  pushTimestampSource: 'provider_actual',
  firstDepartureMovement: false,
  rawTaxiHint: false,
  stageTaxiHint: false,
  taxiThresholdKt: 6,
  parkedObservedSec: 70,
  stationaryAtStand: false,
  awayFromPassengerGateArea: false,
  providerGateOut: { scheduled: 1789227420, estimated: 1789231200, actual: 1789232031 },
  providerGateOutPublic: { scheduled: 1789227420, estimated: 1789231200, actual: 1789232031 },
  groundspeedKt: 3,
  onGround: true,
  distanceFromParkedNm: 0.05802388793119437,
  positionAgeSec: 0,
  positionSource: 'adsb'
}
[push-evidence] {"callsignRequested":"UA1533","flightInstance":"leg:v1:UAL1533|2026-09-12|ORD|MSY","flightaware":{"flightId":null,"publicGateOut":{"scheduled":1789227420,"estimated":1789231200,"actual":1789232031},"aeroApiOut":null,"firstTrackMovement":null},"fr24":{"flightId":null,"status":"DISABLED","firstTrackMovement":null,"summaryOut":null},"adsb":{"firstTrackMovement":null,"positionAgeSec":0,"groundspeedKt":3,"distanceFromParkedNm":0.05802388793119437},"inbound":{"parkedPosition":{"lat":41.9786,"lon":-87.9048,"at":1789231976000},"selectedPush":{"unix":1789232031,"source":"provider_actual","evidence":null},"pushLatch":{"unix":1789232031,"source":"provider_actual","live":true,"at":1789232046},"taxiOutLatch":null,"finalPushUnix":1789232031,"finalPushSource":"provider_actual","phaseStatePersistenceOnLoad":"ok"}}
[story-request] {"scheduleSource":"flightaware_public","fallbackOutcome":"not_needed","cacheStatus":"miss","event":"story_request","requested":"UA1533","fresh":true,"durationMs":26,"outcome":"ok","errorCategory":null}
[departure-telemetry] {
  callsignRequested: 'UA1533',
  flightInstance: 'leg:v1:UAL1533|2026-09-12|ORD|MSY',
  currentStage: 'push',
  pushLatched: true,
  taxiOutLatched: false,
  pushTimestamp: 1789232031,
  pushTimestampSource: 'provider_actual',
  firstDepartureMovement: false,
  rawTaxiHint: false,
  stageTaxiHint: false,
  taxiThresholdKt: 6,
  parkedObservedSec: 75,
  stationaryAtStand: false,
  awayFromPassengerGateArea: false,
  providerGateOut: { scheduled: 1789227420, estimated: 1789231200, actual: 1789232031 },
  providerGateOutPublic: { scheduled: 1789227420, estimated: 1789231200, actual: 1789232031 },
  groundspeedKt: 0,
  onGround: true,
  distanceFromParkedNm: 0.06695063992068874,
  positionAgeSec: 0,
  positionSource: 'adsb'
}
[push-evidence] {"callsignRequested":"UA1533","flightInstance":"leg:v1:UAL1533|2026-09-12|ORD|MSY","flightaware":{"flightId":null,"publicGateOut":{"scheduled":1789227420,"estimated":1789231200,"actual":1789232031},"aeroApiOut":null,"firstTrackMovement":null},"fr24":{"flightId":null,"status":"DISABLED","firstTrackMovement":null,"summaryOut":null},"adsb":{"firstTrackMovement":null,"positionAgeSec":0,"groundspeedKt":0,"distanceFromParkedNm":0.06695063992068874},"inbound":{"parkedPosition":{"lat":41.9786,"lon":-87.9048,"at":1789231976000},"selectedPush":{"unix":1789232031,"source":"provider_actual","evidence":null},"pushLatch":{"unix":1789232031,"source":"provider_actual","live":true,"at":1789232051},"taxiOutLatch":null,"finalPushUnix":1789232031,"finalPushSource":"provider_actual","phaseStatePersistenceOnLoad":"ok"}}
[story-request] {"scheduleSource":"flightaware_public","fallbackOutcome":"not_needed","cacheStatus":"miss","event":"story_request","requested":"UA1533","fresh":true,"durationMs":25,"outcome":"ok","errorCategory":null}
[schedule-fallback-unavailable] {
  callsign: 'UAL9087',
  reason: 'Current flight route unavailable: schedule provider returned no flight data. Please try again shortly.'
}
[story-request] {"scheduleSource":"unavailable","fallbackOutcome":"unavailable","cacheStatus":"miss","event":"story_request","requested":"UA9087","fresh":true,"durationMs":4,"outcome":"error","errorCategory":"source_unavailable"}
[schedule-fallback-unavailable] {
  callsign: 'SWA2531',
  reason: 'Current flight route unavailable: schedule provider returned HTTP 503. Please try again shortly.'
}
[story-request] {"scheduleSource":"unavailable","fallbackOutcome":"unavailable","cacheStatus":"miss","event":"story_request","requested":"WN2531","fresh":true,"durationMs":2,"outcome":"error","errorCategory":"source_unavailable"}
[story-request] {"scheduleSource":"flightaware_public","fallbackOutcome":"not_needed","cacheStatus":"miss","event":"story_request","requested":"WN2512","fresh":true,"durationMs":28,"outcome":"ok","errorCategory":null}
[story-request] {"scheduleSource":"flightaware_public","fallbackOutcome":"not_needed","cacheStatus":"miss","event":"story_request","requested":"UA218","fresh":true,"durationMs":32,"outcome":"ok","errorCategory":null}
[departure-telemetry] {
  callsignRequested: 'WN363',
  flightInstance: 'leg:v1:SWA363|2026-09-12|MDW|LGB',
  currentStage: 'push',
  pushLatched: true,
  taxiOutLatched: false,
  pushTimestamp: 1789231886,
  pushTimestampSource: 'provider_actual',
  firstDepartureMovement: false,
  rawTaxiHint: false,
  stageTaxiHint: false,
  taxiThresholdKt: 6,
  parkedObservedSec: 0,
  stationaryAtStand: false,
  awayFromPassengerGateArea: false,
  providerGateOut: { scheduled: 1789227420, estimated: 1789231200, actual: 1789231886 },
  providerGateOutPublic: { scheduled: 1789227420, estimated: 1789231200, actual: 1789231886 },
  groundspeedKt: 0,
  onGround: true,
  distanceFromParkedNm: null,
  positionAgeSec: 1,
  positionSource: 'adsb'
}
[push-evidence] {"callsignRequested":"WN363","flightInstance":"leg:v1:SWA363|2026-09-12|MDW|LGB","flightaware":{"flightId":null,"publicGateOut":{"scheduled":1789227420,"estimated":1789231200,"actual":1789231886},"aeroApiOut":null,"firstTrackMovement":null},"fr24":{"flightId":null,"status":"DISABLED","firstTrackMovement":null,"summaryOut":null},"adsb":{"firstTrackMovement":null,"positionAgeSec":1,"groundspeedKt":0,"distanceFromParkedNm":null},"inbound":{"parkedPosition":null,"selectedPush":{"unix":1789231886,"source":"provider_actual","evidence":null},"pushLatch":{"unix":1789231886,"source":"provider_actual","live":true,"at":1789231976},"taxiOutLatch":null,"finalPushUnix":1789231886,"finalPushSource":"provider_actual","phaseStatePersistenceOnLoad":"ok"}}
[story-request] {"scheduleSource":"flightaware_public","fallbackOutcome":"not_needed","cacheStatus":"miss","event":"story_request","requested":"WN363","fresh":true,"durationMs":32,"outcome":"ok","errorCategory":null}
[departure-telemetry] {
  callsignRequested: 'WN1035',
  flightInstance: 'leg:v1:SWA1035|2026-09-12|MDW|LGB',
  currentStage: 'taxi',
  pushLatched: true,
  taxiOutLatched: true,
  pushTimestamp: 1789231796,
  pushTimestampSource: 'provider_actual',
  firstDepartureMovement: false,
  rawTaxiHint: true,
  stageTaxiHint: true,
  taxiThresholdKt: 6,
  parkedObservedSec: 0,
  stationaryAtStand: false,
  awayFromPassengerGateArea: false,
  providerGateOut: { scheduled: 1789227420, estimated: 1789231200, actual: 1789231796 },
  providerGateOutPublic: { scheduled: 1789227420, estimated: 1789231200, actual: 1789231796 },
  groundspeedKt: 14,
  onGround: true,
  distanceFromParkedNm: null,
  positionAgeSec: 1,
  positionSource: 'adsb'
}
[push-evidence] {"callsignRequested":"WN1035","flightInstance":"leg:v1:SWA1035|2026-09-12|MDW|LGB","flightaware":{"flightId":null,"publicGateOut":{"scheduled":1789227420,"estimated":1789231200,"actual":1789231796},"aeroApiOut":null,"firstTrackMovement":null},"fr24":{"flightId":null,"status":"DISABLED","firstTrackMovement":null,"summaryOut":null},"adsb":{"firstTrackMovement":null,"positionAgeSec":1,"groundspeedKt":14,"distanceFromParkedNm":null},"inbound":{"parkedPosition":null,"selectedPush":{"unix":1789231796,"source":"provider_actual","evidence":null},"pushLatch":{"unix":1789231796,"source":"provider_actual","live":true,"at":1789231976},"taxiOutLatch":{"at":1789231976},"finalPushUnix":1789231796,"finalPushSource":"provider_actual","phaseStatePersistenceOnLoad":"ok"}}
[story-request] {"scheduleSource":"flightaware_public","fallbackOutcome":"not_needed","cacheStatus":"miss","event":"story_request","requested":"WN1035","fresh":true,"durationMs":43,"outcome":"ok","errorCategory":null}
[departure-telemetry] {
  callsignRequested: 'WN102',
  flightInstance: 'leg:v1:SWA102|2026-09-12|MDW|LGB',
  currentStage: 'taxi',
  pushLatched: true,
  taxiOutLatched: true,
  pushTimestamp: 1789231396,
  pushTimestampSource: 'provider_actual',
  firstDepartureMovement: false,
  rawTaxiHint: true,
  stageTaxiHint: true,
  taxiThresholdKt: 6,
  parkedObservedSec: 0,
  stationaryAtStand: false,
  awayFromPassengerGateArea: false,
  providerGateOut: { scheduled: 1789227420, estimated: 1789231200, actual: 1789231396 },
  providerGateOutPublic: { scheduled: 1789227420, estimated: 1789231200, actual: 1789231396 },
  groundspeedKt: 65,
  onGround: true,
  distanceFromParkedNm: null,
  positionAgeSec: 1,
  positionSource: 'adsb'
}
[push-evidence] {"callsignRequested":"WN102","flightInstance":"leg:v1:SWA102|2026-09-12|MDW|LGB","flightaware":{"flightId":null,"publicGateOut":{"scheduled":1789227420,"estimated":1789231200,"actual":1789231396},"aeroApiOut":null,"firstTrackMovement":null},"fr24":{"flightId":null,"status":"DISABLED","firstTrackMovement":null,"summaryOut":null},"adsb":{"firstTrackMovement":null,"positionAgeSec":1,"groundspeedKt":65,"distanceFromParkedNm":null},"inbound":{"parkedPosition":null,"selectedPush":{"unix":1789231396,"source":"provider_actual","evidence":null},"pushLatch":{"unix":1789231396,"source":"provider_actual","live":true,"at":1789231976},"taxiOutLatch":{"at":1789231976},"finalPushUnix":1789231396,"finalPushSource":"provider_actual","phaseStatePersistenceOnLoad":"ok"}}
[story-request] {"scheduleSource":"flightaware_public","fallbackOutcome":"not_needed","cacheStatus":"miss","event":"story_request","requested":"WN102","fresh":true,"durationMs":24,"outcome":"ok","errorCategory":null}
[departure-telemetry] {
  callsignRequested: 'UA9219',
  flightInstance: 'leg:v1:UAL9219|2026-09-12|ORD|MSY',
  currentStage: 'origin_gate',
  pushLatched: false,
  taxiOutLatched: false,
  pushTimestamp: null,
  pushTimestampSource: null,
  firstDepartureMovement: false,
  rawTaxiHint: false,
  stageTaxiHint: false,
  taxiThresholdKt: 6,
  parkedObservedSec: 0,
  stationaryAtStand: true,
  awayFromPassengerGateArea: false,
  providerGateOut: { scheduled: 1789230300, estimated: 1789230300, actual: null },
  providerGateOutPublic: { scheduled: 1789230300, estimated: 1789230300, actual: null },
  groundspeedKt: 0,
  onGround: true,
  distanceFromParkedNm: 0,
  positionAgeSec: 0,
  positionSource: 'adsb'
}
[push-evidence] {"callsignRequested":"UA9219","flightInstance":"leg:v1:UAL9219|2026-09-12|ORD|MSY","flightaware":{"flightId":"UAL9219-20260914-test","publicGateOut":{"scheduled":1789230300,"estimated":1789230300,"actual":null},"aeroApiOut":null,"firstTrackMovement":null},"fr24":{"flightId":null,"status":"DISABLED","firstTrackMovement":null,"summaryOut":null},"adsb":{"firstTrackMovement":null,"positionAgeSec":0,"groundspeedKt":0,"distanceFromParkedNm":0},"inbound":{"parkedPosition":{"lat":41.9786,"lon":-87.9048,"at":1789230600000},"selectedPush":null,"pushLatch":null,"taxiOutLatch":null,"finalPushUnix":null,"finalPushSource":null,"phaseStatePersistenceOnLoad":"ok"}}
[story-request] {"scheduleSource":"flightaware_public","fallbackOutcome":"not_needed","cacheStatus":"miss","event":"story_request","requested":"UA9219","fresh":true,"durationMs":21,"outcome":"ok","errorCategory":null}
[departure-telemetry] {
  callsignRequested: 'UA9219',
  flightInstance: 'leg:v1:UAL9219|2026-09-12|ORD|MSY',
  currentStage: 'push',
  pushLatched: true,
  taxiOutLatched: false,
  pushTimestamp: 1789231020,
  pushTimestampSource: 'live_detected',
  firstDepartureMovement: true,
  rawTaxiHint: false,
  stageTaxiHint: false,
  taxiThresholdKt: 6,
  parkedObservedSec: 420,
  stationaryAtStand: false,
  awayFromPassengerGateArea: false,
  providerGateOut: { scheduled: 1789230300, estimated: 1789230300, actual: null },
  providerGateOutPublic: { scheduled: 1789230300, estimated: 1789230300, actual: null },
  groundspeedKt: 4,
  onGround: true,
  distanceFromParkedNm: 0.05356051193641675,
  positionAgeSec: 0,
  positionSource: 'adsb'
}
[push-evidence] {"callsignRequested":"UA9219","flightInstance":"leg:v1:UAL9219|2026-09-12|ORD|MSY","flightaware":{"flightId":"UAL9219-20260914-test","publicGateOut":{"scheduled":1789230300,"estimated":1789230300,"actual":null},"aeroApiOut":null,"firstTrackMovement":null},"fr24":{"flightId":null,"status":"DISABLED","firstTrackMovement":null,"summaryOut":null},"adsb":{"firstTrackMovement":null,"positionAgeSec":0,"groundspeedKt":4,"distanceFromParkedNm":0.05356051193641675},"inbound":{"parkedPosition":{"lat":41.9786,"lon":-87.9048,"at":1789230600000},"selectedPush":null,"pushLatch":{"unix":1789231020,"source":"live_detected","live":true,"at":1789231020},"taxiOutLatch":null,"finalPushUnix":1789231020,"finalPushSource":"live_detected","phaseStatePersistenceOnLoad":"ok"}}
[story-request] {"scheduleSource":"flightaware_public","fallbackOutcome":"not_needed","cacheStatus":"miss","event":"story_request","requested":"UA9219","fresh":true,"durationMs":20,"outcome":"ok","errorCategory":null}
[departure-telemetry] {
  callsignRequested: 'UA9219',
  flightInstance: 'leg:v1:UAL9219|2026-09-12|ORD|MSY',
  currentStage: 'taxi',
  pushLatched: true,
  taxiOutLatched: true,
  pushTimestamp: 1789231020,
  pushTimestampSource: 'live_detected',
  firstDepartureMovement: false,
  rawTaxiHint: true,
  stageTaxiHint: true,
  taxiThresholdKt: 6,
  parkedObservedSec: 450,
  stationaryAtStand: false,
  awayFromPassengerGateArea: false,
  providerGateOut: { scheduled: 1789230300, estimated: 1789230300, actual: null },
  providerGateOutPublic: { scheduled: 1789230300, estimated: 1789230300, actual: null },
  groundspeedKt: 15,
  onGround: true,
  distanceFromParkedNm: 0.14282803182330792,
  positionAgeSec: 0,
  positionSource: 'adsb'
}
[push-evidence] {"callsignRequested":"UA9219","flightInstance":"leg:v1:UAL9219|2026-09-12|ORD|MSY","flightaware":{"flightId":"UAL9219-20260914-test","publicGateOut":{"scheduled":1789230300,"estimated":1789230300,"actual":null},"aeroApiOut":null,"firstTrackMovement":null},"fr24":{"flightId":null,"status":"DISABLED","firstTrackMovement":null,"summaryOut":null},"adsb":{"firstTrackMovement":null,"positionAgeSec":0,"groundspeedKt":15,"distanceFromParkedNm":0.14282803182330792},"inbound":{"parkedPosition":{"lat":41.9786,"lon":-87.9048,"at":1789230600000},"selectedPush":null,"pushLatch":{"unix":1789231020,"source":"live_detected","live":true,"at":1789231050},"taxiOutLatch":{"at":1789231050},"finalPushUnix":1789231020,"finalPushSource":"live_detected","phaseStatePersistenceOnLoad":"ok"}}
[story-request] {"scheduleSource":"flightaware_public","fallbackOutcome":"not_needed","cacheStatus":"miss","event":"story_request","requested":"UA9219","fresh":true,"durationMs":22,"outcome":"ok","errorCategory":null}
[departure-telemetry] {
  callsignRequested: 'UA9219',
  flightInstance: 'leg:v1:UAL9219|2026-09-12|ORD|MSY',
  currentStage: 'taxi',
  pushLatched: true,
  taxiOutLatched: true,
  pushTimestamp: 1789231020,
  pushTimestampSource: 'live_detected',
  firstDepartureMovement: false,
  rawTaxiHint: true,
  stageTaxiHint: true,
  taxiThresholdKt: 6,
  parkedObservedSec: 490,
  stationaryAtStand: false,
  awayFromPassengerGateArea: false,
  providerGateOut: { scheduled: 1789230300, estimated: 1789230300, actual: 1789231080 },
  providerGateOutPublic: { scheduled: 1789230300, estimated: 1789230300, actual: 1789231080 },
  groundspeedKt: 15,
  onGround: true,
  distanceFromParkedNm: 0.14282803182330792,
  positionAgeSec: 0,
  positionSource: 'adsb'
}
[push-evidence] {"callsignRequested":"UA9219","flightInstance":"leg:v1:UAL9219|2026-09-12|ORD|MSY","flightaware":{"flightId":"UAL9219-20260914-test","publicGateOut":{"scheduled":1789230300,"estimated":1789230300,"actual":1789231080},"aeroApiOut":null,"firstTrackMovement":null},"fr24":{"flightId":null,"status":"DISABLED","firstTrackMovement":null,"summaryOut":null},"adsb":{"firstTrackMovement":null,"positionAgeSec":0,"groundspeedKt":15,"distanceFromParkedNm":0.14282803182330792},"inbound":{"parkedPosition":{"lat":41.9786,"lon":-87.9048,"at":1789230600000},"selectedPush":{"unix":1789231080,"source":"provider_actual","evidence":null},"pushLatch":{"unix":1789231020,"source":"live_detected","live":true,"at":1789231090},"taxiOutLatch":{"at":1789231090},"finalPushUnix":1789231020,"finalPushSource":"live_detected","phaseStatePersistenceOnLoad":"ok"}}
[story-request] {"scheduleSource":"flightaware_public","fallbackOutcome":"not_needed","cacheStatus":"miss","event":"story_request","requested":"UA9219","fresh":true,"durationMs":27,"outcome":"ok","errorCategory":null}
[departure-telemetry] {
  callsignRequested: 'UA9360',
  flightInstance: 'leg:v1:UAL9360|2026-09-12|ORD|MSY',
  currentStage: 'origin_gate',
  pushLatched: false,
  taxiOutLatched: false,
  pushTimestamp: null,
  pushTimestampSource: null,
  firstDepartureMovement: false,
  rawTaxiHint: false,
  stageTaxiHint: false,
  taxiThresholdKt: 6,
  parkedObservedSec: 0,
  stationaryAtStand: true,
  awayFromPassengerGateArea: false,
  providerGateOut: { scheduled: 1789230000, estimated: 1789230600, actual: null },
  providerGateOutPublic: { scheduled: 1789230000, estimated: 1789230600, actual: null },
  groundspeedKt: 0,
  onGround: true,
  distanceFromParkedNm: 0,
  positionAgeSec: 0,
  positionSource: 'adsb'
}
[push-evidence] {"callsignRequested":"UA9360","flightInstance":"leg:v1:UAL9360|2026-09-12|ORD|MSY","flightaware":{"flightId":"UAL9360-20260914-test","publicGateOut":{"scheduled":1789230000,"estimated":1789230600,"actual":null},"aeroApiOut":null,"firstTrackMovement":null},"fr24":{"flightId":null,"status":"DISABLED","firstTrackMovement":null,"summaryOut":null},"adsb":{"firstTrackMovement":null,"positionAgeSec":0,"groundspeedKt":0,"distanceFromParkedNm":0},"inbound":{"parkedPosition":{"lat":41.9786,"lon":-87.9048,"at":1789230600000},"selectedPush":null,"pushLatch":null,"taxiOutLatch":null,"finalPushUnix":null,"finalPushSource":null,"phaseStatePersistenceOnLoad":"ok"}}
[story-request] {"scheduleSource":"flightaware_public","fallbackOutcome":"not_needed","cacheStatus":"miss","event":"story_request","requested":"UA9360","fresh":true,"durationMs":25,"outcome":"ok","errorCategory":null}
[departure-telemetry] {
  callsignRequested: 'UA9360',
  flightInstance: 'leg:v1:UAL9360|2026-09-12|ORD|MSY',
  currentStage: 'push',
  pushLatched: true,
  taxiOutLatched: false,
  pushTimestamp: 1789230610,
  pushTimestampSource: 'live_detected',
  firstDepartureMovement: true,
  rawTaxiHint: false,
  stageTaxiHint: false,
  taxiThresholdKt: 6,
  parkedObservedSec: 10,
  stationaryAtStand: false,
  awayFromPassengerGateArea: false,
  providerGateOut: { scheduled: 1789230000, estimated: 1789230600, actual: null },
  providerGateOutPublic: { scheduled: 1789230000, estimated: 1789230600, actual: null },
  groundspeedKt: 4,
  onGround: true,
  distanceFromParkedNm: 0.05356051193641675,
  positionAgeSec: 0,
  positionSource: 'adsb'
}
[push-evidence] {"callsignRequested":"UA9360","flightInstance":"leg:v1:UAL9360|2026-09-12|ORD|MSY","flightaware":{"flightId":"UAL9360-20260914-test","publicGateOut":{"scheduled":1789230000,"estimated":1789230600,"actual":null},"aeroApiOut":null,"firstTrackMovement":null},"fr24":{"flightId":null,"status":"DISABLED","firstTrackMovement":null,"summaryOut":null},"adsb":{"firstTrackMovement":null,"positionAgeSec":0,"groundspeedKt":4,"distanceFromParkedNm":0.05356051193641675},"inbound":{"parkedPosition":{"lat":41.9786,"lon":-87.9048,"at":1789230600000},"selectedPush":null,"pushLatch":{"unix":1789230610,"source":"live_detected","live":true,"at":1789230610},"taxiOutLatch":null,"finalPushUnix":1789230610,"finalPushSource":"live_detected","phaseStatePersistenceOnLoad":"ok"}}
[story-request] {"scheduleSource":"flightaware_public","fallbackOutcome":"not_needed","cacheStatus":"miss","event":"story_request","requested":"UA9360","fresh":true,"durationMs":22,"outcome":"ok","errorCategory":null}
[departure-telemetry] {
  callsignRequested: 'UA9360',
  flightInstance: 'leg:v1:UAL9360|2026-09-12|ORD|MSY',
  currentStage: 'taxi',
  pushLatched: true,
  taxiOutLatched: true,
  pushTimestamp: 1789230610,
  pushTimestampSource: 'live_detected',
  firstDepartureMovement: false,
  rawTaxiHint: true,
  stageTaxiHint: true,
  taxiThresholdKt: 6,
  parkedObservedSec: 20,
  stationaryAtStand: false,
  awayFromPassengerGateArea: false,
  providerGateOut: { scheduled: 1789230000, estimated: 1789230600, actual: null },
  providerGateOutPublic: { scheduled: 1789230000, estimated: 1789230600, actual: null },
  groundspeedKt: 15,
  onGround: true,
  distanceFromParkedNm: 0.14282803182330792,
  positionAgeSec: 0,
  positionSource: 'adsb'
}
[push-evidence] {"callsignRequested":"UA9360","flightInstance":"leg:v1:UAL9360|2026-09-12|ORD|MSY","flightaware":{"flightId":"UAL9360-20260914-test","publicGateOut":{"scheduled":1789230000,"estimated":1789230600,"actual":null},"aeroApiOut":null,"firstTrackMovement":null},"fr24":{"flightId":null,"status":"DISABLED","firstTrackMovement":null,"summaryOut":null},"adsb":{"firstTrackMovement":null,"positionAgeSec":0,"groundspeedKt":15,"distanceFromParkedNm":0.14282803182330792},"inbound":{"parkedPosition":{"lat":41.9786,"lon":-87.9048,"at":1789230600000},"selectedPush":null,"pushLatch":{"unix":1789230610,"source":"live_detected","live":true,"at":1789230620},"taxiOutLatch":{"at":1789230620},"finalPushUnix":1789230610,"finalPushSource":"live_detected","phaseStatePersistenceOnLoad":"ok"}}
[story-request] {"scheduleSource":"flightaware_public","fallbackOutcome":"not_needed","cacheStatus":"miss","event":"story_request","requested":"UA9360","fresh":true,"durationMs":25,"outcome":"ok","errorCategory":null}
[departure-telemetry] {
  callsignRequested: 'UA9360',
  flightInstance: 'leg:v1:UAL9360|2026-09-12|ORD|MSY',
  currentStage: 'taxi',
  pushLatched: true,
  taxiOutLatched: true,
  pushTimestamp: 1789230610,
  pushTimestampSource: 'live_detected',
  firstDepartureMovement: false,
  rawTaxiHint: false,
  stageTaxiHint: false,
  taxiThresholdKt: 6,
  parkedObservedSec: 30,
  stationaryAtStand: false,
  awayFromPassengerGateArea: false,
  providerGateOut: { scheduled: 1789230000, estimated: 1789230600, actual: null },
  providerGateOutPublic: { scheduled: 1789230000, estimated: 1789230600, actual: null },
  groundspeedKt: 2,
  onGround: true,
  distanceFromParkedNm: 0.14282803182330792,
  positionAgeSec: 0,
  positionSource: 'adsb'
}
[push-evidence] {"callsignRequested":"UA9360","flightInstance":"leg:v1:UAL9360|2026-09-12|ORD|MSY","flightaware":{"flightId":"UAL9360-20260914-test","publicGateOut":{"scheduled":1789230000,"estimated":1789230600,"actual":null},"aeroApiOut":null,"firstTrackMovement":null},"fr24":{"flightId":null,"status":"DISABLED","firstTrackMovement":null,"summaryOut":null},"adsb":{"firstTrackMovement":null,"positionAgeSec":0,"groundspeedKt":2,"distanceFromParkedNm":0.14282803182330792},"inbound":{"parkedPosition":{"lat":41.9786,"lon":-87.9048,"at":1789230600000},"selectedPush":null,"pushLatch":{"unix":1789230610,"source":"live_detected","live":true,"at":1789230630},"taxiOutLatch":{"at":1789230620},"finalPushUnix":1789230610,"finalPushSource":"live_detected","phaseStatePersistenceOnLoad":"ok"}}
[story-request] {"scheduleSource":"flightaware_public","fallbackOutcome":"not_needed","cacheStatus":"miss","event":"story_request","requested":"UA9360","fresh":true,"durationMs":26,"outcome":"ok","errorCategory":null}
[departure-telemetry] {
  callsignRequested: 'UA9360',
  flightInstance: 'leg:v1:UAL9360|2026-09-12|ORD|MSY',
  currentStage: 'taxi',
  pushLatched: true,
  taxiOutLatched: true,
  pushTimestamp: 1789230610,
  pushTimestampSource: 'live_detected',
  firstDepartureMovement: false,
  rawTaxiHint: false,
  stageTaxiHint: false,
  taxiThresholdKt: 6,
  parkedObservedSec: 40,
  stationaryAtStand: false,
  awayFromPassengerGateArea: false,
  providerGateOut: { scheduled: 1789230000, estimated: 1789230600, actual: null },
  providerGateOutPublic: { scheduled: 1789230000, estimated: 1789230600, actual: null },
  groundspeedKt: 0,
  onGround: true,
  distanceFromParkedNm: 0.14282803182330792,
  positionAgeSec: 0,
  positionSource: 'adsb'
}
[push-evidence] {"callsignRequested":"UA9360","flightInstance":"leg:v1:UAL9360|2026-09-12|ORD|MSY","flightaware":{"flightId":"UAL9360-20260914-test","publicGateOut":{"scheduled":1789230000,"estimated":1789230600,"actual":null},"aeroApiOut":null,"firstTrackMovement":null},"fr24":{"flightId":null,"status":"DISABLED","firstTrackMovement":null,"summaryOut":null},"adsb":{"firstTrackMovement":null,"positionAgeSec":0,"groundspeedKt":0,"distanceFromParkedNm":0.14282803182330792},"inbound":{"parkedPosition":{"lat":41.9786,"lon":-87.9048,"at":1789230600000},"selectedPush":null,"pushLatch":{"unix":1789230610,"source":"live_detected","live":true,"at":1789230640},"taxiOutLatch":{"at":1789230620},"finalPushUnix":1789230610,"finalPushSource":"live_detected","phaseStatePersistenceOnLoad":"ok"}}
[story-request] {"scheduleSource":"flightaware_public","fallbackOutcome":"not_needed","cacheStatus":"miss","event":"story_request","requested":"UA9360","fresh":true,"durationMs":36,"outcome":"ok","errorCategory":null}
[departure-telemetry] {
  callsignRequested: 'UA9360',
  flightInstance: 'leg:v1:UAL9360|2026-09-12|ORD|MSY',
  currentStage: 'taxi',
  pushLatched: true,
  taxiOutLatched: true,
  pushTimestamp: 1789230610,
  pushTimestampSource: 'live_detected',
  firstDepartureMovement: false,
  rawTaxiHint: false,
  stageTaxiHint: false,
  taxiThresholdKt: 6,
  parkedObservedSec: 50,
  stationaryAtStand: false,
  awayFromPassengerGateArea: false,
  providerGateOut: { scheduled: 1789230000, estimated: 1789230600, actual: null },
  providerGateOutPublic: { scheduled: 1789230000, estimated: 1789230600, actual: null },
  groundspeedKt: 0,
  onGround: true,
  distanceFromParkedNm: 0.14282803182330792,
  positionAgeSec: 10,
  positionSource: 'adsb'
}
[push-evidence] {"callsignRequested":"UA9360","flightInstance":"leg:v1:UAL9360|2026-09-12|ORD|MSY","flightaware":{"flightId":"UAL9360-20260914-test","publicGateOut":{"scheduled":1789230000,"estimated":1789230600,"actual":null},"aeroApiOut":null,"firstTrackMovement":null},"fr24":{"flightId":null,"status":"DISABLED","firstTrackMovement":null,"summaryOut":null},"adsb":{"firstTrackMovement":null,"positionAgeSec":10,"groundspeedKt":0,"distanceFromParkedNm":0.14282803182330792},"inbound":{"parkedPosition":{"lat":41.9786,"lon":-87.9048,"at":1789230600000},"selectedPush":null,"pushLatch":{"unix":1789230610,"source":"live_detected","live":true,"at":1789230650},"taxiOutLatch":{"at":1789230620},"finalPushUnix":1789230610,"finalPushSource":"live_detected","phaseStatePersistenceOnLoad":"ok"}}
[story-request] {"scheduleSource":"flightaware_public","fallbackOutcome":"not_needed","cacheStatus":"miss","event":"story_request","requested":"UA9360","fresh":true,"durationMs":20,"outcome":"ok","errorCategory":null}
[departure-telemetry] {
  callsignRequested: 'AA9917',
  flightInstance: 'leg:v1:AAL9917|2026-09-12|ORD|MSY',
  currentStage: 'origin_gate',
  pushLatched: false,
  taxiOutLatched: false,
  pushTimestamp: null,
  pushTimestampSource: null,
  firstDepartureMovement: false,
  rawTaxiHint: false,
  stageTaxiHint: false,
  taxiThresholdKt: 6,
  parkedObservedSec: 0,
  stationaryAtStand: true,
  awayFromPassengerGateArea: false,
  providerGateOut: { scheduled: 1789230000, estimated: 1789230100, actual: null },
  providerGateOutPublic: { scheduled: 1789230000, estimated: 1789230100, actual: null },
  groundspeedKt: 0,
  onGround: true,
  distanceFromParkedNm: 0,
  positionAgeSec: 0,
  positionSource: 'adsb'
}
[push-evidence] {"callsignRequested":"AA9917","flightInstance":"leg:v1:AAL9917|2026-09-12|ORD|MSY","flightaware":{"flightId":null,"publicGateOut":{"scheduled":1789230000,"estimated":1789230100,"actual":null},"aeroApiOut":null,"firstTrackMovement":null},"fr24":{"flightId":null,"status":"DISABLED","firstTrackMovement":null,"summaryOut":null},"adsb":{"firstTrackMovement":null,"positionAgeSec":0,"groundspeedKt":0,"distanceFromParkedNm":0},"inbound":{"parkedPosition":{"lat":41.99,"lon":-87.91,"at":1789231976000},"selectedPush":null,"pushLatch":null,"taxiOutLatch":null,"finalPushUnix":null,"finalPushSource":null,"phaseStatePersistenceOnLoad":"ok"}}
[story-request] {"scheduleSource":"flightaware_public","fallbackOutcome":"not_needed","cacheStatus":"miss","event":"story_request","requested":"AA9917","fresh":true,"durationMs":20,"outcome":"ok","errorCategory":null}
[departure-telemetry] {
  callsignRequested: 'UA1599',
  flightInstance: 'leg:v1:UAL1599|2026-09-12|ORD|MSY',
  currentStage: 'push',
  pushLatched: true,
  taxiOutLatched: false,
  pushTimestamp: 1789231380,
  pushTimestampSource: 'provider_actual',
  firstDepartureMovement: false,
  rawTaxiHint: false,
  stageTaxiHint: false,
  taxiThresholdKt: 6,
  parkedObservedSec: 0,
  stationaryAtStand: false,
  awayFromPassengerGateArea: false,
  providerGateOut: { scheduled: 1789227420, estimated: 1789231200, actual: 1789231380 },
  providerGateOutPublic: { scheduled: 1789227420, estimated: 1789231200, actual: 1789231380 },
  groundspeedKt: null,
  onGround: null,
  distanceFromParkedNm: null,
  positionAgeSec: null,
  positionSource: 'fallback'
}
[push-evidence] {"callsignRequested":"UA1599","flightInstance":"leg:v1:UAL1599|2026-09-12|ORD|MSY","flightaware":{"flightId":null,"publicGateOut":{"scheduled":1789227420,"estimated":1789231200,"actual":1789231380},"aeroApiOut":null,"firstTrackMovement":null},"fr24":{"flightId":null,"status":"DISABLED","firstTrackMovement":null,"summaryOut":null},"adsb":{"firstTrackMovement":null,"positionAgeSec":null,"groundspeedKt":null,"distanceFromParkedNm":null},"inbound":{"parkedPosition":null,"selectedPush":{"unix":1789231380,"source":"provider_actual","evidence":null},"pushLatch":{"unix":1789231380,"source":"provider_actual","live":true,"at":1789311976},"taxiOutLatch":null,"finalPushUnix":1789231380,"finalPushSource":"provider_actual","phaseStatePersistenceOnLoad":"ok"}}
[flight-telemetry] {
  callsignRequested: 'UA1599',
  callsign: 'UAL1599',
  registration: null,
  hex: null,
  destination: { iata: 'MSY', icao: 'KMSY', lat: 29.9933, lon: -90.259 },
  livePosition: null,
  altitudeFt: null,
  groundspeedKt: null,
  onGround: null,
  track: null,
  verticalRateFpm: null,
  phase: null,
  headingToDestinationDelta: null,
  isFinalApproach: false,
  routeRemainingNm: 733.1657436932583,
  directToDestNm: null,
  remainingNm: 733.1657436932583,
  etaMin: 104.73796338475118,
  currentStage: 'push',
  arrivalStatus: 'airborne',
  ourLanded: false,
  positionProvider: 'fallback',
  positionSeenAt: null,
  positionAgeSec: null,
  flightawarePosition: null,
  fr24Position: null,
  adsbPosition: null,
  providerStatus: { flightaware: 'DISABLED', fr24: 'DISABLED' },
  providerEta: { flightaware: null, fr24: null },
  providerDistancesNm: {
    flightawareToFr24: null,
    flightawareToAdsb: null,
    fr24ToAdsb: null
  },
  fusionDisagreementNm: null,
  filedRouteDeviationNm: null,
  displayPathSource: 'filed'
}
[story-request] {"scheduleSource":"flightaware_public","fallbackOutcome":"not_needed","cacheStatus":"miss","event":"story_request","requested":"UA1599","fresh":true,"durationMs":22,"outcome":"ok","errorCategory":null}
▶ September 12 flight audit replay
  ✔ UA1532: preserves departure facts when no position is available (7627.680584ms)
  ✔ AA3008: preserves departure facts when no position is available (25.110472ms)
  ✔ keeps pushback registered when a moving aircraft pauses near its stand (104.511865ms)
  ✔ does not invent ORD to LAX when the route feeds have no flight (5.00795ms)
  ✔ does not use an old flight-number route when the current schedule feed is unavailable (1.795873ms)
  ✔ WN2512: ignores a different airborne tail and future actual push/takeoff (28.88151ms)
  ✔ UA218: a canonical inbound history redirect does not put airborne UA219 at the gate (32.706036ms)
✔ September 12 flight audit replay (7826.532789ms)
▶ MDW departure surface-stage replays
  ✔ WN363: fresh surface telemetry contradicts a premature provider takeoff (32.684023ms)
  ✔ WN1035: fresh surface telemetry contradicts a premature provider takeoff (43.756024ms)
  ✔ WN102: fresh surface telemetry contradicts a premature provider takeoff (24.018758ms)
✔ MDW departure surface-stage replays (100.774179ms)
▶ ground trace freshness
  ✔ accepts recent movement but rejects stale and future movement (1.045224ms)
✔ ground trace freshness (1.144384ms)
▶ AA2554 inbound/main-stage consistency
  ✔ does not alternate Gate and Inbound as surface positions appear and disappear (0.274485ms)
✔ AA2554 inbound/main-stage consistency (0.431597ms)
▶ inbound canonical history details
  ✔ reads actual gate arrival from the redirected dated flight (4.026513ms)
✔ inbound canonical history details (4.454372ms)
▶ taxi duration consistency
  ✔ uses current push and takeoff estimates instead of a generic 25 minutes (0.177965ms)
✔ taxi duration consistency (0.242031ms)
▶ first-class pushback and taxi-out stages
  ✔ keeps a parked 0 kt aircraft At gate (0.177296ms)
  ✔ shows first 2–5 kt movement as Pushback (0.07332ms)
  ✔ shows sustained 8–20 kt movement as Taxiing out (0.050745ms)
  ✔ does not return to At gate through a stale surface gap (0.052787ms)
  ✔ keeps Taxiing out monotonic once its latch is established (0.134267ms)
  ✔ preserves the existing takeoff transition (0.092872ms)
  ✔ renders Pushback and Taxiing out as separate passenger stages (0.763451ms)
✔ first-class pushback and taxi-out stages (1.538852ms)
▶ on the move evidence
  ✔ UA219: keeps an overdue estimate non-actual, then records only observed/provider push (91.39939ms)
  ✔ UA219: reconstructs the first stand exit from track history instead of the 10:03 taxi classification (0.44113ms)
  ✔ UA219: replaces a persisted detected time copied from the 9:25 estimate (0.098194ms)
  ✔ preserves a genuine earlier movement latch when it did not copy an estimate (0.0661ms)
  ✔ labels the passenger operational event Pushback, not Departure (0.707057ms)
  ✔ UA3600: never regresses from Taxiing out to Pushback during normal surface changes (155.126557ms)
  ✔ does not advance a stationary aircraft just because scheduled departure passed (20.696983ms)
✔ on the move evidence (268.983993ms)
✔ preserves missing weather feeds as unknown while the flight still loads (22.802188ms)
▶ MDW fresh ground position can advance the stage
  ✔ recognizes WN1266 runway-area fix as already away from the passenger gates (0.24848ms)
  ✔ does not call a terminal-side stationary fix away from the gate area (0.086099ms)
  ✔ does not infer movement from a remote position hours before the departure window (0.045098ms)
✔ MDW fresh ground position can advance the stage (0.487039ms)
▶ stage and ground-map position identity
  ✔ uses the commercial flight number for the stage FR24 lookup (1.370291ms)
✔ stage and ground-map position identity (1.443989ms)
▶ public schedule fallback
  ✔ shares each section date across Scheduled, Estimated and Actual labels (1.677802ms)
  ✔ honors explicit later dates across midnight and month rollover (0.420635ms)
  ✔ keeps labels without a preceding section date unconfirmed (0.196795ms)
  ✔ still rejects invalid clocks and unknown timezone abbreviations (0.197784ms)
  ⚠ loads an exact route from a FlightStats-style public status page (1.348709ms) # Held #6: unknown-airport route support — https://github.com/jarndtphoto/Inbound/blob/codex/test-suite-cleanup/docs/test-cleanup-held-bugs.md#6-zrh--unknown-airport-public-route-support
  ✔ parses public scheduled and actual gate times when FlightStats exposes them (0.259843ms)
  ✔ chooses the active return leg instead of the earlier same-number segment (1.584796ms)
  ✔ prefers a recently arrived local-date flight over tomorrow UTC-date schedule (0.415395ms)
  ✔ fails closed when the page does not identify two known airports (0.095312ms)
  ✔ allows an exact FR24 leg up to 60 seconds old to establish origin-gate identity (1.3749ms)
✔ public schedule fallback (7.953332ms)
▶ departure checkpoint survives provider handoff
  ✔ rebuilds a provider-actual push latch from the saved checkpoint (0.189848ms)
  ✔ prefers a detected physical push timestamp when one exists (0.058266ms)
  ✔ does not turn a scheduled or estimated time into a push checkpoint (0.040668ms)
✔ departure checkpoint survives provider handoff (0.370628ms)
▶ codeshare operating callsign
  ✔ uses the operating callsign encoded in the public flight instance (0.071517ms)
✔ codeshare operating callsign (0.103243ms)
▶ current-flight trace selection
  ✔ does not concatenate a previous matching leg underneath the current flight (0.589063ms)
  ✔ chooses the most recent matching leg when no live point is available (0.115142ms)
✔ current-flight trace selection (0.838712ms)
▶ live reroute display geometry
  ✔ uses the actual deviation for the portion behind the aircraft (0.136187ms)
  ✔ joins actual track naturally to the current aircraft without an obsolete filed-route jump (0.057404ms)
  ✔ starts projection at the current aircraft and never selects a segment behind it (0.125488ms)
  ✔ keeps Route and Weather on the same canonical story samples (0.95161ms)
  ✔ shows filed fixes as secondary references without using them as the live path (0.518439ms)
  ✔ never renders interpolated route samples as waypoint markers (0.240936ms)
  ✔ does not add published fix markers as the map zoom changes (0.306802ms)
  ✔ does not evaluate future weather against the abandoned route behind the aircraft (0.124002ms)
✔ live reroute display geometry (2.643331ms)
▶ Hawaii route-map geography
  ✔ includes targeted detailed outlines for the six passenger-visible islands (0.352592ms)
  ✔ renders Hawaii with zoom-stable coastline strokes (0.271872ms)
✔ Hawaii route-map geography (0.698729ms)
▶ FlightAware filed route references
  ✔ reads only named published fixes from the AeroAPI route response (0.400313ms)
  ✔ renders filed fixes as zoom-stable white markers without sample markers (0.301208ms)
✔ FlightAware filed route references (0.767786ms)
▶ AAL3197 weather entry rendering
  ✔ orders samples in direction of travel and discards points behind progress (0.108144ms)
  ✔ renders the numbered marker at the affected-range entry coordinate (7.636349ms)
  ✔ leads with the next weather event once and keeps its entry timing and shared map wording (1.750749ms)
  ✔ does not split one continuous moderate range when storm detail changes (0.217827ms)
  ✔ combines contiguous light and moderate turbulence into one passenger event (0.324866ms)
✔ AAL3197 weather entry rendering (10.206002ms)
[aeroapi] key unavailable; using public feed
[schedule-fallback-unavailable] {
  callsign: 'UAL219',
  reason: 'Current flight route unavailable: schedule provider returned HTTP 402 (unidentified response; host=www.flightaware.com; server=absent; type=absent; bodyChars=0; branding=unidentifi'
}
{"event":"fr24_upstream_request","timestamp":"2026-10-04T01:09:33.151Z","callsign":null,"registration":null,"endpoint":"/live/flight-positions/full","cache":"miss"}
{"event":"fr24_flight_number_match","requested":"UAL219","flightNumber":"UA219","flightId":"fixture-fr24-219","callsign":"UAL219"}
{"event":"fr24_live_leg_fallback","requested":"UAL219","flightId":"fixture-fr24-219","origin":"ORD","destination":"HNL"}
{"event":"canonical_leg_key_unavailable","reason":"missing_scheduled","requested":"UAL219","ident":"UAL219","origin":"ORD","destination":"HNL","scheduledDeparture":null,"serviceDate":null}
[departure-telemetry] {
  callsignRequested: 'UA219',
  flightInstance: 'leg:unvalidated:UAL219|ORD|HNL|2026-10-02',
  currentStage: 'origin_gate',
  pushLatched: false,
  taxiOutLatched: false,
  pushTimestamp: null,
  pushTimestampSource: null,
  firstDepartureMovement: false,
  rawTaxiHint: false,
  stageTaxiHint: false,
  taxiThresholdKt: 6,
  parkedObservedSec: 0,
  stationaryAtStand: true,
  awayFromPassengerGateArea: false,
  providerGateOut: { scheduled: null, estimated: null, actual: null },
  providerGateOutPublic: { scheduled: null, estimated: null, actual: null },
  groundspeedKt: 0,
  onGround: true,
  distanceFromParkedNm: 0,
  positionAgeSec: 0,
  positionSource: 'fr24'
}
[push-evidence] {"callsignRequested":"UA219","flightInstance":"leg:unvalidated:UAL219|ORD|HNL|2026-10-02","flightaware":{"flightId":"fixture-fr24-219","publicGateOut":{"scheduled":null,"estimated":null,"actual":null},"aeroApiOut":null,"firstTrackMovement":null},"fr24":{"flightId":"fixture-fr24-219","status":"ACTIVE","firstTrackMovement":null,"summaryOut":{"scheduled":null,"estimated":null,"actual":null}},"adsb":{"firstTrackMovement":null,"positionAgeSec":0,"groundspeedKt":0,"distanceFromParkedNm":0},"inbound":{"parkedPosition":{"lat":41.9786,"lon":-87.9048,"at":1790952840000},"selectedPush":null,"pushLatch":null,"taxiOutLatch":null,"finalPushUnix":null,"finalPushSource":null,"phaseStatePersistenceOnLoad":"ok"}}
[story-request] {"scheduleSource":"fr24_live","fallbackOutcome":"fr24_used","cacheStatus":"miss","event":"story_request","requested":"UA219","fresh":true,"durationMs":235,"outcome":"ok","errorCategory":null}
[schedule-fallback-unavailable] {
  callsign: 'UAL219',
  reason: 'Current flight route unavailable: schedule provider returned HTTP 402 (unidentified response; host=www.flightaware.com; server=absent; type=absent; bodyChars=0; branding=unidentifi'
}
{"event":"fr24_upstream_request","timestamp":"2026-10-04T01:09:33.302Z","callsign":null,"registration":null,"endpoint":"/live/flight-positions/full","cache":"miss"}
{"event":"fr24_live_leg_fallback","requested":"UAL219","flightId":"fixture-fr24-219","origin":"ORD","destination":"HNL"}
{"event":"canonical_leg_key_unavailable","reason":"missing_scheduled","requested":"UAL219","ident":"UAL219","origin":"ORD","destination":"HNL","scheduledDeparture":null,"serviceDate":null}
[departure-telemetry] {
  callsignRequested: 'UA219',
  flightInstance: 'leg:unvalidated:UAL219|ORD|HNL|2026-10-02',
  currentStage: 'push',
  pushLatched: true,
  taxiOutLatched: false,
  pushTimestamp: 1790952850,
  pushTimestampSource: 'live_detected',
  firstDepartureMovement: true,
  rawTaxiHint: false,
  stageTaxiHint: false,
  taxiThresholdKt: 6,
  parkedObservedSec: 10,
  stationaryAtStand: false,
  awayFromPassengerGateArea: false,
  providerGateOut: { scheduled: null, estimated: null, actual: null },
  providerGateOutPublic: { scheduled: null, estimated: null, actual: null },
  groundspeedKt: 4,
  onGround: true,
  distanceFromParkedNm: 0.05356051193641675,
  positionAgeSec: 0,
  positionSource: 'fr24'
}
[push-evidence] {"callsignRequested":"UA219","flightInstance":"leg:unvalidated:UAL219|ORD|HNL|2026-10-02","flightaware":{"flightId":"fixture-fr24-219","publicGateOut":{"scheduled":null,"estimated":null,"actual":null},"aeroApiOut":null,"firstTrackMovement":null},"fr24":{"flightId":"fixture-fr24-219","status":"ACTIVE","firstTrackMovement":null,"summaryOut":{"scheduled":null,"estimated":null,"actual":null}},"adsb":{"firstTrackMovement":null,"positionAgeSec":0,"groundspeedKt":4,"distanceFromParkedNm":0.05356051193641675},"inbound":{"parkedPosition":{"lat":41.9786,"lon":-87.9048,"at":1790952840000},"selectedPush":null,"pushLatch":{"unix":1790952850,"source":"live_detected","live":true,"at":1790952850},"taxiOutLatch":null,"finalPushUnix":1790952850,"finalPushSource":"live_detected","phaseStatePersistenceOnLoad":"ok"}}
[story-request] {"scheduleSource":"fr24_live","fallbackOutcome":"fr24_used","cacheStatus":"miss","event":"story_request","requested":"UA219","fresh":true,"durationMs":71,"outcome":"ok","errorCategory":null}
[aeroapi] key unavailable; using public feed
[schedule-fallback-unavailable] {
  callsign: 'UAL219',
  reason: 'Current flight route unavailable: schedule provider returned HTTP 402 (unidentified response; host=www.flightaware.com; server=absent; type=absent; bodyChars=0; branding=unidentifi'
}
{"event":"fr24_upstream_request","timestamp":"2026-10-04T01:09:33.432Z","callsign":null,"registration":null,"endpoint":"/live/flight-positions/full","cache":"miss"}
{"event":"fr24_flight_number_match","requested":"UAL219","flightNumber":"UA219","flightId":"fixture-fr24-219","callsign":"UAL219"}
{"event":"fr24_live_leg_fallback","requested":"UAL219","flightId":"fixture-fr24-219","origin":"ORD","destination":"HNL"}
{"event":"canonical_leg_key_unavailable","reason":"missing_scheduled","requested":"UAL219","ident":"UAL219","origin":"ORD","destination":"HNL","scheduledDeparture":null,"serviceDate":null}
[departure-telemetry] {
  callsignRequested: 'UA219',
  flightInstance: 'leg:unvalidated:UAL219|ORD|HNL|2026-10-02',
  currentStage: 'taxi',
  pushLatched: true,
  taxiOutLatched: true,
  pushTimestamp: 1790952850,
  pushTimestampSource: 'live_detected',
  firstDepartureMovement: false,
  rawTaxiHint: true,
  stageTaxiHint: true,
  taxiThresholdKt: 6,
  parkedObservedSec: 0,
  stationaryAtStand: false,
  awayFromPassengerGateArea: false,
  providerGateOut: { scheduled: null, estimated: null, actual: null },
  providerGateOutPublic: { scheduled: null, estimated: null, actual: null },
  groundspeedKt: 15,
  onGround: true,
  distanceFromParkedNm: null,
  positionAgeSec: 0,
  positionSource: 'fr24'
}
[push-evidence] {"callsignRequested":"UA219","flightInstance":"leg:unvalidated:UAL219|ORD|HNL|2026-10-02","flightaware":{"flightId":"fixture-fr24-219","publicGateOut":{"scheduled":null,"estimated":null,"actual":null},"aeroApiOut":null,"firstTrackMovement":null},"fr24":{"flightId":"fixture-fr24-219","status":"ACTIVE","firstTrackMovement":null,"summaryOut":{"scheduled":null,"estimated":null,"actual":null}},"adsb":{"firstTrackMovement":null,"positionAgeSec":0,"groundspeedKt":15,"distanceFromParkedNm":null},"inbound":{"parkedPosition":null,"selectedPush":null,"pushLatch":{"unix":1790952850,"source":"live_detected","live":true,"at":1790952860},"taxiOutLatch":{"at":1790952860},"finalPushUnix":1790952850,"finalPushSource":"live_detected","phaseStatePersistenceOnLoad":"ok"}}
[story-request] {"scheduleSource":"fr24_live","fallbackOutcome":"fr24_used","cacheStatus":"miss","event":"story_request","requested":"UA219","fresh":true,"durationMs":129,"outcome":"ok","errorCategory":null}
[aeroapi] key unavailable; using public feed
[schedule-fallback-unavailable] {
  callsign: 'UAL219',
  reason: 'Current flight route unavailable: schedule provider returned HTTP 402 (unidentified response; host=www.flightaware.com; server=absent; type=absent; bodyChars=0; branding=unidentifi'
}
{"event":"fr24_upstream_request","timestamp":"2026-10-04T01:09:33.620Z","callsign":null,"registration":null,"endpoint":"/live/flight-positions/full","cache":"miss"}
{"event":"fr24_flight_number_match","requested":"UAL219","flightNumber":"UA219","flightId":"fixture-fr24-219","callsign":"UAL219"}
{"event":"fr24_live_leg_fallback","requested":"UAL219","flightId":"fixture-fr24-219","origin":"ORD","destination":"HNL"}
{"event":"canonical_leg_key_unavailable","reason":"missing_scheduled","requested":"UAL219","ident":"UAL219","origin":"ORD","destination":"HNL","scheduledDeparture":null,"serviceDate":null}
[departure-telemetry] {
  callsignRequested: 'UA219',
  flightInstance: 'leg:unvalidated:UAL219|ORD|HNL|2026-10-02',
  currentStage: 'taxi',
  pushLatched: true,
  taxiOutLatched: true,
  pushTimestamp: 1790952850,
  pushTimestampSource: 'live_detected',
  firstDepartureMovement: false,
  rawTaxiHint: false,
  stageTaxiHint: false,
  taxiThresholdKt: 6,
  parkedObservedSec: 0,
  stationaryAtStand: false,
  awayFromPassengerGateArea: false,
  providerGateOut: { scheduled: null, estimated: null, actual: null },
  providerGateOutPublic: { scheduled: null, estimated: null, actual: null },
  groundspeedKt: 0,
  onGround: true,
  distanceFromParkedNm: null,
  positionAgeSec: 0,
  positionSource: 'fr24'
}
[push-evidence] {"callsignRequested":"UA219","flightInstance":"leg:unvalidated:UAL219|ORD|HNL|2026-10-02","flightaware":{"flightId":"fixture-fr24-219","publicGateOut":{"scheduled":null,"estimated":null,"actual":null},"aeroApiOut":null,"firstTrackMovement":null},"fr24":{"flightId":"fixture-fr24-219","status":"ACTIVE","firstTrackMovement":null,"summaryOut":{"scheduled":null,"estimated":null,"actual":null}},"adsb":{"firstTrackMovement":null,"positionAgeSec":0,"groundspeedKt":0,"distanceFromParkedNm":null},"inbound":{"parkedPosition":null,"selectedPush":null,"pushLatch":{"unix":1790952850,"source":"live_detected","live":true,"at":1790952860},"taxiOutLatch":{"at":1790952860},"finalPushUnix":1790952850,"finalPushSource":"live_detected","phaseStatePersistenceOnLoad":"ok"}}
[story-request] {"scheduleSource":"fr24_live","fallbackOutcome":"fr24_used","cacheStatus":"miss","event":"story_request","requested":"UA219","fresh":true,"durationMs":162,"outcome":"ok","errorCategory":null}
[aeroapi] key unavailable; using public feed
{"event":"fr24_upstream_request","timestamp":"2026-10-04T01:09:33.893Z","callsign":null,"registration":null,"endpoint":"/live/flight-positions/full","cache":"miss"}
{"event":"fr24_flight_number_match","requested":"UAL219","flightNumber":"UA219","flightId":"fixture-fr24-219","callsign":"UAL219"}
[departure-telemetry] {
  callsignRequested: 'UA219',
  flightInstance: 'leg:v1:UAL219|2026-10-02|ORD|HNL',
  currentStage: 'taxi',
  pushLatched: true,
  taxiOutLatched: true,
  pushTimestamp: 1790952850,
  pushTimestampSource: 'live_detected',
  firstDepartureMovement: false,
  rawTaxiHint: false,
  stageTaxiHint: false,
  taxiThresholdKt: 6,
  parkedObservedSec: 0,
  stationaryAtStand: false,
  awayFromPassengerGateArea: false,
  providerGateOut: { scheduled: 1790952900, estimated: null, actual: null },
  providerGateOutPublic: { scheduled: 1790952900, estimated: null, actual: null },
  groundspeedKt: 0,
  onGround: true,
  distanceFromParkedNm: null,
  positionAgeSec: 0,
  positionSource: 'fr24'
}
[push-evidence] {"callsignRequested":"UA219","flightInstance":"leg:v1:UAL219|2026-10-02|ORD|HNL","flightaware":{"flightId":"UAL219-1790952900-schedule-0001","publicGateOut":{"scheduled":1790952900,"estimated":null,"actual":null},"aeroApiOut":null,"firstTrackMovement":null},"fr24":{"flightId":"fixture-fr24-219","status":"ACTIVE","firstTrackMovement":null,"summaryOut":{"scheduled":null,"estimated":null,"actual":null}},"adsb":{"firstTrackMovement":null,"positionAgeSec":0,"groundspeedKt":0,"distanceFromParkedNm":null},"inbound":{"parkedPosition":null,"selectedPush":null,"pushLatch":{"unix":1790952850,"source":"live_detected","live":true,"at":1790952860},"taxiOutLatch":{"at":1790952860},"finalPushUnix":1790952850,"finalPushSource":"live_detected","phaseStatePersistenceOnLoad":"ok"}}
[story-request] {"scheduleSource":"flightaware_public","fallbackOutcome":"not_needed","cacheStatus":"miss","event":"story_request","requested":"UA219","fresh":true,"durationMs":181,"outcome":"ok","errorCategory":null}
✔ fixture audit and FR24-only push/taxi survive actual cold story instances and schedule promotion (7699.591217ms)
[aeroapi] key unavailable; using public feed
[schedule-fallback-unavailable] {
  callsign: 'SWA1111',
  reason: 'Current flight route unavailable: schedule provider returned HTTP 402 (unidentified response; host=www.flightaware.com; server=absent; type=absent; bodyChars=0; branding=unidentifi'
}
[departure-telemetry] {
  callsignRequested: 'WN1111',
  flightInstance: 'resume:2a424f50fad660b543b70d0f337977ea7663b622f2feb64372fcfa140b93ab3f:leg:v1:SWA1111|2026-09-13|MDW|MSP',
  currentStage: 'origin_gate',
  pushLatched: false,
  taxiOutLatched: false,
  pushTimestamp: null,
  pushTimestampSource: null,
  firstDepartureMovement: false,
  rawTaxiHint: false,
  stageTaxiHint: false,
  taxiThresholdKt: 6,
  parkedObservedSec: 0,
  stationaryAtStand: true,
  awayFromPassengerGateArea: false,
  providerGateOut: { scheduled: 1789318200, estimated: null, actual: null },
  providerGateOutPublic: { scheduled: 1789318200, estimated: null, actual: null },
  groundspeedKt: 0,
  onGround: true,
  distanceFromParkedNm: 0,
  positionAgeSec: 1,
  positionSource: 'adsb'
}
[push-evidence] {"callsignRequested":"WN1111","flightInstance":"resume:2a424f50fad660b543b70d0f337977ea7663b622f2feb64372fcfa140b93ab3f:leg:v1:SWA1111|2026-09-13|MDW|MSP","flightaware":{"flightId":null,"publicGateOut":{"scheduled":1789318200,"estimated":null,"actual":null},"aeroApiOut":null,"firstTrackMovement":null},"fr24":{"flightId":null,"status":"DISABLED","firstTrackMovement":null,"summaryOut":null},"adsb":{"firstTrackMovement":null,"positionAgeSec":1,"groundspeedKt":0,"distanceFromParkedNm":0},"inbound":{"parkedPosition":{"lat":41.787,"lon":-87.752,"at":1789318800000},"selectedPush":null,"pushLatch":null,"taxiOutLatch":null,"finalPushUnix":null,"finalPushSource":null,"phaseStatePersistenceOnLoad":"ok"}}
[flight-telemetry] {
  callsignRequested: 'WN1111',
  callsign: 'SWA1111',
  registration: 'N12345',
  hex: 'a12345',
  destination: { iata: 'MSP', icao: 'KMSP', lat: 44.8848, lon: -93.2223 },
  livePosition: { lat: 41.787, lon: -87.752 },
  altitudeFt: 0,
  groundspeedKt: 0,
  onGround: true,
  track: 310,
  verticalRateFpm: null,
  phase: 'parked',
  headingToDestinationDelta: null,
  isFinalApproach: false,
  routeRemainingNm: 302.638444110557,
  directToDestNm: null,
  remainingNm: 302.638444110557,
  etaMin: 60,
  currentStage: 'origin_gate',
  arrivalStatus: 'airborne',
  ourLanded: false,
  positionProvider: 'adsb',
  positionSeenAt: 1789318799,
  positionAgeSec: 1,
  flightawarePosition: null,
  fr24Position: null,
  adsbPosition: {
    provider: 'adsb',
    flightId: null,
    callsign: 'SWA1111',
    lat: 41.787,
    lon: -87.752,
    altFt: 0,
    vertFpm: null,
    gsKt: 0,
    track: 310,
    onGround: true,
    seenAt: 1789318799,
    registration: 'N12345',
    type: 'B738',
    hex: 'a12345',
    confidence: 'high'
  },
  providerStatus: { flightaware: 'DISABLED', fr24: 'DISABLED' },
  providerEta: { flightaware: null, fr24: null },
  providerDistancesNm: {
    flightawareToFr24: null,
    flightawareToAdsb: null,
    fr24ToAdsb: null
  },
  fusionDisagreementNm: null,
  filedRouteDeviationNm: 0.010476603989354029,
  displayPathSource: 'direct'
}
[story-request] {"scheduleSource":"saved_resume","fallbackOutcome":"resume_used","cacheStatus":"miss","event":"story_request","requested":"WN1111","fresh":true,"durationMs":88,"outcome":"ok","errorCategory":null}
[schedule-fallback-unavailable] {
  callsign: 'SWA1111',
  reason: 'Current flight route unavailable: schedule provider returned HTTP 402 (unidentified response; host=www.flightaware.com; server=absent; type=absent; bodyChars=0; branding=unidentifi'
}
[departure-telemetry] {
  callsignRequested: 'WN1111',
  flightInstance: 'resume:1bd10b93d2024925cd5e606e83ff29dc99899e58a2568d1d2d6d6f5c998a1afe:leg:v1:SWA1111|2026-09-13|MDW|MSP',
  currentStage: 'push',
  pushLatched: true,
  taxiOutLatched: false,
  pushTimestamp: 1789318810,
  pushTimestampSource: 'live_detected',
  firstDepartureMovement: true,
  rawTaxiHint: true,
  stageTaxiHint: false,
  taxiThresholdKt: 6,
  parkedObservedSec: 0,
  stationaryAtStand: false,
  awayFromPassengerGateArea: false,
  providerGateOut: { scheduled: 1789318200, estimated: null, actual: null },
  providerGateOutPublic: { scheduled: 1789318200, estimated: null, actual: null },
  groundspeedKt: 10,
  onGround: true,
  distanceFromParkedNm: null,
  positionAgeSec: 1,
  positionSource: 'adsb'
}
[push-evidence] {"callsignRequested":"WN1111","flightInstance":"resume:1bd10b93d2024925cd5e606e83ff29dc99899e58a2568d1d2d6d6f5c998a1afe:leg:v1:SWA1111|2026-09-13|MDW|MSP","flightaware":{"flightId":null,"publicGateOut":{"scheduled":1789318200,"estimated":null,"actual":null},"aeroApiOut":null,"firstTrackMovement":null},"fr24":{"flightId":null,"status":"DISABLED","firstTrackMovement":null,"summaryOut":null},"adsb":{"firstTrackMovement":null,"positionAgeSec":1,"groundspeedKt":10,"distanceFromParkedNm":null},"inbound":{"parkedPosition":null,"selectedPush":null,"pushLatch":{"unix":1789318810,"source":"live_detected","live":true,"at":1789318810},"taxiOutLatch":null,"finalPushUnix":1789318810,"finalPushSource":"live_detected","phaseStatePersistenceOnLoad":"ok"}}
[flight-telemetry] {
  callsignRequested: 'WN1111',
  callsign: 'SWA1111',
  registration: 'N12345',
  hex: 'a12345',
  destination: { iata: 'MSP', icao: 'KMSP', lat: 44.8848, lon: -93.2223 },
  livePosition: { lat: 41.788, lon: -87.751 },
  altitudeFt: 0,
  groundspeedKt: 10,
  onGround: true,
  track: 310,
  verticalRateFpm: null,
  phase: 'taxi',
  headingToDestinationDelta: null,
  isFinalApproach: false,
  routeRemainingNm: 302.638444110557,
  directToDestNm: null,
  remainingNm: 302.638444110557,
  etaMin: 59.833333333333336,
  currentStage: 'push',
  arrivalStatus: 'airborne',
  ourLanded: false,
  positionProvider: 'adsb',
  positionSeenAt: 1789318809,
  positionAgeSec: 1,
  flightawarePosition: null,
  fr24Position: null,
  adsbPosition: {
    provider: 'adsb',
    flightId: null,
    callsign: 'SWA1111',
    lat: 41.788,
    lon: -87.751,
    altFt: 0,
    vertFpm: null,
    gsKt: 10,
    track: 310,
    onGround: true,
    seenAt: 1789318809,
    registration: 'N12345',
    type: 'B738',
    hex: 'a12345',
    confidence: 'high'
  },
  providerStatus: { flightaware: 'DISABLED', fr24: 'DISABLED' },
  providerEta: { flightaware: null, fr24: null },
  providerDistancesNm: {
    flightawareToFr24: null,
    flightawareToAdsb: null,
    fr24ToAdsb: null
  },
  fusionDisagreementNm: null,
  filedRouteDeviationNm: 0.06285807019502178,
  displayPathSource: 'direct'
}
[story-request] {"scheduleSource":"saved_resume","fallbackOutcome":"resume_used","cacheStatus":"miss","event":"story_request","requested":"WN1111","fresh":true,"durationMs":24,"outcome":"ok","errorCategory":null}
[schedule-fallback-unavailable] {
  callsign: 'SWA1111',
  reason: 'Current flight route unavailable: schedule provider returned HTTP 402 (unidentified response; host=www.flightaware.com; server=absent; type=absent; bodyChars=0; branding=unidentifi'
}
[departure-telemetry] {
  callsignRequested: 'WN1111',
  flightInstance: 'resume:f17bc3c25a1843ad7113cc8fdf5f59f4d7f1a75aac43be99e7732bf42863c371:leg:v1:SWA1111|2026-09-13|MDW|MSP',
  currentStage: 'taxi',
  pushLatched: true,
  taxiOutLatched: true,
  pushTimestamp: 1789318810,
  pushTimestampSource: 'live_detected',
  firstDepartureMovement: false,
  rawTaxiHint: true,
  stageTaxiHint: true,
  taxiThresholdKt: 6,
  parkedObservedSec: 0,
  stationaryAtStand: false,
  awayFromPassengerGateArea: false,
  providerGateOut: { scheduled: 1789318200, estimated: null, actual: null },
  providerGateOutPublic: { scheduled: 1789318200, estimated: null, actual: null },
  groundspeedKt: 10,
  onGround: true,
  distanceFromParkedNm: null,
  positionAgeSec: 1,
  positionSource: 'adsb'
}
[push-evidence] {"callsignRequested":"WN1111","flightInstance":"resume:f17bc3c25a1843ad7113cc8fdf5f59f4d7f1a75aac43be99e7732bf42863c371:leg:v1:SWA1111|2026-09-13|MDW|MSP","flightaware":{"flightId":null,"publicGateOut":{"scheduled":1789318200,"estimated":null,"actual":null},"aeroApiOut":null,"firstTrackMovement":null},"fr24":{"flightId":null,"status":"DISABLED","firstTrackMovement":null,"summaryOut":null},"adsb":{"firstTrackMovement":null,"positionAgeSec":1,"groundspeedKt":10,"distanceFromParkedNm":null},"inbound":{"parkedPosition":null,"selectedPush":null,"pushLatch":{"unix":1789318810,"source":"live_detected","live":true,"at":1789318820},"taxiOutLatch":{"at":1789318820},"finalPushUnix":1789318810,"finalPushSource":"live_detected","phaseStatePersistenceOnLoad":"ok"}}
[flight-telemetry] {
  callsignRequested: 'WN1111',
  callsign: 'SWA1111',
  registration: 'N12345',
  hex: 'a12345',
  destination: { iata: 'MSP', icao: 'KMSP', lat: 44.8848, lon: -93.2223 },
  livePosition: { lat: 41.789, lon: -87.75 },
  altitudeFt: 0,
  groundspeedKt: 10,
  onGround: true,
  track: 310,
  verticalRateFpm: null,
  phase: 'taxi',
  headingToDestinationDelta: null,
  isFinalApproach: false,
  routeRemainingNm: 302.638444110557,
  directToDestNm: null,
  remainingNm: 302.638444110557,
  etaMin: 59.666666666666664,
  currentStage: 'taxi',
  arrivalStatus: 'airborne',
  ourLanded: false,
  positionProvider: 'adsb',
  positionSeenAt: 1789318819,
  positionAgeSec: 1,
  flightawarePosition: null,
  fr24Position: null,
  adsbPosition: {
    provider: 'adsb',
    flightId: null,
    callsign: 'SWA1111',
    lat: 41.789,
    lon: -87.75,
    altFt: 0,
    vertFpm: null,
    gsKt: 10,
    track: 310,
    onGround: true,
    seenAt: 1789318819,
    registration: 'N12345',
    type: 'B738',
    hex: 'a12345',
    confidence: 'high'
  },
  providerStatus: { flightaware: 'DISABLED', fr24: 'DISABLED' },
  providerEta: { flightaware: null, fr24: null },
  providerDistancesNm: {
    flightawareToFr24: null,
    flightawareToAdsb: null,
    fr24ToAdsb: null
  },
  fusionDisagreementNm: null,
  filedRouteDeviationNm: 0.11523694351685479,
  displayPathSource: 'direct'
}
[story-request] {"scheduleSource":"saved_resume","fallbackOutcome":"resume_used","cacheStatus":"miss","event":"story_request","requested":"WN1111","fresh":true,"durationMs":28,"outcome":"ok","errorCategory":null}
[schedule-fallback-unavailable] {
  callsign: 'SWA1111',
  reason: 'Current flight route unavailable: schedule provider returned HTTP 402 (unidentified response; host=www.flightaware.com; server=absent; type=absent; bodyChars=0; branding=unidentifi'
}
[flight-telemetry] {
  callsignRequested: 'WN1111',
  callsign: 'SWA1111',
  registration: 'N12345',
  hex: 'a12345',
  destination: { iata: 'MSP', icao: 'KMSP', lat: 44.8848, lon: -93.2223 },
  livePosition: { lat: 42.2, lon: -88.3 },
  altitudeFt: 12000,
  groundspeedKt: 300,
  onGround: false,
  track: 310,
  verticalRateFpm: 1500,
  phase: 'climb',
  headingToDestinationDelta: 1.362760470542753,
  isFinalApproach: false,
  routeRemainingNm: 268.32381943276533,
  directToDestNm: 268.014789316454,
  remainingNm: 268.32381943276533,
  etaMin: 56.666666666666664,
  currentStage: 'ride',
  arrivalStatus: 'airborne',
  ourLanded: false,
  positionProvider: 'adsb',
  positionSeenAt: 1789318999,
  positionAgeSec: 1,
  flightawarePosition: null,
  fr24Position: null,
  adsbPosition: {
    provider: 'adsb',
    flightId: null,
    callsign: 'SWA1111',
    lat: 42.2,
    lon: -88.3,
    altFt: 12000,
    vertFpm: 1500,
    gsKt: 300,
    track: 310,
    onGround: false,
    seenAt: 1789318999,
    registration: 'N12345',
    type: 'B738',
    hex: 'a12345',
    confidence: 'high'
  },
  providerStatus: { flightaware: 'DISABLED', fr24: 'DISABLED' },
  providerEta: { flightaware: null, fr24: null },
  providerDistancesNm: {
    flightawareToFr24: null,
    flightawareToAdsb: null,
    fr24ToAdsb: null
  },
  fusionDisagreementNm: null,
  filedRouteDeviationNm: 3.626107118572527,
  displayPathSource: 'direct'
}
[story-request] {"scheduleSource":"saved_resume","fallbackOutcome":"resume_used","cacheStatus":"miss","event":"story_request","requested":"WN1111","fresh":true,"durationMs":40,"outcome":"ok","errorCategory":null}
[aeroapi] key unavailable; using public feed
[schedule-fallback-unavailable] {
  callsign: 'SWA1111',
  reason: 'Current flight route unavailable: schedule provider returned HTTP 402 (unidentified response; host=www.flightaware.com; server=absent; type=absent; bodyChars=0; branding=unidentifi'
}
[story-request] {"scheduleSource":"unavailable","fallbackOutcome":"flightstats_unavailable","cacheStatus":"miss","event":"story_request","requested":"WN1111","fresh":false,"durationMs":13,"outcome":"error","errorCategory":"source_unavailable"}
[aeroapi] key unavailable; using public feed
[schedule-fallback-unavailable] {
  callsign: 'SWA1112',
  reason: 'Current flight route unavailable: schedule provider returned HTTP 402 (unidentified response; host=www.flightaware.com; server=absent; type=absent; bodyChars=0; branding=unidentifi'
}
[story-request] {"scheduleSource":"unavailable","fallbackOutcome":"flightstats_unavailable","cacheStatus":"miss","event":"story_request","requested":"WN1112","fresh":false,"durationMs":15,"outcome":"error","errorCategory":"source_unavailable"}
[schedule-fallback-unavailable] {
  callsign: 'SWA1111',
  reason: 'Current flight route unavailable: schedule provider returned HTTP 402 (unidentified response; host=www.flightaware.com; server=absent; type=absent; bodyChars=0; branding=unidentifi'
}
[story-request] {"scheduleSource":"unavailable","fallbackOutcome":"flightstats_unavailable","cacheStatus":"miss","event":"story_request","requested":"WN1111","fresh":false,"durationMs":7,"outcome":"error","errorCategory":"source_unavailable"}
[story-request] {"scheduleSource":"unavailable","fallbackOutcome":"flightstats_unavailable","cacheStatus":"miss","event":"story_request","requested":"WN1111","fresh":false,"durationMs":1,"outcome":"error","errorCategory":"source_unavailable"}
[schedule-fallback-unavailable] {
  callsign: 'SWA1111',
  reason: 'Current flight route unavailable: schedule provider returned HTTP 402 (unidentified response; host=www.flightaware.com; server=absent; type=absent; bodyChars=0; branding=unidentifi'
}
[aeroapi] key unavailable; using public feed
[schedule-fallback-unavailable] {
  callsign: 'SWA1111',
  reason: 'Current flight route unavailable: schedule provider returned HTTP 402 (unidentified response; host=www.flightaware.com; server=absent; type=absent; bodyChars=0; branding=unidentifi'
}
[story-request] {"scheduleSource":"saved_resume","fallbackOutcome":"resume_used","cacheStatus":"miss","event":"story_request","requested":"WN1111","fresh":false,"durationMs":36,"outcome":"error","errorCategory":"source_unavailable"}
[aeroapi] key unavailable; using public feed
[schedule-fallback-unavailable] {
  callsign: 'SWA1111',
  reason: 'Current flight route unavailable: schedule provider returned HTTP 402 (unidentified response; host=www.flightaware.com; server=absent; type=absent; bodyChars=0; branding=unidentifi'
}
[departure-telemetry] {
  callsignRequested: 'WN1111',
  flightInstance: 'resume:436b0ebd91afd490adfa1d4ab98fd79b4d82354e9614bb79d064259865a4889b:leg:v1:SWA1111|2026-09-13|MDW|MSP',
  currentStage: 'push',
  pushLatched: true,
  taxiOutLatched: false,
  pushTimestamp: 1789318710,
  pushTimestampSource: 'provider_actual',
  firstDepartureMovement: false,
  rawTaxiHint: false,
  stageTaxiHint: false,
  taxiThresholdKt: 6,
  parkedObservedSec: 0,
  stationaryAtStand: false,
  awayFromPassengerGateArea: false,
  providerGateOut: { scheduled: 1789318200, estimated: null, actual: 1789318710 },
  providerGateOutPublic: { scheduled: 1789318200, estimated: null, actual: 1789318710 },
  groundspeedKt: 0,
  onGround: true,
  distanceFromParkedNm: null,
  positionAgeSec: 1,
  positionSource: 'adsb'
}
[push-evidence] {"callsignRequested":"WN1111","flightInstance":"resume:436b0ebd91afd490adfa1d4ab98fd79b4d82354e9614bb79d064259865a4889b:leg:v1:SWA1111|2026-09-13|MDW|MSP","flightaware":{"flightId":null,"publicGateOut":{"scheduled":1789318200,"estimated":null,"actual":1789318710},"aeroApiOut":null,"firstTrackMovement":null},"fr24":{"flightId":null,"status":"DISABLED","firstTrackMovement":null,"summaryOut":null},"adsb":{"firstTrackMovement":null,"positionAgeSec":1,"groundspeedKt":0,"distanceFromParkedNm":null},"inbound":{"parkedPosition":null,"selectedPush":{"unix":1789318710,"source":"provider_actual","evidence":null},"pushLatch":{"unix":1789318710,"source":"provider_actual","live":true,"at":1789318800},"taxiOutLatch":null,"finalPushUnix":1789318710,"finalPushSource":"provider_actual","phaseStatePersistenceOnLoad":"ok"}}
[flight-telemetry] {
  callsignRequested: 'WN1111',
  callsign: 'SWA1111',
  registration: 'N12345',
  hex: 'a12345',
  destination: { iata: 'MSP', icao: 'KMSP', lat: 44.8848, lon: -93.2223 },
  livePosition: { lat: 41.787, lon: -87.752 },
  altitudeFt: 0,
  groundspeedKt: 0,
  onGround: true,
  track: 310,
  verticalRateFpm: null,
  phase: 'parked',
  headingToDestinationDelta: null,
  isFinalApproach: false,
  routeRemainingNm: 302.638444110557,
  directToDestNm: null,
  remainingNm: 302.638444110557,
  etaMin: 60,
  currentStage: 'push',
  arrivalStatus: 'airborne',
  ourLanded: false,
  positionProvider: 'adsb',
  positionSeenAt: 1789318799,
  positionAgeSec: 1,
  flightawarePosition: null,
  fr24Position: null,
  adsbPosition: {
    provider: 'adsb',
    flightId: null,
    callsign: 'SWA1111',
    lat: 41.787,
    lon: -87.752,
    altFt: 0,
    vertFpm: null,
    gsKt: 0,
    track: 310,
    onGround: true,
    seenAt: 1789318799,
    registration: 'N12345',
    type: 'B738',
    hex: 'a12345',
    confidence: 'high'
  },
  providerStatus: { flightaware: 'DISABLED', fr24: 'DISABLED' },
  providerEta: { flightaware: null, fr24: null },
  providerDistancesNm: {
    flightawareToFr24: null,
    flightawareToAdsb: null,
    fr24ToAdsb: null
  },
  fusionDisagreementNm: null,
  filedRouteDeviationNm: 0.010476603989354029,
  displayPathSource: 'direct'
}
[story-request] {"scheduleSource":"saved_resume","fallbackOutcome":"resume_used","cacheStatus":"miss","event":"story_request","requested":"WN1111","fresh":false,"durationMs":73,"outcome":"ok","errorCategory":null}
[schedule-fallback-unavailable] {
  callsign: 'SWA1111',
  reason: 'Current flight route unavailable: schedule provider returned HTTP 402 (unidentified response; host=www.flightaware.com; server=absent; type=absent; bodyChars=0; branding=unidentifi'
}
[story-request] {"scheduleSource":"unavailable","fallbackOutcome":"flightstats_unavailable","cacheStatus":"miss","event":"story_request","requested":"WN1111","fresh":false,"durationMs":1,"outcome":"error","errorCategory":"source_unavailable"}
[departure-telemetry] {
  callsignRequested: 'WN1111',
  flightInstance: 'leg:v1:SWA1111|2026-09-13|MDW|MSP',
  currentStage: 'origin_gate',
  pushLatched: false,
  taxiOutLatched: false,
  pushTimestamp: null,
  pushTimestampSource: null,
  firstDepartureMovement: false,
  rawTaxiHint: false,
  stageTaxiHint: false,
  taxiThresholdKt: 6,
  parkedObservedSec: 0,
  stationaryAtStand: true,
  awayFromPassengerGateArea: false,
  providerGateOut: { scheduled: 1789318261, estimated: null, actual: null },
  providerGateOutPublic: { scheduled: 1789318261, estimated: null, actual: null },
  groundspeedKt: 0,
  onGround: true,
  distanceFromParkedNm: 0,
  positionAgeSec: 1,
  positionSource: 'adsb'
}
[push-evidence] {"callsignRequested":"WN1111","flightInstance":"leg:v1:SWA1111|2026-09-13|MDW|MSP","flightaware":{"flightId":null,"publicGateOut":{"scheduled":1789318261,"estimated":null,"actual":null},"aeroApiOut":null,"firstTrackMovement":null},"fr24":{"flightId":null,"status":"DISABLED","firstTrackMovement":null,"summaryOut":null},"adsb":{"firstTrackMovement":null,"positionAgeSec":1,"groundspeedKt":0,"distanceFromParkedNm":0},"inbound":{"parkedPosition":{"lat":41.787,"lon":-87.752,"at":1789318861000},"selectedPush":null,"pushLatch":null,"taxiOutLatch":null,"finalPushUnix":null,"finalPushSource":null,"phaseStatePersistenceOnLoad":"ok"}}
[flight-telemetry] {
  callsignRequested: 'WN1111',
  callsign: 'SWA1111',
  registration: 'N12345',
  hex: 'a12345',
  destination: { iata: 'MSP', icao: 'KMSP', lat: 44.8848, lon: -93.2223 },
  livePosition: { lat: 41.787, lon: -87.752 },
  altitudeFt: 0,
  groundspeedKt: 0,
  onGround: true,
  track: 310,
  verticalRateFpm: null,
  phase: 'parked',
  headingToDestinationDelta: null,
  isFinalApproach: false,
  routeRemainingNm: 302.638444110557,
  directToDestNm: null,
  remainingNm: 302.638444110557,
  etaMin: 60,
  currentStage: 'origin_gate',
  arrivalStatus: 'airborne',
  ourLanded: false,
  positionProvider: 'adsb',
  positionSeenAt: 1789318860,
  positionAgeSec: 1,
  flightawarePosition: null,
  fr24Position: null,
  adsbPosition: {
    provider: 'adsb',
    flightId: null,
    callsign: 'SWA1111',
    lat: 41.787,
    lon: -87.752,
    altFt: 0,
    vertFpm: null,
    gsKt: 0,
    track: 310,
    onGround: true,
    seenAt: 1789318860,
    registration: 'N12345',
    type: 'B738',
    hex: 'a12345',
    confidence: 'high'
  },
  providerStatus: { flightaware: 'DISABLED', fr24: 'DISABLED' },
  providerEta: { flightaware: null, fr24: null },
  providerDistancesNm: {
    flightawareToFr24: null,
    flightawareToAdsb: null,
    fr24ToAdsb: null
  },
  fusionDisagreementNm: null,
  filedRouteDeviationNm: 0.010476603989354029,
  displayPathSource: 'direct'
}
[story-request] {"scheduleSource":"flightaware_public","fallbackOutcome":"not_needed","cacheStatus":"miss","event":"story_request","requested":"WN1111","fresh":true,"durationMs":40,"outcome":"ok","errorCategory":null}
[schedule-fallback-unavailable] {
  callsign: 'SWA1111',
  reason: 'Current flight route unavailable: schedule provider returned HTTP 402 (unidentified response; host=www.flightaware.com; server=absent; type=absent; bodyChars=0; branding=unidentifi'
}
[departure-telemetry] {
  callsignRequested: 'WN1111',
  flightInstance: 'resume:8bca2e042f40ea199b0cb9fd6917f6caac112c46af82eb018983bfda53ce452d:leg:v1:SWA1111|2026-09-13|MDW|MSP',
  currentStage: 'origin_gate',
  pushLatched: false,
  taxiOutLatched: false,
  pushTimestamp: null,
  pushTimestampSource: null,
  firstDepartureMovement: false,
  rawTaxiHint: false,
  stageTaxiHint: false,
  taxiThresholdKt: 6,
  parkedObservedSec: 0,
  stationaryAtStand: true,
  awayFromPassengerGateArea: false,
  providerGateOut: { scheduled: 1789318261, estimated: null, actual: null },
  providerGateOutPublic: { scheduled: 1789318261, estimated: null, actual: null },
  groundspeedKt: 0,
  onGround: true,
  distanceFromParkedNm: 0,
  positionAgeSec: 1,
  positionSource: 'adsb'
}
[push-evidence] {"callsignRequested":"WN1111","flightInstance":"resume:8bca2e042f40ea199b0cb9fd6917f6caac112c46af82eb018983bfda53ce452d:leg:v1:SWA1111|2026-09-13|MDW|MSP","flightaware":{"flightId":null,"publicGateOut":{"scheduled":1789318261,"estimated":null,"actual":null},"aeroApiOut":null,"firstTrackMovement":null},"fr24":{"flightId":null,"status":"DISABLED","firstTrackMovement":null,"summaryOut":null},"adsb":{"firstTrackMovement":null,"positionAgeSec":1,"groundspeedKt":0,"distanceFromParkedNm":0},"inbound":{"parkedPosition":{"lat":41.787,"lon":-87.752,"at":1789318871000},"selectedPush":null,"pushLatch":null,"taxiOutLatch":null,"finalPushUnix":null,"finalPushSource":null,"phaseStatePersistenceOnLoad":"ok"}}
[flight-telemetry] {
  callsignRequested: 'WN1111',
  callsign: 'SWA1111',
  registration: 'N12345',
  hex: 'a12345',
  destination: { iata: 'MSP', icao: 'KMSP', lat: 44.8848, lon: -93.2223 },
  livePosition: { lat: 41.787, lon: -87.752 },
  altitudeFt: 0,
  groundspeedKt: 0,
  onGround: true,
  track: 310,
  verticalRateFpm: null,
  phase: 'parked',
  headingToDestinationDelta: null,
  isFinalApproach: false,
  routeRemainingNm: 302.638444110557,
  directToDestNm: null,
  remainingNm: 302.638444110557,
  etaMin: 59.833333333333336,
  currentStage: 'origin_gate',
  arrivalStatus: 'airborne',
  ourLanded: false,
  positionProvider: 'adsb',
  positionSeenAt: 1789318870,
  positionAgeSec: 1,
  flightawarePosition: null,
  fr24Position: null,
  adsbPosition: {
    provider: 'adsb',
    flightId: null,
    callsign: 'SWA1111',
    lat: 41.787,
    lon: -87.752,
    altFt: 0,
    vertFpm: null,
    gsKt: 0,
    track: 310,
    onGround: true,
    seenAt: 1789318870,
    registration: 'N12345',
    type: 'B738',
    hex: 'a12345',
    confidence: 'high'
  },
  providerStatus: { flightaware: 'DISABLED', fr24: 'DISABLED' },
  providerEta: { flightaware: null, fr24: null },
  providerDistancesNm: {
    flightawareToFr24: null,
    flightawareToAdsb: null,
    fr24ToAdsb: null
  },
  fusionDisagreementNm: null,
  filedRouteDeviationNm: 0.010476603989354029,
  displayPathSource: 'direct'
}
[story-request] {"scheduleSource":"saved_resume","fallbackOutcome":"resume_used","cacheStatus":"miss","event":"story_request","requested":"WN1111","fresh":true,"durationMs":14,"outcome":"ok","errorCategory":null}
[aeroapi] key unavailable; using public feed
[schedule-fallback-unavailable] {
  callsign: 'SWA1111',
  reason: 'Current flight route unavailable: schedule provider returned HTTP 402 (unidentified response; host=www.flightaware.com; server=absent; type=absent; bodyChars=0; branding=unidentifi'
}
[departure-telemetry] {
  callsignRequested: 'WN1111',
  flightInstance: 'resume:2a424f50fad660b543b70d0f337977ea7663b622f2feb64372fcfa140b93ab3f:leg:v1:SWA1111|2026-09-13|MDW|MSP',
  currentStage: 'origin_gate',
  pushLatched: false,
  taxiOutLatched: false,
  pushTimestamp: null,
  pushTimestampSource: null,
  firstDepartureMovement: false,
  rawTaxiHint: false,
  stageTaxiHint: false,
  taxiThresholdKt: 6,
  parkedObservedSec: 0,
  stationaryAtStand: true,
  awayFromPassengerGateArea: false,
  providerGateOut: { scheduled: 1789318200, estimated: null, actual: null },
  providerGateOutPublic: { scheduled: 1789318200, estimated: null, actual: null },
  groundspeedKt: 0,
  onGround: true,
  distanceFromParkedNm: 0,
  positionAgeSec: 1,
  positionSource: 'adsb'
}
[push-evidence] {"callsignRequested":"WN1111","flightInstance":"resume:2a424f50fad660b543b70d0f337977ea7663b622f2feb64372fcfa140b93ab3f:leg:v1:SWA1111|2026-09-13|MDW|MSP","flightaware":{"flightId":null,"publicGateOut":{"scheduled":1789318200,"estimated":null,"actual":null},"aeroApiOut":null,"firstTrackMovement":null},"fr24":{"flightId":null,"status":"DISABLED","firstTrackMovement":null,"summaryOut":null},"adsb":{"firstTrackMovement":null,"positionAgeSec":1,"groundspeedKt":0,"distanceFromParkedNm":0},"inbound":{"parkedPosition":{"lat":41.787,"lon":-87.752,"at":1789318800000},"selectedPush":null,"pushLatch":null,"taxiOutLatch":null,"finalPushUnix":null,"finalPushSource":null,"phaseStatePersistenceOnLoad":"ok"}}
[flight-telemetry] {
  callsignRequested: 'WN1111',
  callsign: 'SWA1111',
  registration: 'N12345',
  hex: 'a12345',
  destination: { iata: 'MSP', icao: 'KMSP', lat: 44.8848, lon: -93.2223 },
  livePosition: { lat: 41.787, lon: -87.752 },
  altitudeFt: 0,
  groundspeedKt: 0,
  onGround: true,
  track: 310,
  verticalRateFpm: null,
  phase: 'parked',
  headingToDestinationDelta: null,
  isFinalApproach: false,
  routeRemainingNm: 302.638444110557,
  directToDestNm: null,
  remainingNm: 302.638444110557,
  etaMin: 60,
  currentStage: 'origin_gate',
  arrivalStatus: 'airborne',
  ourLanded: false,
  positionProvider: 'adsb',
  positionSeenAt: 1789318799,
  positionAgeSec: 1,
  flightawarePosition: null,
  fr24Position: null,
  adsbPosition: {
    provider: 'adsb',
    flightId: null,
    callsign: 'SWA1111',
    lat: 41.787,
    lon: -87.752,
    altFt: 0,
    vertFpm: null,
    gsKt: 0,
    track: 310,
    onGround: true,
    seenAt: 1789318799,
    registration: 'N12345',
    type: 'B738',
    hex: 'a12345',
    confidence: 'high'
  },
  providerStatus: { flightaware: 'DISABLED', fr24: 'DISABLED' },
  providerEta: { flightaware: null, fr24: null },
  providerDistancesNm: {
    flightawareToFr24: null,
    flightawareToAdsb: null,
    fr24ToAdsb: null
  },
  fusionDisagreementNm: null,
  filedRouteDeviationNm: 0.010476603989354029,
  displayPathSource: 'direct'
}
[story-request] {"scheduleSource":"saved_resume","fallbackOutcome":"resume_used","cacheStatus":"miss","event":"story_request","requested":"WN1111","fresh":false,"durationMs":44,"outcome":"ok","errorCategory":null}
[schedule-fallback-unavailable] {
  callsign: 'SWA1111',
  reason: 'Current flight route unavailable: schedule provider returned HTTP 402 (unidentified response; host=www.flightaware.com; server=absent; type=absent; bodyChars=0; branding=unidentifi'
}
[departure-telemetry] {
  callsignRequested: 'WN1111',
  flightInstance: 'resume:983eb5e38a88536df6d2f908c61041908eafedbfd285105c0a9475692e5a2512:leg:v1:SWA1111|2026-09-13|MDW|DEN',
  currentStage: 'origin_gate',
  pushLatched: false,
  taxiOutLatched: false,
  pushTimestamp: null,
  pushTimestampSource: null,
  firstDepartureMovement: false,
  rawTaxiHint: false,
  stageTaxiHint: false,
  taxiThresholdKt: 6,
  parkedObservedSec: 0,
  stationaryAtStand: true,
  awayFromPassengerGateArea: false,
  providerGateOut: { scheduled: 1789318200, estimated: null, actual: null },
  providerGateOutPublic: { scheduled: 1789318200, estimated: null, actual: null },
  groundspeedKt: 0,
  onGround: true,
  distanceFromParkedNm: 0,
  positionAgeSec: 1,
  positionSource: 'adsb'
}
[push-evidence] {"callsignRequested":"WN1111","flightInstance":"resume:983eb5e38a88536df6d2f908c61041908eafedbfd285105c0a9475692e5a2512:leg:v1:SWA1111|2026-09-13|MDW|DEN","flightaware":{"flightId":null,"publicGateOut":{"scheduled":1789318200,"estimated":null,"actual":null},"aeroApiOut":null,"firstTrackMovement":null},"fr24":{"flightId":null,"status":"DISABLED","firstTrackMovement":null,"summaryOut":null},"adsb":{"firstTrackMovement":null,"positionAgeSec":1,"groundspeedKt":0,"distanceFromParkedNm":0},"inbound":{"parkedPosition":{"lat":41.787,"lon":-87.752,"at":1789318800000},"selectedPush":null,"pushLatch":null,"taxiOutLatch":null,"finalPushUnix":null,"finalPushSource":null,"phaseStatePersistenceOnLoad":"ok"}}
[flight-telemetry] {
  callsignRequested: 'WN1111',
  callsign: 'SWA1111',
  registration: 'N12345',
  hex: 'a12345',
  destination: { iata: 'DEN', icao: 'KDEN', lat: 39.8561, lon: -104.6737 },
  livePosition: { lat: 41.787, lon: -87.752 },
  altitudeFt: 0,
  groundspeedKt: 0,
  onGround: true,
  track: 310,
  verticalRateFpm: null,
  phase: 'parked',
  headingToDestinationDelta: null,
  isFinalApproach: false,
  routeRemainingNm: 776.2261821886912,
  directToDestNm: null,
  remainingNm: 776.2261821886912,
  etaMin: 60,
  currentStage: 'origin_gate',
  arrivalStatus: 'airborne',
  ourLanded: false,
  positionProvider: 'adsb',
  positionSeenAt: 1789318799,
  positionAgeSec: 1,
  flightawarePosition: null,
  fr24Position: null,
  adsbPosition: {
    provider: 'adsb',
    flightId: null,
    callsign: 'SWA1111',
    lat: 41.787,
    lon: -87.752,
    altFt: 0,
    vertFpm: null,
    gsKt: 0,
    track: 310,
    onGround: true,
    seenAt: 1789318799,
    registration: 'N12345',
    type: 'B738',
    hex: 'a12345',
    confidence: 'high'
  },
  providerStatus: { flightaware: 'DISABLED', fr24: 'DISABLED' },
  providerEta: { flightaware: null, fr24: null },
  providerDistancesNm: {
    flightawareToFr24: null,
    flightawareToAdsb: null,
    fr24ToAdsb: null
  },
  fusionDisagreementNm: null,
  filedRouteDeviationNm: 0.012660791569472116,
  displayPathSource: 'direct'
}
[story-request] {"scheduleSource":"saved_resume","fallbackOutcome":"resume_used","cacheStatus":"miss","event":"story_request","requested":"WN1111","fresh":false,"durationMs":13,"outcome":"ok","errorCategory":null}
[aeroapi] key unavailable; using public feed
[schedule-fallback-unavailable] {
  callsign: 'SWA1111',
  reason: 'Current flight route unavailable: schedule provider returned HTTP 402 (unidentified response; host=www.flightaware.com; server=absent; type=absent; bodyChars=0; branding=unidentifi'
}
[departure-telemetry] {
  callsignRequested: 'WN1111',
  flightInstance: 'resume:2a424f50fad660b543b70d0f337977ea7663b622f2feb64372fcfa140b93ab3f:leg:v1:SWA1111|2026-09-13|MDW|MSP',
  currentStage: 'origin_gate',
  pushLatched: false,
  taxiOutLatched: false,
  pushTimestamp: null,
  pushTimestampSource: null,
  firstDepartureMovement: false,
  rawTaxiHint: false,
  stageTaxiHint: false,
  taxiThresholdKt: 6,
  parkedObservedSec: 0,
  stationaryAtStand: true,
  awayFromPassengerGateArea: false,
  providerGateOut: { scheduled: 1789318200, estimated: null, actual: null },
  providerGateOutPublic: { scheduled: 1789318200, estimated: null, actual: null },
  groundspeedKt: 0,
  onGround: true,
  distanceFromParkedNm: 0,
  positionAgeSec: 1,
  positionSource: 'adsb'
}
[push-evidence] {"callsignRequested":"WN1111","flightInstance":"resume:2a424f50fad660b543b70d0f337977ea7663b622f2feb64372fcfa140b93ab3f:leg:v1:SWA1111|2026-09-13|MDW|MSP","flightaware":{"flightId":null,"publicGateOut":{"scheduled":1789318200,"estimated":null,"actual":null},"aeroApiOut":null,"firstTrackMovement":null},"fr24":{"flightId":null,"status":"DISABLED","firstTrackMovement":null,"summaryOut":null},"adsb":{"firstTrackMovement":null,"positionAgeSec":1,"groundspeedKt":0,"distanceFromParkedNm":0},"inbound":{"parkedPosition":{"lat":41.787,"lon":-87.752,"at":1789318800000},"selectedPush":null,"pushLatch":null,"taxiOutLatch":null,"finalPushUnix":null,"finalPushSource":null,"phaseStatePersistenceOnLoad":"ok"}}
[flight-telemetry] {
  callsignRequested: 'WN1111',
  callsign: 'SWA1111',
  registration: 'N12345',
  hex: 'a12345',
  destination: { iata: 'MSP', icao: 'KMSP', lat: 44.8848, lon: -93.2223 },
  livePosition: { lat: 41.787, lon: -87.752 },
  altitudeFt: 0,
  groundspeedKt: 0,
  onGround: true,
  track: 310,
  verticalRateFpm: null,
  phase: 'parked',
  headingToDestinationDelta: null,
  isFinalApproach: false,
  routeRemainingNm: 302.638444110557,
  directToDestNm: null,
  remainingNm: 302.638444110557,
  etaMin: 60,
  currentStage: 'origin_gate',
  arrivalStatus: 'airborne',
  ourLanded: false,
  positionProvider: 'adsb',
  positionSeenAt: 1789318799,
  positionAgeSec: 1,
  flightawarePosition: null,
  fr24Position: null,
  adsbPosition: {
    provider: 'adsb',
    flightId: null,
    callsign: 'SWA1111',
    lat: 41.787,
    lon: -87.752,
    altFt: 0,
    vertFpm: null,
    gsKt: 0,
    track: 310,
    onGround: true,
    seenAt: 1789318799,
    registration: 'N12345',
    type: 'B738',
    hex: 'a12345',
    confidence: 'high'
  },
  providerStatus: { flightaware: 'DISABLED', fr24: 'DISABLED' },
  providerEta: { flightaware: null, fr24: null },
  providerDistancesNm: {
    flightawareToFr24: null,
    flightawareToAdsb: null,
    fr24ToAdsb: null
  },
  fusionDisagreementNm: null,
  filedRouteDeviationNm: 0.010476603989354029,
  displayPathSource: 'direct'
}
[story-request] {"scheduleSource":"saved_resume","fallbackOutcome":"resume_used","cacheStatus":"miss","event":"story_request","requested":"WN1111","fresh":false,"durationMs":36,"outcome":"ok","errorCategory":null}
[schedule-fallback-unavailable] {
  callsign: 'SWA1111',
  reason: 'Current flight route unavailable: schedule provider returned HTTP 402 (unidentified response; host=www.flightaware.com; server=absent; type=absent; bodyChars=0; branding=unidentifi'
}
[departure-telemetry] {
  callsignRequested: 'WN1111',
  flightInstance: 'resume:1bd10b93d2024925cd5e606e83ff29dc99899e58a2568d1d2d6d6f5c998a1afe:leg:v1:SWA1111|2026-09-13|MDW|MSP',
  currentStage: 'origin_gate',
  pushLatched: false,
  taxiOutLatched: false,
  pushTimestamp: null,
  pushTimestampSource: null,
  firstDepartureMovement: false,
  rawTaxiHint: false,
  stageTaxiHint: false,
  taxiThresholdKt: 6,
  parkedObservedSec: 0,
  stationaryAtStand: true,
  awayFromPassengerGateArea: false,
  providerGateOut: { scheduled: 1789318200, estimated: null, actual: null },
  providerGateOutPublic: { scheduled: 1789318200, estimated: null, actual: null },
  groundspeedKt: 0,
  onGround: true,
  distanceFromParkedNm: 0,
  positionAgeSec: 1,
  positionSource: 'adsb'
}
[push-evidence] {"callsignRequested":"WN1111","flightInstance":"resume:1bd10b93d2024925cd5e606e83ff29dc99899e58a2568d1d2d6d6f5c998a1afe:leg:v1:SWA1111|2026-09-13|MDW|MSP","flightaware":{"flightId":null,"publicGateOut":{"scheduled":1789318200,"estimated":null,"actual":null},"aeroApiOut":null,"firstTrackMovement":null},"fr24":{"flightId":null,"status":"DISABLED","firstTrackMovement":null,"summaryOut":null},"adsb":{"firstTrackMovement":null,"positionAgeSec":1,"groundspeedKt":0,"distanceFromParkedNm":0},"inbound":{"parkedPosition":{"lat":41.787,"lon":-87.752,"at":1789322400000},"selectedPush":null,"pushLatch":null,"taxiOutLatch":null,"finalPushUnix":null,"finalPushSource":null,"phaseStatePersistenceOnLoad":"ok"}}
[flight-telemetry] {
  callsignRequested: 'WN1111',
  callsign: 'SWA1111',
  registration: 'N12345',
  hex: 'a12345',
  destination: { iata: 'MSP', icao: 'KMSP', lat: 44.8848, lon: -93.2223 },
  livePosition: { lat: 41.787, lon: -87.752 },
  altitudeFt: 0,
  groundspeedKt: 0,
  onGround: true,
  track: 310,
  verticalRateFpm: null,
  phase: 'parked',
  headingToDestinationDelta: null,
  isFinalApproach: false,
  routeRemainingNm: 302.638444110557,
  directToDestNm: null,
  remainingNm: 302.638444110557,
  etaMin: 43.23406344436528,
  currentStage: 'origin_gate',
  arrivalStatus: 'airborne',
  ourLanded: false,
  positionProvider: 'adsb',
  positionSeenAt: 1789322399,
  positionAgeSec: 1,
  flightawarePosition: null,
  fr24Position: null,
  adsbPosition: {
    provider: 'adsb',
    flightId: null,
    callsign: 'SWA1111',
    lat: 41.787,
    lon: -87.752,
    altFt: 0,
    vertFpm: null,
    gsKt: 0,
    track: 310,
    onGround: true,
    seenAt: 1789322399,
    registration: 'N12345',
    type: 'B738',
    hex: 'a12345',
    confidence: 'high'
  },
  providerStatus: { flightaware: 'DISABLED', fr24: 'DISABLED' },
  providerEta: { flightaware: null, fr24: null },
  providerDistancesNm: {
    flightawareToFr24: null,
    flightawareToAdsb: null,
    fr24ToAdsb: null
  },
  fusionDisagreementNm: null,
  filedRouteDeviationNm: 0.010476603989354029,
  displayPathSource: 'direct'
}
[story-request] {"scheduleSource":"saved_resume","fallbackOutcome":"resume_used","cacheStatus":"miss","event":"story_request","requested":"WN1111","fresh":true,"durationMs":11,"outcome":"ok","errorCategory":null}
[schedule-fallback-unavailable] {
  callsign: 'SWA1111',
  reason: 'Current flight route unavailable: schedule provider returned HTTP 402 (unidentified response; host=www.flightaware.com; server=absent; type=absent; bodyChars=0; branding=unidentifi'
}
[story-request] {"scheduleSource":"unavailable","fallbackOutcome":"flightstats_unavailable","cacheStatus":"miss","event":"story_request","requested":"WN1111","fresh":true,"durationMs":2,"outcome":"error","errorCategory":"source_unavailable"}
[aeroapi] key unavailable; using public feed
[departure-telemetry] {
  callsignRequested: 'WN1111',
  flightInstance: 'leg:v1:SWA1111|2026-09-13|MDW|MSP',
  currentStage: 'origin_gate',
  pushLatched: false,
  taxiOutLatched: false,
  pushTimestamp: null,
  pushTimestampSource: null,
  firstDepartureMovement: false,
  rawTaxiHint: false,
  stageTaxiHint: false,
  taxiThresholdKt: 6,
  parkedObservedSec: 0,
  stationaryAtStand: true,
  awayFromPassengerGateArea: false,
  providerGateOut: { scheduled: 1789318200, estimated: null, actual: null },
  providerGateOutPublic: { scheduled: 1789318200, estimated: null, actual: null },
  groundspeedKt: 0,
  onGround: true,
  distanceFromParkedNm: 0,
  positionAgeSec: 1,
  positionSource: 'adsb'
}
[push-evidence] {"callsignRequested":"WN1111","flightInstance":"leg:v1:SWA1111|2026-09-13|MDW|MSP","flightaware":{"flightId":null,"publicGateOut":{"scheduled":1789318200,"estimated":null,"actual":null},"aeroApiOut":null,"firstTrackMovement":null},"fr24":{"flightId":null,"status":"DISABLED","firstTrackMovement":null,"summaryOut":null},"adsb":{"firstTrackMovement":null,"positionAgeSec":1,"groundspeedKt":0,"distanceFromParkedNm":0},"inbound":{"parkedPosition":{"lat":41.787,"lon":-87.752,"at":1789318800000},"selectedPush":null,"pushLatch":null,"taxiOutLatch":null,"finalPushUnix":null,"finalPushSource":null,"phaseStatePersistenceOnLoad":"ok"}}
[flight-telemetry] {
  callsignRequested: 'WN1111',
  callsign: 'SWA1111',
  registration: 'N12345',
  hex: 'a12345',
  destination: { iata: 'MSP', icao: 'KMSP', lat: 44.8848, lon: -93.2223 },
  livePosition: { lat: 41.787, lon: -87.752 },
  altitudeFt: 0,
  groundspeedKt: 0,
  onGround: true,
  track: 310,
  verticalRateFpm: null,
  phase: 'parked',
  headingToDestinationDelta: null,
  isFinalApproach: false,
  routeRemainingNm: 302.638444110557,
  directToDestNm: null,
  remainingNm: 302.638444110557,
  etaMin: 60,
  currentStage: 'origin_gate',
  arrivalStatus: 'airborne',
  ourLanded: false,
  positionProvider: 'adsb',
  positionSeenAt: 1789318799,
  positionAgeSec: 1,
  flightawarePosition: null,
  fr24Position: null,
  adsbPosition: {
    provider: 'adsb',
    flightId: null,
    callsign: 'SWA1111',
    lat: 41.787,
    lon: -87.752,
    altFt: 0,
    vertFpm: null,
    gsKt: 0,
    track: 310,
    onGround: true,
    seenAt: 1789318799,
    registration: 'N12345',
    type: 'B738',
    hex: 'a12345',
    confidence: 'high'
  },
  providerStatus: { flightaware: 'DISABLED', fr24: 'DISABLED' },
  providerEta: { flightaware: null, fr24: null },
  providerDistancesNm: {
    flightawareToFr24: null,
    flightawareToAdsb: null,
    fr24ToAdsb: null
  },
  fusionDisagreementNm: null,
  filedRouteDeviationNm: 0.010476603989354029,
  displayPathSource: 'direct'
}
[story-request] {"scheduleSource":"flightaware_public","fallbackOutcome":"not_needed","cacheStatus":"miss","event":"story_request","requested":"WN1111","fresh":false,"durationMs":71,"outcome":"ok","errorCategory":null}
{"event":"canonical_leg_key_unavailable","reason":"missing_scheduled","requested":"SWA1111","ident":"SWA1111","origin":"MDW","destination":"MSP","scheduledDeparture":null,"serviceDate":null}
▶ schedule outage resilience
  ✔ keeps an overdue departure at the gate until fresh movement, then detects takeoff (7028.41444ms)
  ✔ does not invent a new flight's route from the ADS-B route database (39.81744ms)
  ✔ rejects another flight, expired context, and future actual events (46.856251ms)
  ✔ does not present a fresh flight stage when both schedule and position are unavailable (53.377773ms)
  ✔ never shares device context through the normal story cache and resumes the provider when it recovers (161.71668ms)
  ✔ isolates different saved legs even with the same flight number (77.325064ms)
  ✔ expires the original schedule even while partial refreshes keep succeeding (65.803398ms)
  ✔ migrates legacy saved data without upgrading inferred event times to reported actuals (85.366009ms)
✔ schedule outage resilience (7795.447468ms)
✔ tracked-flight shell identifies the flight with appearance controls and uses Home navigation (1.632007ms)
✔ tracked-flight search and recent chips remain off the flight shell (0.529482ms)
✔ fixed shell navigation follows content with Home first and five compact destinations (0.558491ms)
✔ briefing uses the page scroller and the welcome dialog keeps symmetric safe margins (0.47653ms)
✔ tracked-flight polling pauses while hidden and refreshes stale state on return (0.294823ms)
✔ fresh airborne fusion stays airborne through departure wrappers without provider calls (457.260916ms)
✔ ground observer makes no hidden/background requests and refreshes immediately on return (109.218103ms)
✔ only completed/actual old arrivals slow down, never scheduled arrival or departure gate (3.455637ms)
✔ visibility and Map selection are wired through to the ground observer (22.561895ms)
{"event":"fr24_upstream_request","timestamp":"2026-10-04T01:09:27.037Z","callsign":null,"registration":null,"endpoint":"/live/flight-positions/full","cache":"miss"}
{"event":"fr24_upstream_request","timestamp":"2026-10-04T01:09:27.049Z","callsign":null,"registration":"NTEST","endpoint":"/live/flight-positions/full","cache":"miss"}
{"event":"fr24_public_registration_fresher","requested":"AAL1","registration":"NTEST","routeOrigin":"ORD","routeDestination":"SEA","previousAgeSec":null,"candidateAgeSec":1}
{"event":"fr24_upstream_request","timestamp":"2026-10-04T01:09:27.052Z","callsign":null,"registration":"NTEST","endpoint":"/live/flight-positions/full","cache":"miss"}
{"event":"fr24_upstream_request","timestamp":"2026-10-04T01:09:27.052Z","callsign":null,"registration":"NTEST","endpoint":"/live/flight-positions/full","cache":"miss"}
{"event":"fr24_upstream_request","timestamp":"2026-10-04T01:09:27.057Z","callsign":null,"registration":null,"endpoint":"/live/flight-positions/full","cache":"miss"}
{"event":"fr24_upstream_request","timestamp":"2026-10-04T01:09:27.058Z","callsign":null,"registration":null,"endpoint":"/live/flight-positions/full","cache":"miss"}
{"event":"fr24_upstream_request","timestamp":"2026-10-04T01:09:27.059Z","callsign":null,"registration":"NTEST","endpoint":"/live/flight-positions/full","cache":"miss"}
{"event":"fr24_public_registration_fresher","requested":"AAL1","registration":"NTEST","routeOrigin":"ORD","routeDestination":"SEA","previousAgeSec":null,"candidateAgeSec":1}
{"event":"fr24_upstream_request","timestamp":"2026-10-04T01:09:27.059Z","callsign":null,"registration":"NTEST","endpoint":"/live/flight-positions/full","cache":"miss"}
{"event":"fr24_upstream_request","timestamp":"2026-10-04T01:09:27.060Z","callsign":null,"registration":null,"endpoint":"/live/flight-positions/full","cache":"miss"}
{"event":"fr24_upstream_request","timestamp":"2026-10-04T01:09:27.061Z","callsign":null,"registration":null,"endpoint":"/live/flight-positions/full","cache":"miss"}
{"event":"fr24_public_registration_wrong_leg_rejected","requested":"AAL1","registration":"NTEST","routeOrigin":"ORD","routeDestination":"SEA","candidateOrigin":"LAX","candidateDestination":"SEA"}
{"event":"fr24_upstream_request","timestamp":"2026-10-04T01:09:27.065Z","callsign":null,"registration":"NTEST","endpoint":"/live/flight-positions/full","cache":"miss"}
{"event":"fr24_public_registration_fresher","requested":"AAL1","registration":"NTEST","routeOrigin":"ORD","routeDestination":"SEA","previousAgeSec":null,"candidateAgeSec":1}
{"event":"fr24_upstream_request","timestamp":"2026-10-04T01:09:27.066Z","callsign":null,"registration":"NTEST","endpoint":"/live/flight-positions/full","cache":"miss"}
{"event":"fr24_upstream_request","timestamp":"2026-10-04T01:09:27.067Z","callsign":null,"registration":null,"endpoint":"/live/flight-positions/full","cache":"miss"}
{"event":"fr24_public_registration_fresher","requested":"AAL1","registration":"NTEST","routeOrigin":"ORD","routeDestination":"SEA","previousAgeSec":null,"candidateAgeSec":60}
{"event":"fr24_upstream_request","timestamp":"2026-10-04T01:09:27.068Z","callsign":null,"registration":"NTEST","endpoint":"/live/flight-positions/full","cache":"miss"}
{"event":"fr24_upstream_request","timestamp":"2026-10-04T01:09:27.068Z","callsign":null,"registration":null,"endpoint":"/live/flight-positions/full","cache":"miss"}
{"event":"fr24_upstream_request","timestamp":"2026-10-04T01:09:27.069Z","callsign":"AAL1","registration":null,"endpoint":"/live/flight-positions/full","cache":"miss"}
{"event":"fr24_public_operating_callsign_match","requested":"AAL2","operating":"AAL1"}
{"event":"fr24_upstream_request","timestamp":"2026-10-04T01:09:27.073Z","callsign":"AAL1","registration":null,"endpoint":"/live/flight-positions/full","cache":"miss"}
{"event":"fr24_upstream_request","timestamp":"2026-10-04T01:09:27.074Z","callsign":null,"registration":null,"endpoint":"/live/flight-positions/full","cache":"miss"}
{"event":"fr24_upstream_request","timestamp":"2026-10-04T01:09:27.074Z","callsign":null,"registration":"NTEST","endpoint":"/live/flight-positions/full","cache":"miss"}
{"event":"fr24_public_registration_fresher","requested":"AAL1","registration":"NTEST","routeOrigin":"ORD","routeDestination":"SEA","previousAgeSec":null,"candidateAgeSec":1}
{"event":"fr24_upstream_request","timestamp":"2026-10-04T01:09:27.074Z","callsign":null,"registration":null,"endpoint":"/live/flight-positions/full","cache":"miss"}
{"event":"fr24_upstream_request","timestamp":"2026-10-04T01:09:27.075Z","callsign":null,"registration":"NTEST","endpoint":"/live/flight-positions/full","cache":"miss"}
{"event":"fr24_public_registration_wrong_leg_rejected","requested":"AAL1","registration":"NTEST","routeOrigin":"ORD","routeDestination":"DEN","candidateOrigin":"ORD","candidateDestination":"SEA"}
✔ matched FR24 registration skips failed route lookup, but wrong leg/missing/stale/expired matches fall back (201.951621ms)
✔ injects before </head> (9.014296ms)
✔ injects the extensions script without a project id (0.496879ms)
✔ injects project id on the script and meta when provided (0.470636ms)
✔ does not duplicate grok:app_id (0.774671ms)
✔ omits x:creator tags without both creator values (1.380229ms)
✔ injects x:creator tags when both creator values are set (0.394097ms)
✔ escapes x:creator values (0.258819ms)
✔ does not duplicate x:creator tags (0.586205ms)
✔ platform chrome overwrites share-card metas and always sets og:title (0.686395ms)
✔ does not duplicate twitter:card or og:title (1.837714ms)
✔ a baked site.image is treated as a custom card (0.787161ms)
✔ baked identity does not need a workspace filesystem (0.600037ms)
✔ a public card file wins over a baked site without card=custom (0.606919ms)
✔ public/og.png wins when jpg is absent (0.488254ms)
✔ resolveOgCardAsset: disk file, then bake, then empty (placeholder) (0.719532ms)
✔ snapshotOgIdentity stamps card=custom from a public card file (0.485938ms)
✔ snapshotOgIdentity stamps banner from public/x-banner.jpg (0.816799ms)
✔ emits x:game:image for a public host when site.banner is set (0.426578ms)
✔ does not emit x:game:image without a public host or banner (0.396853ms)
✔ site title Grok App is a real name, not a sentinel (0.508779ms)
✔ published grok.me slug is still a title fallback (0.391046ms)
✔ rejects Vercel system hosts as og:image origins (0.132953ms)
✔ published VITE_PUBLIC_HOSTNAME wins over request Host for og:image (0.403334ms)
✔ vercel Host without a public hostname emits no og:image (0.205191ms)
✔ emits og:image for a public host and prefers a custom card (0.29545ms)
✔ placeholder og:image appends site.color when it is 6-digit hex (1.048608ms)
✔ document title entities are not double-escaped on og:title (0.457447ms)
✔ site.json title wins over the host slug (0.503693ms)
✔ injects into documents with no head element (0.42367ms)
✔ streaming injector matches </HEAD> case-insensitively (0.684801ms)
✔ does not duplicate the extensions script (1.211605ms)
✔ is idempotent (3.658444ms)
✔ uses the app name in the injected title tag (0.280756ms)
✔ streaming injector handles </head> split across chunks (1.01327ms)
✔ streaming injector passes post-head chunks through untouched (0.566063ms)
✔ streaming injector falls back when no </head> is seen (0.346619ms)
✔ detects install query (0.224003ms)
✔ filters non-document paths (0.421335ms)
✔ strips install params from the app link (0.217049ms)
✔ names the install page from host slug (0.130457ms)
✔ rejects hosts that are not plain slugs (0.337797ms)
✔ renders install page markup (0.33824ms)
✔ escapes host-derived values in the install page (0.130704ms)
✔ renders the manifest with the per-app name (0.419199ms)
✔ vite config keeps the nitro serverDir wiring (0.46938ms)
✔ nitro middleware and its bundled assets exist (0.468629ms)
✔ vite plugin bakes og identity as a virtual module (0.166771ms)
[inbound-diversion] history check {
  depth: 0,
  found: true,
  instanceMatches: true,
  aircraftMatches: true,
  diversionReported: false
}
[inbound-diversion] departure order { depth: 0, before: 80000, after: 100000 }
[inbound-diversion] history check {
  depth: 1,
  found: true,
  instanceMatches: true,
  aircraftMatches: true,
  diversionReported: true
}
[inbound-diversion] departure order { depth: 1, before: 60000, after: 80000 }
[inbound-diversion] history check {
  depth: 0,
  found: true,
  instanceMatches: true,
  aircraftMatches: true,
  diversionReported: true
}
[inbound-diversion] departure order { depth: 0, before: 60000, after: 80000 }
[inbound-diversion] history check {
  depth: 0,
  found: true,
  instanceMatches: true,
  aircraftMatches: false,
  diversionReported: false
}
[inbound-diversion] history check {
  depth: 0,
  found: true,
  instanceMatches: true,
  aircraftMatches: false,
  diversionReported: false
}
[inbound-diversion] history check {
  depth: 0,
  found: true,
  instanceMatches: false,
  aircraftMatches: true,
  diversionReported: false
}
[inbound-diversion] history check {
  depth: 0,
  found: true,
  instanceMatches: true,
  aircraftMatches: true,
  diversionReported: false
}
[inbound-diversion] departure order { depth: 0, before: 110000, after: 100000 }
[inbound-diversion] history check {
  depth: 0,
  found: true,
  instanceMatches: true,
  aircraftMatches: true,
  diversionReported: false
}
[inbound-diversion] departure order { depth: 0, before: -100000, after: 100000 }
[inbound-diversion] history check {
  depth: 0,
  found: false,
  instanceMatches: false,
  aircraftMatches: false,
  diversionReported: false
}
[inbound-diversion] history check {
  depth: 0,
  found: true,
  instanceMatches: true,
  aircraftMatches: true,
  diversionReported: false
}
[inbound-diversion] departure order { depth: 0, before: 80000, after: 100000 }
[inbound-diversion] history check {
  depth: 1,
  found: true,
  instanceMatches: true,
  aircraftMatches: true,
  diversionReported: false
}
[inbound-diversion] departure order { depth: 1, before: 60000, after: 80000 }
✔ DL650 carries DL773 diversion through DL307 using dated assigned-aircraft links (4.013592ms)
✔ direct inbound diversion also displays (0.842094ms)
✔ aircraft swap clears the warning (0.781369ms)
✔ wrong dated instance and reversed departures cannot establish history (1.333689ms)
✔ provider failure does not fabricate a diversion or fail flight loading (0.397567ms)
✔ lookup is bounded at two prior legs and rejects cycles (0.864022ms)
▶ Inbound iPhone Home Screen app
  ✔ ships a scoped standalone manifest with a light launch background (1.056852ms)
  ✔ declares Apple standalone metadata and edge-to-edge safe-area support (0.650435ms)
  ✔ uses opaque, correctly sized Home Screen icons (3.359575ms)
✔ Inbound iPhone Home Screen app (7.448374ms)
✔ _migrations keys on basename, not path (1.656452ms)
✔ a file already applied from another directory does not re-apply (1.339221ms)
✔ pending migrations are returned in name order (13.048596ms)
✔ non-.sql entries are dropped (readdir also yields the auth/ directory) (0.236936ms)
✔ the auth schema ships outside the globbed directory (0.668193ms)
✔ this workspace's auth schema copy is byte-identical to its source (0.537776ms)
✔ the copy check reads both files and catches an edit (1.085839ms)
✔ live timing is visible before arrival details and outside the disclosure (1.759223ms)
✔ timing uses two unboxed columns and an optional inline live position (0.390737ms)
✔ live flight card uses moderate compact spacing (0.170767ms)
✔ client cache rejects old unscheduled memories, retains takeoff evidence, and remembers schedules without pushback (13.670022ms)
✔ actual-only Flight details hides all Scheduled rows and planned duration, but shows actual landing and gate kind (46.430245ms)
✔ identical arrival clocks retain the same reported kind in header, timing, Flight details, Arrival help, and Briefing (144.789227ms)
✔ actual Overview weather, Weather timeline, and map alerts agree on light at 11 minutes and moderate at 228 (226.746554ms)
✔ parsePreviewArgs accepts the two actions (3.342114ms)
✔ parsePreviewArgs rejects missing, unknown and extra arguments (0.43185ms)
✔ parsePid reads a pidfile and rejects junk (0.624722ms)
✔ parsePgid reads the pgrp field past a comm containing spaces (0.401032ms)
✔ parseListenerInodes picks LISTEN sockets on the wanted port only (0.679911ms)
✔ parseListenerInodes reads the tcp6 dump the same way (0.635121ms)
✔ looksLikePreviewProcess matches the npm wrapper and its vite child (0.543442ms)
✔ looksLikePreviewProcess spares the sibling scripts and re-used pids (0.409541ms)
✔ previewOwners trusts port owners and dedupes the pidfile pid (0.594172ms)
✔ previewOwners adds a pidfile pid whose command line is still the preview (0.512455ms)
✔ previewOwners drops a stale pidfile pid re-used by another process (0.567236ms)
✔ previewOwners drops a pidfile pid that no longer exists (0.203302ms)
✔ previewOwners on a free port with no pidfile signals nothing (0.114089ms)
✔ stopOutcome fails when a pid survives or the port is still held (0.232083ms)
✔ stopOutcome reports a verified free port (0.715079ms)
✔ stopOutcome fails on a listener whose owner cannot be attributed (0.272651ms)
✔ terminatePids SIGTERMs live pids and skips dead ones (0.7509ms)
✔ terminatePids escalates to SIGKILL when SIGTERM is ignored (2.837649ms)
✔ terminatePids reports a pid that survives SIGKILL as stubborn (0.409528ms)
✔ terminatePids on a free port signals nothing (0.140234ms)
✔ validity preserves a UTC window across midnight (2.013722ms)
✔ compact forecast timestamps are displayed without inventing missing times (0.269601ms)
✔ warnings with different validity windows remain separate (0.423164ms)
✔ a storm already passed does not label a smooth remaining route (1.290128ms)
✔ a matching storm ahead survives deduplication of earlier route samples (0.56574ms)
✔ past storms cannot exhaust the six-marker limit (0.586982ms)
[aeroapi] key unavailable; using public feed
[flight-telemetry] {
  callsignRequested: 'UA219',
  callsign: 'UAL219',
  registration: 'N219UA',
  hex: 'a21900',
  destination: { iata: 'HNL', icao: 'PHNL', lat: 21.3187, lon: -157.9225 },
  livePosition: { lat: 24.95, lon: -153.1667 },
  altitudeFt: 36000,
  groundspeedKt: 462,
  onGround: false,
  track: 237,
  verticalRateFpm: null,
  phase: 'cruise',
  headingToDestinationDelta: 5.74751028259675,
  isFinalApproach: false,
  routeRemainingNm: 346.2215211039816,
  directToDestNm: 341.23417427770994,
  remainingNm: 346.2215211039816,
  etaMin: 47.469266664981845,
  currentStage: 'ride',
  arrivalStatus: 'airborne',
  ourLanded: false,
  positionProvider: 'flightaware-public',
  positionSeenAt: 1790983650.844,
  positionAgeSec: 1,
  flightawarePosition: null,
  fr24Position: null,
  adsbPosition: null,
  providerStatus: { flightaware: 'DISABLED', fr24: 'DISABLED' },
  providerEta: { flightaware: null, fr24: null },
  providerDistancesNm: {
    flightawareToFr24: null,
    flightawareToAdsb: null,
    fr24ToAdsb: null
  },
  fusionDisagreementNm: null,
  filedRouteDeviationNm: 23.969175968165754,
  displayPathSource: 'track'
}
[story-request] {"scheduleSource":"flightaware_public","fallbackOutcome":"not_needed","cacheStatus":"miss","event":"story_request","requested":"UA219","fresh":true,"durationMs":6147,"outcome":"ok","errorCategory":null}
[aeroapi] key unavailable; using public feed
[schedule-fallback-unavailable] {
  callsign: 'UAL219',
  reason: 'Current flight route unavailable: schedule provider returned HTTP 402 (unidentified response; host=www.flightaware.com; server=absent; type=absent; bodyChars=0; branding=unidentifi'
}
[story-request] {"scheduleSource":"unavailable","fallbackOutcome":"flightstats_unavailable","cacheStatus":"miss","event":"story_request","requested":"UA219","fresh":true,"durationMs":10,"outcome":"error","errorCategory":"source_unavailable"}
✖ UA219 durable filed/track geometry and oceanic progress survive provider handoff, cold instances, reroute and recovery (7196.253097ms)
[flight-telemetry] {
  callsignRequested: 'UA219',
  callsign: 'UAL219',
  registration: 'N219UA',
  hex: 'a21900',
  destination: { iata: 'HNL', icao: 'PHNL', lat: 21.3187, lon: -157.9225 },
  livePosition: { lat: 24.95, lon: -153.1667 },
  altitudeFt: 36000,
  groundspeedKt: 462,
  onGround: false,
  track: 237,
  verticalRateFpm: null,
  phase: 'cruise',
  headingToDestinationDelta: 5.74751028259675,
  isFinalApproach: false,
  routeRemainingNm: 346.2215211039816,
  directToDestNm: 341.23417427770994,
  remainingNm: 346.2215211039816,
  etaMin: 47.469266664981845,
  currentStage: 'ride',
  arrivalStatus: 'airborne',
  ourLanded: false,
  positionProvider: 'flightaware-public',
  positionSeenAt: 1790983650.844,
  positionAgeSec: 1,
  flightawarePosition: null,
  fr24Position: null,
  adsbPosition: null,
  providerStatus: { flightaware: 'DISABLED', fr24: 'DISABLED' },
  providerEta: { flightaware: null, fr24: null },
  providerDistancesNm: {
    flightawareToFr24: null,
    flightawareToAdsb: null,
    fr24ToAdsb: null
  },
  fusionDisagreementNm: null,
  filedRouteDeviationNm: 23.969175968165754,
  displayPathSource: 'track'
}
[flight-telemetry] {
  callsignRequested: 'UA219',
  callsign: 'UAL219',
  registration: 'N219UA',
  hex: 'a21900',
  destination: { iata: 'HNL', icao: 'PHNL', lat: 21.3187, lon: -157.9225 },
  livePosition: { lat: 24.925, lon: -153.2167 },
  altitudeFt: 36000,
  groundspeedKt: 462,
  onGround: false,
  track: 237,
  verticalRateFpm: null,
  phase: 'cruise',
  headingToDestinationDelta: 5.8587141848439614,
  isFinalApproach: false,
  routeRemainingNm: 343.54831452715865,
  directToDestNm: 338.1721965491216,
  remainingNm: 343.54831452715865,
  etaMin: 46.969266664981845,
  currentStage: 'ride',
  arrivalStatus: 'airborne',
  ourLanded: false,
  positionProvider: 'flightaware-public',
  positionSeenAt: 1790983680.844,
  positionAgeSec: 1,
  flightawarePosition: null,
  fr24Position: null,
  adsbPosition: null,
  providerStatus: { flightaware: 'DISABLED', fr24: 'DISABLED' },
  providerEta: { flightaware: null, fr24: null },
  providerDistancesNm: {
    flightawareToFr24: null,
    flightawareToAdsb: null,
    fr24ToAdsb: null
  },
  fusionDisagreementNm: null,
  filedRouteDeviationNm: 27.67815694699043,
  displayPathSource: 'track'
}
[flight-telemetry] {
  callsignRequested: 'UA219',
  callsign: 'UAL219',
  registration: 'N219UA',
  hex: 'a21900',
  destination: { iata: 'HNL', icao: 'PHNL', lat: 21.3187, lon: -157.9225 },
  livePosition: { lat: 24.900000000000002, lon: -153.26670000000001 },
  altitudeFt: 36000,
  groundspeedKt: 462,
  onGround: false,
  track: 237,
  verticalRateFpm: null,
  phase: 'cruise',
  headingToDestinationDelta: 5.971798694037034,
  isFinalApproach: false,
  routeRemainingNm: 340.9166177443318,
  directToDestNm: 335.1108443774515,
  remainingNm: 340.9166177443318,
  etaMin: 46.469266664981845,
  currentStage: 'ride',
  arrivalStatus: 'airborne',
  ourLanded: false,
  positionProvider: 'flightaware-public',
  positionSeenAt: 1790983710.844,
  positionAgeSec: 1,
  flightawarePosition: null,
  fr24Position: null,
  adsbPosition: null,
  providerStatus: { flightaware: 'DISABLED', fr24: 'DISABLED' },
  providerEta: { flightaware: null, fr24: null },
  providerDistancesNm: {
    flightawareToFr24: null,
    flightawareToAdsb: null,
    fr24ToAdsb: null
  },
  fusionDisagreementNm: null,
  filedRouteDeviationNm: 31.547890578832877,
  displayPathSource: 'track'
}
[flight-telemetry] {
  callsignRequested: 'UA219',
  callsign: 'UAL219',
  registration: 'N219UA',
  hex: 'a21900',
  destination: { iata: 'HNL', icao: 'PHNL', lat: 21.3187, lon: -157.9225 },
  livePosition: { lat: 24.875000000000004, lon: -153.31670000000003 },
  altitudeFt: 36000,
  groundspeedKt: 462,
  onGround: false,
  track: 237,
  verticalRateFpm: null,
  phase: 'cruise',
  headingToDestinationDelta: 6.086815901437035,
  isFinalApproach: false,
  routeRemainingNm: 332.3828623283507,
  directToDestNm: 332.050149511478,
  remainingNm: 332.3828623283507,
  etaMin: 45.969266664981845,
  currentStage: 'ride',
  arrivalStatus: 'airborne',
  ourLanded: false,
  positionProvider: 'flightaware-public',
  positionSeenAt: 1790983740.844,
  positionAgeSec: 1,
  flightawarePosition: null,
  fr24Position: null,
  adsbPosition: null,
  providerStatus: { flightaware: 'DISABLED', fr24: 'DISABLED' },
  providerEta: { flightaware: null, fr24: null },
  providerDistancesNm: {
    flightawareToFr24: null,
    flightawareToAdsb: null,
    fr24ToAdsb: null
  },
  fusionDisagreementNm: null,
  filedRouteDeviationNm: 31.298191064891174,
  displayPathSource: 'track'
}
[flight-telemetry] {
  callsignRequested: 'UA219',
  callsign: 'UAL219',
  registration: 'N219UA',
  hex: 'a21900',
  destination: { iata: 'HNL', icao: 'PHNL', lat: 21.3187, lon: -157.9225 },
  livePosition: { lat: 24.850000000000005, lon: -153.36670000000004 },
  altitudeFt: 36000,
  groundspeedKt: 462,
  onGround: false,
  track: 237,
  verticalRateFpm: null,
  phase: 'cruise',
  headingToDestinationDelta: 6.2038197990600565,
  isFinalApproach: false,
  routeRemainingNm: 329.33673412844144,
  directToDestNm: 328.9901448558742,
  remainingNm: 329.33673412844144,
  etaMin: 45.469266664981845,
  currentStage: 'ride',
  arrivalStatus: 'airborne',
  ourLanded: false,
  positionProvider: 'flightaware-public',
  positionSeenAt: 1790983770.844,
  positionAgeSec: 1,
  flightawarePosition: null,
  fr24Position: null,
  adsbPosition: null,
  providerStatus: { flightaware: 'DISABLED', fr24: 'DISABLED' },
  providerEta: { flightaware: null, fr24: null },
  providerDistancesNm: {
    flightawareToFr24: null,
    flightawareToAdsb: null,
    fr24ToAdsb: null
  },
  fusionDisagreementNm: null,
  filedRouteDeviationNm: 28.251310295232663,
  displayPathSource: 'track'
}
[flight-telemetry] {
  callsignRequested: 'UA219',
  callsign: 'UAL219',
  registration: 'N219UA',
  hex: 'a21900',
  destination: { iata: 'HNL', icao: 'PHNL', lat: 21.3187, lon: -157.9225 },
  livePosition: { lat: 24.825000000000006, lon: -153.41670000000005 },
  altitudeFt: 36000,
  groundspeedKt: 462,
  onGround: false,
  track: 237,
  verticalRateFpm: null,
  phase: 'cruise',
  headingToDestinationDelta: 6.3228663658161395,
  isFinalApproach: false,
  routeRemainingNm: 326.9219044143338,
  directToDestNm: 325.9308645248121,
  remainingNm: 326.9219044143338,
  etaMin: 44.969266664981845,
  currentStage: 'ride',
  arrivalStatus: 'airborne',
  ourLanded: false,
  positionProvider: 'flightaware-public',
  positionSeenAt: 1790983800.844,
  positionAgeSec: 1,
  flightawarePosition: null,
  fr24Position: null,
  adsbPosition: null,
  providerStatus: { flightaware: 'DISABLED', fr24: 'DISABLED' },
  providerEta: { flightaware: null, fr24: null },
  providerDistancesNm: {
    flightawareToFr24: null,
    flightawareToAdsb: null,
    fr24ToAdsb: null
  },
  fusionDisagreementNm: null,
  filedRouteDeviationNm: 25.224866965332783,
  displayPathSource: 'track'
}
[flight-telemetry] {
  callsignRequested: 'UA219',
  callsign: 'UAL219',
  registration: 'N219UA',
  hex: 'a21900',
  destination: { iata: 'HNL', icao: 'PHNL', lat: 21.3187, lon: -157.9225 },
  livePosition: { lat: 24.800000000000008, lon: -153.46670000000006 },
  altitudeFt: 36000,
  groundspeedKt: 462,
  onGround: false,
  track: 237,
  verticalRateFpm: null,
  phase: 'cruise',
  headingToDestinationDelta: 6.444013658294693,
  isFinalApproach: false,
  routeRemainingNm: 323.90956317419005,
  directToDestNm: 322.87234389854325,
  remainingNm: 323.90956317419005,
  etaMin: 44.469266664981845,
  currentStage: 'ride',
  arrivalStatus: 'airborne',
  ourLanded: false,
  positionProvider: 'flightaware-public',
  positionSeenAt: 1790983830.844,
  positionAgeSec: 1,
  flightawarePosition: null,
  fr24Position: null,
  adsbPosition: null,
  providerStatus: { flightaware: 'DISABLED', fr24: 'DISABLED' },
  providerEta: { flightaware: null, fr24: null },
  providerDistancesNm: {
    flightawareToFr24: null,
    flightawareToAdsb: null,
    fr24ToAdsb: null
  },
  fusionDisagreementNm: null,
  filedRouteDeviationNm: 22.220565204689343,
  displayPathSource: 'track'
}
[flight-telemetry] {
  callsignRequested: 'UA219',
  callsign: 'UAL219',
  registration: 'N219UA',
  hex: 'a21900',
  destination: { iata: 'HNL', icao: 'PHNL', lat: 21.3187, lon: -157.9225 },
  livePosition: { lat: 24.77500000000001, lon: -153.51670000000007 },
  altitudeFt: 36000,
  groundspeedKt: 462,
  onGround: false,
  track: 237,
  verticalRateFpm: null,
  phase: 'cruise',
  headingToDestinationDelta: 6.56732190648404,
  isFinalApproach: false,
  routeRemainingNm: 320.9004490192491,
  directToDestNm: 319.8146196831457,
  remainingNm: 320.9004490192491,
  etaMin: 43.969266664981845,
  currentStage: 'ride',
  arrivalStatus: 'airborne',
  ourLanded: false,
  positionProvider: 'flightaware-public',
  positionSeenAt: 1790983860.844,
  positionAgeSec: 1,
  flightawarePosition: null,
  fr24Position: null,
  adsbPosition: null,
  providerStatus: { flightaware: 'DISABLED', fr24: 'DISABLED' },
  providerEta: { flightaware: null, fr24: null },
  providerDistancesNm: {
    flightawareToFr24: null,
    flightawareToAdsb: null,
    fr24ToAdsb: null
  },
  fusionDisagreementNm: null,
  filedRouteDeviationNm: 19.239943468113342,
  displayPathSource: 'track'
}
[flight-telemetry] {
  callsignRequested: 'UA219',
  callsign: 'UAL219',
  registration: 'N219UA',
  hex: 'a21900',
  destination: { iata: 'HNL', icao: 'PHNL', lat: 21.3187, lon: -157.9225 },
  livePosition: { lat: 24.75000000000001, lon: -153.56670000000008 },
  altitudeFt: 36000,
  groundspeedKt: 462,
  onGround: false,
  track: 237,
  verticalRateFpm: null,
  phase: 'cruise',
  headingToDestinationDelta: 6.692853614737146,
  isFinalApproach: false,
  routeRemainingNm: 319.5492961811051,
  directToDestNm: 316.7577299736441,
  remainingNm: 319.5492961811051,
  etaMin: 43.469266664981845,
  currentStage: 'ride',
  arrivalStatus: 'airborne',
  ourLanded: false,
  positionProvider: 'flightaware-public',
  positionSeenAt: 1790983890.844,
  positionAgeSec: 1,
  flightawarePosition: null,
  fr24Position: null,
  adsbPosition: null,
  providerStatus: { flightaware: 'DISABLED', fr24: 'DISABLED' },
  providerEta: { flightaware: null, fr24: null },
  providerDistancesNm: {
    flightawareToFr24: null,
    flightawareToAdsb: null,
    fr24ToAdsb: null
  },
  fusionDisagreementNm: null,
  filedRouteDeviationNm: 16.28420806582312,
  displayPathSource: 'track'
}
[flight-telemetry] {
  callsignRequested: 'UA219',
  callsign: 'UAL219',
  registration: 'N219UA',
  hex: 'a21900',
  destination: { iata: 'HNL', icao: 'PHNL', lat: 21.3187, lon: -157.9225 },
  livePosition: { lat: 24.725000000000012, lon: -153.6167000000001 },
  altitudeFt: 36000,
  groundspeedKt: 462,
  onGround: false,
  track: 237,
  verticalRateFpm: null,
  phase: 'cruise',
  headingToDestinationDelta: 6.820673668312679,
  isFinalApproach: false,
  routeRemainingNm: 316.65693133741814,
  directToDestNm: 313.70171432072345,
  remainingNm: 316.65693133741814,
  etaMin: 42.969266664981845,
  currentStage: 'ride',
  arrivalStatus: 'airborne',
  ourLanded: false,
  positionProvider: 'flightaware-public',
  positionSeenAt: 1790983920.844,
  positionAgeSec: 1,
  flightawarePosition: null,
  fr24Position: null,
  adsbPosition: null,
  providerStatus: { flightaware: 'DISABLED', fr24: 'DISABLED' },
  providerEta: { flightaware: null, fr24: null },
  providerDistancesNm: {
    flightawareToFr24: null,
    flightawareToAdsb: null,
    fr24ToAdsb: null
  },
  fusionDisagreementNm: null,
  filedRouteDeviationNm: 13.353997442708406,
  displayPathSource: 'track'
}
[flight-telemetry] {
  callsignRequested: 'UA219',
  callsign: 'UAL219',
  registration: 'N219UA',
  hex: 'a21900',
  destination: { iata: 'HNL', icao: 'PHNL', lat: 21.3187, lon: -157.9225 },
  livePosition: { lat: 24.725000000000012, lon: -153.6167000000001 },
  altitudeFt: 36000,
  groundspeedKt: 462,
  onGround: false,
  track: 237,
  verticalRateFpm: null,
  phase: 'cruise',
  headingToDestinationDelta: 6.820673668312679,
  isFinalApproach: false,
  routeRemainingNm: 316.65693133741814,
  directToDestNm: 313.70171432072345,
  remainingNm: 316.65693133741814,
  etaMin: 42.969266664981845,
  currentStage: 'ride',
  arrivalStatus: 'airborne',
  ourLanded: false,
  positionProvider: 'flightaware-public',
  positionSeenAt: 1790983920.844,
  positionAgeSec: 1,
  flightawarePosition: null,
  fr24Position: null,
  adsbPosition: null,
  providerStatus: { flightaware: 'DISABLED', fr24: 'DISABLED' },
  providerEta: { flightaware: null, fr24: null },
  providerDistancesNm: {
    flightawareToFr24: null,
    flightawareToAdsb: null,
    fr24ToAdsb: null
  },
  fusionDisagreementNm: null,
  filedRouteDeviationNm: 13.353997442708406,
  displayPathSource: 'track'
}
[flight-telemetry] {
  callsignRequested: 'UA219',
  callsign: 'UAL219',
  registration: 'N219UA',
  hex: 'a21900',
  destination: { iata: 'HNL', icao: 'PHNL', lat: 21.3187, lon: -157.9225 },
  livePosition: null,
  altitudeFt: null,
  groundspeedKt: null,
  onGround: null,
  track: null,
  verticalRateFpm: null,
  phase: null,
  headingToDestinationDelta: null,
  isFinalApproach: false,
  routeRemainingNm: 316.65693133741814,
  directToDestNm: null,
  remainingNm: 316.65693133741814,
  etaMin: 40.969266664981845,
  currentStage: 'ride',
  arrivalStatus: 'airborne',
  ourLanded: false,
  positionProvider: 'fallback',
  positionSeenAt: null,
  positionAgeSec: null,
  flightawarePosition: null,
  fr24Position: null,
  adsbPosition: null,
  providerStatus: { flightaware: 'DISABLED', fr24: 'DISABLED' },
  providerEta: { flightaware: null, fr24: null },
  providerDistancesNm: {
    flightawareToFr24: null,
    flightawareToAdsb: null,
    fr24ToAdsb: null
  },
  fusionDisagreementNm: null,
  filedRouteDeviationNm: null,
  displayPathSource: 'track'
}
[departure-telemetry] {
  callsignRequested: 'UA219',
  flightInstance: 'leg:v1:UAL219|2026-10-02|ORD|HNL',
  currentStage: 'origin_gate',
  pushLatched: false,
  taxiOutLatched: false,
  pushTimestamp: null,
  pushTimestampSource: null,
  firstDepartureMovement: false,
  rawTaxiHint: false,
  stageTaxiHint: false,
  taxiThresholdKt: 6,
  parkedObservedSec: 0,
  stationaryAtStand: true,
  awayFromPassengerGateArea: false,
  providerGateOut: { scheduled: 1790952900, estimated: null, actual: null },
  providerGateOutPublic: { scheduled: 1790952900, estimated: null, actual: null },
  groundspeedKt: 0,
  onGround: true,
  distanceFromParkedNm: 0,
  positionAgeSec: 1,
  positionSource: 'adsb'
}
[push-evidence] {"callsignRequested":"UA219","flightInstance":"leg:v1:UAL219|2026-10-02|ORD|HNL","flightaware":{"flightId":"UAL219-1790952900-schedule-0001","publicGateOut":{"scheduled":1790952900,"estimated":null,"actual":null},"aeroApiOut":null,"firstTrackMovement":null},"fr24":{"flightId":null,"status":"DISABLED","firstTrackMovement":null,"summaryOut":null},"adsb":{"firstTrackMovement":null,"positionAgeSec":1,"groundspeedKt":0,"distanceFromParkedNm":0},"inbound":{"parkedPosition":{"lat":41.9786,"lon":-87.9048,"at":1790952300000},"selectedPush":null,"pushLatch":null,"taxiOutLatch":null,"finalPushUnix":null,"finalPushSource":null,"phaseStatePersistenceOnLoad":"ok"}}
[departure-telemetry] {
  callsignRequested: 'UA219',
  flightInstance: 'leg:v1:UAL219|2026-10-02|ORD|HNL',
  currentStage: 'origin_gate',
  pushLatched: false,
  taxiOutLatched: false,
  pushTimestamp: null,
  pushTimestampSource: null,
  firstDepartureMovement: false,
  rawTaxiHint: false,
  stageTaxiHint: false,
  taxiThresholdKt: 6,
  parkedObservedSec: 0,
  stationaryAtStand: true,
  awayFromPassengerGateArea: false,
  providerGateOut: { scheduled: 1790952900, estimated: null, actual: null },
  providerGateOutPublic: { scheduled: 1790952900, estimated: null, actual: null },
  groundspeedKt: 0,
  onGround: true,
  distanceFromParkedNm: 0,
  positionAgeSec: 1,
  positionSource: 'adsb'
}
[push-evidence] {"callsignRequested":"UA219","flightInstance":"leg:v1:UAL219|2026-10-02|ORD|HNL","flightaware":{"flightId":"UAL219-1790952900-schedule-0001","publicGateOut":{"scheduled":1790952900,"estimated":null,"actual":null},"aeroApiOut":null,"firstTrackMovement":null},"fr24":{"flightId":null,"status":"DISABLED","firstTrackMovement":null,"summaryOut":null},"adsb":{"firstTrackMovement":null,"positionAgeSec":1,"groundspeedKt":0,"distanceFromParkedNm":0},"inbound":{"parkedPosition":{"lat":41.9786,"lon":-87.9048,"at":1790952330000},"selectedPush":null,"pushLatch":null,"taxiOutLatch":null,"finalPushUnix":null,"finalPushSource":null,"phaseStatePersistenceOnLoad":"ok"}}
[departure-telemetry] {
  callsignRequested: 'UA219',
  flightInstance: 'leg:v1:UAL219|2026-10-02|ORD|HNL',
  currentStage: 'origin_gate',
  pushLatched: false,
  taxiOutLatched: false,
  pushTimestamp: null,
  pushTimestampSource: null,
  firstDepartureMovement: false,
  rawTaxiHint: false,
  stageTaxiHint: false,
  taxiThresholdKt: 6,
  parkedObservedSec: 0,
  stationaryAtStand: true,
  awayFromPassengerGateArea: false,
  providerGateOut: { scheduled: 1790952900, estimated: null, actual: null },
  providerGateOutPublic: { scheduled: 1790952900, estimated: null, actual: null },
  groundspeedKt: 0,
  onGround: true,
  distanceFromParkedNm: 0,
  positionAgeSec: 1,
  positionSource: 'adsb'
}
[push-evidence] {"callsignRequested":"UA219","flightInstance":"leg:v1:UAL219|2026-10-02|ORD|HNL","flightaware":{"flightId":"UAL219-1790952900-schedule-0001","publicGateOut":{"scheduled":1790952900,"estimated":null,"actual":null},"aeroApiOut":null,"firstTrackMovement":null},"fr24":{"flightId":null,"status":"DISABLED","firstTrackMovement":null,"summaryOut":null},"adsb":{"firstTrackMovement":null,"positionAgeSec":1,"groundspeedKt":0,"distanceFromParkedNm":0},"inbound":{"parkedPosition":{"lat":41.9786,"lon":-87.9048,"at":1790952360000},"selectedPush":null,"pushLatch":null,"taxiOutLatch":null,"finalPushUnix":null,"finalPushSource":null,"phaseStatePersistenceOnLoad":"ok"}}
[departure-telemetry] {
  callsignRequested: 'UA219',
  flightInstance: 'leg:v1:UAL219|2026-10-02|ORD|HNL',
  currentStage: 'origin_gate',
  pushLatched: false,
  taxiOutLatched: false,
  pushTimestamp: null,
  pushTimestampSource: null,
  firstDepartureMovement: false,
  rawTaxiHint: false,
  stageTaxiHint: false,
  taxiThresholdKt: 6,
  parkedObservedSec: 0,
  stationaryAtStand: true,
  awayFromPassengerGateArea: false,
  providerGateOut: { scheduled: 1790952900, estimated: null, actual: null },
  providerGateOutPublic: { scheduled: 1790952900, estimated: null, actual: null },
  groundspeedKt: 0,
  onGround: true,
  distanceFromParkedNm: 0,
  positionAgeSec: 1,
  positionSource: 'adsb'
}
[push-evidence] {"callsignRequested":"UA219","flightInstance":"leg:v1:UAL219|2026-10-02|ORD|HNL","flightaware":{"flightId":"UAL219-1790952900-schedule-0001","publicGateOut":{"scheduled":1790952900,"estimated":null,"actual":null},"aeroApiOut":null,"firstTrackMovement":null},"fr24":{"flightId":null,"status":"DISABLED","firstTrackMovement":null,"summaryOut":null},"adsb":{"firstTrackMovement":null,"positionAgeSec":1,"groundspeedKt":0,"distanceFromParkedNm":0},"inbound":{"parkedPosition":{"lat":41.9786,"lon":-87.9048,"at":1790952390000},"selectedPush":null,"pushLatch":null,"taxiOutLatch":null,"finalPushUnix":null,"finalPushSource":null,"phaseStatePersistenceOnLoad":"ok"}}
[departure-telemetry] {
  callsignRequested: 'UA219',
  flightInstance: 'leg:v1:UAL219|2026-10-02|ORD|HNL',
  currentStage: 'origin_gate',
  pushLatched: false,
  taxiOutLatched: false,
  pushTimestamp: null,
  pushTimestampSource: null,
  firstDepartureMovement: false,
  rawTaxiHint: false,
  stageTaxiHint: false,
  taxiThresholdKt: 6,
  parkedObservedSec: 0,
  stationaryAtStand: true,
  awayFromPassengerGateArea: false,
  providerGateOut: { scheduled: 1790952900, estimated: null, actual: null },
  providerGateOutPublic: { scheduled: 1790952900, estimated: null, actual: null },
  groundspeedKt: 0,
  onGround: true,
  distanceFromParkedNm: 0,
  positionAgeSec: 1,
  positionSource: 'adsb'
}
[push-evidence] {"callsignRequested":"UA219","flightInstance":"leg:v1:UAL219|2026-10-02|ORD|HNL","flightaware":{"flightId":"UAL219-1790952900-schedule-0001","publicGateOut":{"scheduled":1790952900,"estimated":null,"actual":null},"aeroApiOut":null,"firstTrackMovement":null},"fr24":{"flightId":null,"status":"DISABLED","firstTrackMovement":null,"summaryOut":null},"adsb":{"firstTrackMovement":null,"positionAgeSec":1,"groundspeedKt":0,"distanceFromParkedNm":0},"inbound":{"parkedPosition":{"lat":41.9786,"lon":-87.9048,"at":1790952420000},"selectedPush":null,"pushLatch":null,"taxiOutLatch":null,"finalPushUnix":null,"finalPushSource":null,"phaseStatePersistenceOnLoad":"ok"}}
[departure-telemetry] {
  callsignRequested: 'UA219',
  flightInstance: 'leg:v1:UAL219|2026-10-02|ORD|HNL',
  currentStage: 'origin_gate',
  pushLatched: false,
  taxiOutLatched: false,
  pushTimestamp: null,
  pushTimestampSource: null,
  firstDepartureMovement: false,
  rawTaxiHint: false,
  stageTaxiHint: false,
  taxiThresholdKt: 6,
  parkedObservedSec: 0,
  stationaryAtStand: true,
  awayFromPassengerGateArea: false,
  providerGateOut: { scheduled: 1790952900, estimated: null, actual: null },
  providerGateOutPublic: { scheduled: 1790952900, estimated: null, actual: null },
  groundspeedKt: 0,
  onGround: true,
  distanceFromParkedNm: 0,
  positionAgeSec: 1,
  positionSource: 'adsb'
}
[push-evidence] {"callsignRequested":"UA219","flightInstance":"leg:v1:UAL219|2026-10-02|ORD|HNL","flightaware":{"flightId":"UAL219-1790952900-schedule-0001","publicGateOut":{"scheduled":1790952900,"estimated":null,"actual":null},"aeroApiOut":null,"firstTrackMovement":null},"fr24":{"flightId":null,"status":"DISABLED","firstTrackMovement":null,"summaryOut":null},"adsb":{"firstTrackMovement":null,"positionAgeSec":1,"groundspeedKt":0,"distanceFromParkedNm":0},"inbound":{"parkedPosition":{"lat":41.9786,"lon":-87.9048,"at":1790952450000},"selectedPush":null,"pushLatch":null,"taxiOutLatch":null,"finalPushUnix":null,"finalPushSource":null,"phaseStatePersistenceOnLoad":"ok"}}
[departure-telemetry] {
  callsignRequested: 'UA219',
  flightInstance: 'leg:v1:UAL219|2026-10-02|ORD|HNL',
  currentStage: 'origin_gate',
  pushLatched: false,
  taxiOutLatched: false,
  pushTimestamp: null,
  pushTimestampSource: null,
  firstDepartureMovement: false,
  rawTaxiHint: false,
  stageTaxiHint: false,
  taxiThresholdKt: 6,
  parkedObservedSec: 0,
  stationaryAtStand: true,
  awayFromPassengerGateArea: false,
  providerGateOut: { scheduled: 1790952900, estimated: null, actual: null },
  providerGateOutPublic: { scheduled: 1790952900, estimated: null, actual: null },
  groundspeedKt: 0,
  onGround: true,
  distanceFromParkedNm: 0,
  positionAgeSec: 1,
  positionSource: 'adsb'
}
[push-evidence] {"callsignRequested":"UA219","flightInstance":"leg:v1:UAL219|2026-10-02|ORD|HNL","flightaware":{"flightId":"UAL219-1790952900-schedule-0001","publicGateOut":{"scheduled":1790952900,"estimated":null,"actual":null},"aeroApiOut":null,"firstTrackMovement":null},"fr24":{"flightId":null,"status":"DISABLED","firstTrackMovement":null,"summaryOut":null},"adsb":{"firstTrackMovement":null,"positionAgeSec":1,"groundspeedKt":0,"distanceFromParkedNm":0},"inbound":{"parkedPosition":{"lat":41.9786,"lon":-87.9048,"at":1790952480000},"selectedPush":null,"pushLatch":null,"taxiOutLatch":null,"finalPushUnix":null,"finalPushSource":null,"phaseStatePersistenceOnLoad":"ok"}}
[departure-telemetry] {
  callsignRequested: 'UA219',
  flightInstance: 'leg:v1:UAL219|2026-10-02|ORD|HNL',
  currentStage: 'origin_gate',
  pushLatched: false,
  taxiOutLatched: false,
  pushTimestamp: null,
  pushTimestampSource: null,
  firstDepartureMovement: false,
  rawTaxiHint: false,
  stageTaxiHint: false,
  taxiThresholdKt: 6,
  parkedObservedSec: 0,
  stationaryAtStand: true,
  awayFromPassengerGateArea: false,
  providerGateOut: { scheduled: 1790952900, estimated: null, actual: null },
  providerGateOutPublic: { scheduled: 1790952900, estimated: null, actual: null },
  groundspeedKt: 0,
  onGround: true,
  distanceFromParkedNm: 0,
  positionAgeSec: 1,
  positionSource: 'adsb'
}
[push-evidence] {"callsignRequested":"UA219","flightInstance":"leg:v1:UAL219|2026-10-02|ORD|HNL","flightaware":{"flightId":"UAL219-1790952900-schedule-0001","publicGateOut":{"scheduled":1790952900,"estimated":null,"actual":null},"aeroApiOut":null,"firstTrackMovement":null},"fr24":{"flightId":null,"status":"DISABLED","firstTrackMovement":null,"summaryOut":null},"adsb":{"firstTrackMovement":null,"positionAgeSec":1,"groundspeedKt":0,"distanceFromParkedNm":0},"inbound":{"parkedPosition":{"lat":41.9786,"lon":-87.9048,"at":1790952510000},"selectedPush":null,"pushLatch":null,"taxiOutLatch":null,"finalPushUnix":null,"finalPushSource":null,"phaseStatePersistenceOnLoad":"ok"}}
[departure-telemetry] {
  callsignRequested: 'UA219',
  flightInstance: 'leg:v1:UAL219|2026-10-02|ORD|HNL',
  currentStage: 'origin_gate',
  pushLatched: false,
  taxiOutLatched: false,
  pushTimestamp: null,
  pushTimestampSource: null,
  firstDepartureMovement: false,
  rawTaxiHint: false,
  stageTaxiHint: false,
  taxiThresholdKt: 6,
  parkedObservedSec: 0,
  stationaryAtStand: true,
  awayFromPassengerGateArea: false,
  providerGateOut: { scheduled: 1790952900, estimated: null, actual: null },
  providerGateOutPublic: { scheduled: 1790952900, estimated: null, actual: null },
  groundspeedKt: 0,
  onGround: true,
  distanceFromParkedNm: 0,
  positionAgeSec: 1,
  positionSource: 'adsb'
}
[push-evidence] {"callsignRequested":"UA219","flightInstance":"leg:v1:UAL219|2026-10-02|ORD|HNL","flightaware":{"flightId":"UAL219-1790952900-schedule-0001","publicGateOut":{"scheduled":1790952900,"estimated":null,"actual":null},"aeroApiOut":null,"firstTrackMovement":null},"fr24":{"flightId":null,"status":"DISABLED","firstTrackMovement":null,"summaryOut":null},"adsb":{"firstTrackMovement":null,"positionAgeSec":1,"groundspeedKt":0,"distanceFromParkedNm":0},"inbound":{"parkedPosition":{"lat":41.9786,"lon":-87.9048,"at":1790952540000},"selectedPush":null,"pushLatch":null,"taxiOutLatch":null,"finalPushUnix":null,"finalPushSource":null,"phaseStatePersistenceOnLoad":"ok"}}
[departure-telemetry] {
  callsignRequested: 'UA219',
  flightInstance: 'leg:v1:UAL219|2026-10-02|ORD|HNL',
  currentStage: 'origin_gate',
  pushLatched: false,
  taxiOutLatched: false,
  pushTimestamp: null,
  pushTimestampSource: null,
  firstDepartureMovement: false,
  rawTaxiHint: false,
  stageTaxiHint: false,
  taxiThresholdKt: 6,
  parkedObservedSec: 0,
  stationaryAtStand: true,
  awayFromPassengerGateArea: false,
  providerGateOut: { scheduled: 1790952900, estimated: null, actual: null },
  providerGateOutPublic: { scheduled: 1790952900, estimated: null, actual: null },
  groundspeedKt: 0,
  onGround: true,
  distanceFromParkedNm: 0,
  positionAgeSec: 1,
  positionSource: 'adsb'
}
[push-evidence] {"callsignRequested":"UA219","flightInstance":"leg:v1:UAL219|2026-10-02|ORD|HNL","flightaware":{"flightId":"UAL219-1790952900-schedule-0001","publicGateOut":{"scheduled":1790952900,"estimated":null,"actual":null},"aeroApiOut":null,"firstTrackMovement":null},"fr24":{"flightId":null,"status":"DISABLED","firstTrackMovement":null,"summaryOut":null},"adsb":{"firstTrackMovement":null,"positionAgeSec":1,"groundspeedKt":0,"distanceFromParkedNm":0},"inbound":{"parkedPosition":{"lat":41.9786,"lon":-87.9048,"at":1790952570000},"selectedPush":null,"pushLatch":null,"taxiOutLatch":null,"finalPushUnix":null,"finalPushSource":null,"phaseStatePersistenceOnLoad":"ok"}}
[departure-telemetry] {
  callsignRequested: 'UA219',
  flightInstance: 'leg:v1:UAL219|2026-10-02|ORD|HNL',
  currentStage: 'origin_gate',
  pushLatched: false,
  taxiOutLatched: false,
  pushTimestamp: null,
  pushTimestampSource: null,
  firstDepartureMovement: false,
  rawTaxiHint: false,
  stageTaxiHint: false,
  taxiThresholdKt: 6,
  parkedObservedSec: 0,
  stationaryAtStand: true,
  awayFromPassengerGateArea: false,
  providerGateOut: { scheduled: 1790952900, estimated: null, actual: null },
  providerGateOutPublic: { scheduled: 1790952900, estimated: null, actual: null },
  groundspeedKt: 0,
  onGround: true,
  distanceFromParkedNm: 0,
  positionAgeSec: 1,
  positionSource: 'adsb'
}
[push-evidence] {"callsignRequested":"UA219","flightInstance":"leg:v1:UAL219|2026-10-02|ORD|HNL","flightaware":{"flightId":"UAL219-1790952900-schedule-0001","publicGateOut":{"scheduled":1790952900,"estimated":null,"actual":null},"aeroApiOut":null,"firstTrackMovement":null},"fr24":{"flightId":null,"status":"DISABLED","firstTrackMovement":null,"summaryOut":null},"adsb":{"firstTrackMovement":null,"positionAgeSec":1,"groundspeedKt":0,"distanceFromParkedNm":0},"inbound":{"parkedPosition":{"lat":41.9786,"lon":-87.9048,"at":1790952600000},"selectedPush":null,"pushLatch":null,"taxiOutLatch":null,"finalPushUnix":null,"finalPushSource":null,"phaseStatePersistenceOnLoad":"ok"}}
[departure-telemetry] {
  callsignRequested: 'UA219',
  flightInstance: 'leg:v1:UAL219|2026-10-02|ORD|HNL',
  currentStage: 'origin_gate',
  pushLatched: false,
  taxiOutLatched: false,
  pushTimestamp: null,
  pushTimestampSource: null,
  firstDepartureMovement: false,
  rawTaxiHint: false,
  stageTaxiHint: false,
  taxiThresholdKt: 6,
  parkedObservedSec: 0,
  stationaryAtStand: true,
  awayFromPassengerGateArea: false,
  providerGateOut: { scheduled: 1790952900, estimated: null, actual: null },
  providerGateOutPublic: { scheduled: 1790952900, estimated: null, actual: null },
  groundspeedKt: 0,
  onGround: true,
  distanceFromParkedNm: 0,
  positionAgeSec: 1,
  positionSource: 'adsb'
}
[push-evidence] {"callsignRequested":"UA219","flightInstance":"leg:v1:UAL219|2026-10-02|ORD|HNL","flightaware":{"flightId":"UAL219-1790952900-schedule-0001","publicGateOut":{"scheduled":1790952900,"estimated":null,"actual":null},"aeroApiOut":null,"firstTrackMovement":null},"fr24":{"flightId":null,"status":"DISABLED","firstTrackMovement":null,"summaryOut":null},"adsb":{"firstTrackMovement":null,"positionAgeSec":1,"groundspeedKt":0,"distanceFromParkedNm":0},"inbound":{"parkedPosition":{"lat":41.9786,"lon":-87.9048,"at":1790952630000},"selectedPush":null,"pushLatch":null,"taxiOutLatch":null,"finalPushUnix":null,"finalPushSource":null,"phaseStatePersistenceOnLoad":"ok"}}
[departure-telemetry] {
  callsignRequested: 'UA219',
  flightInstance: 'leg:v1:UAL219|2026-10-02|ORD|HNL',
  currentStage: 'origin_gate',
  pushLatched: false,
  taxiOutLatched: false,
  pushTimestamp: null,
  pushTimestampSource: null,
  firstDepartureMovement: false,
  rawTaxiHint: false,
  stageTaxiHint: false,
  taxiThresholdKt: 6,
  parkedObservedSec: 0,
  stationaryAtStand: true,
  awayFromPassengerGateArea: false,
  providerGateOut: { scheduled: 1790952900, estimated: null, actual: null },
  providerGateOutPublic: { scheduled: 1790952900, estimated: null, actual: null },
  groundspeedKt: 0,
  onGround: true,
  distanceFromParkedNm: 0,
  positionAgeSec: 1,
  positionSource: 'adsb'
}
[push-evidence] {"callsignRequested":"UA219","flightInstance":"leg:v1:UAL219|2026-10-02|ORD|HNL","flightaware":{"flightId":"UAL219-1790952900-schedule-0001","publicGateOut":{"scheduled":1790952900,"estimated":null,"actual":null},"aeroApiOut":null,"firstTrackMovement":null},"fr24":{"flightId":null,"status":"DISABLED","firstTrackMovement":null,"summaryOut":null},"adsb":{"firstTrackMovement":null,"positionAgeSec":1,"groundspeedKt":0,"distanceFromParkedNm":0},"inbound":{"parkedPosition":{"lat":41.9786,"lon":-87.9048,"at":1790952660000},"selectedPush":null,"pushLatch":null,"taxiOutLatch":null,"finalPushUnix":null,"finalPushSource":null,"phaseStatePersistenceOnLoad":"ok"}}
[departure-telemetry] {
  callsignRequested: 'UA219',
  flightInstance: 'leg:v1:UAL219|2026-10-02|ORD|HNL',
  currentStage: 'origin_gate',
  pushLatched: false,
  taxiOutLatched: false,
  pushTimestamp: null,
  pushTimestampSource: null,
  firstDepartureMovement: false,
  rawTaxiHint: false,
  stageTaxiHint: false,
  taxiThresholdKt: 6,
  parkedObservedSec: 0,
  stationaryAtStand: true,
  awayFromPassengerGateArea: false,
  providerGateOut: { scheduled: 1790952900, estimated: null, actual: null },
  providerGateOutPublic: { scheduled: 1790952900, estimated: null, actual: null },
  groundspeedKt: 0,
  onGround: true,
  distanceFromParkedNm: 0,
  positionAgeSec: 1,
  positionSource: 'adsb'
}
[push-evidence] {"callsignRequested":"UA219","flightInstance":"leg:v1:UAL219|2026-10-02|ORD|HNL","flightaware":{"flightId":"UAL219-1790952900-schedule-0001","publicGateOut":{"scheduled":1790952900,"estimated":null,"actual":null},"aeroApiOut":null,"firstTrackMovement":null},"fr24":{"flightId":null,"status":"DISABLED","firstTrackMovement":null,"summaryOut":null},"adsb":{"firstTrackMovement":null,"positionAgeSec":1,"groundspeedKt":0,"distanceFromParkedNm":0},"inbound":{"parkedPosition":{"lat":41.9786,"lon":-87.9048,"at":1790952690000},"selectedPush":null,"pushLatch":null,"taxiOutLatch":null,"finalPushUnix":null,"finalPushSource":null,"phaseStatePersistenceOnLoad":"ok"}}
[departure-telemetry] {
  callsignRequested: 'UA219',
  flightInstance: 'leg:v1:UAL219|2026-10-02|ORD|HNL',
  currentStage: 'origin_gate',
  pushLatched: false,
  taxiOutLatched: false,
  pushTimestamp: null,
  pushTimestampSource: null,
  firstDepartureMovement: false,
  rawTaxiHint: false,
  stageTaxiHint: false,
  taxiThresholdKt: 6,
  parkedObservedSec: 0,
  stationaryAtStand: true,
  awayFromPassengerGateArea: false,
  providerGateOut: { scheduled: 1790952900, estimated: null, actual: null },
  providerGateOutPublic: { scheduled: 1790952900, estimated: null, actual: null },
  groundspeedKt: 0,
  onGround: true,
  distanceFromParkedNm: 0,
  positionAgeSec: 1,
  positionSource: 'adsb'
}
[push-evidence] {"callsignRequested":"UA219","flightInstance":"leg:v1:UAL219|2026-10-02|ORD|HNL","flightaware":{"flightId":"UAL219-1790952900-schedule-0001","publicGateOut":{"scheduled":1790952900,"estimated":null,"actual":null},"aeroApiOut":null,"firstTrackMovement":null},"fr24":{"flightId":null,"status":"DISABLED","firstTrackMovement":null,"summaryOut":null},"adsb":{"firstTrackMovement":null,"positionAgeSec":1,"groundspeedKt":0,"distanceFromParkedNm":0},"inbound":{"parkedPosition":{"lat":41.9786,"lon":-87.9048,"at":1790952720000},"selectedPush":null,"pushLatch":null,"taxiOutLatch":null,"finalPushUnix":null,"finalPushSource":null,"phaseStatePersistenceOnLoad":"ok"}}
[departure-telemetry] {
  callsignRequested: 'UA219',
  flightInstance: 'leg:v1:UAL219|2026-10-02|ORD|HNL',
  currentStage: 'origin_gate',
  pushLatched: false,
  taxiOutLatched: false,
  pushTimestamp: null,
  pushTimestampSource: null,
  firstDepartureMovement: false,
  rawTaxiHint: false,
  stageTaxiHint: false,
  taxiThresholdKt: 6,
  parkedObservedSec: 0,
  stationaryAtStand: true,
  awayFromPassengerGateArea: false,
  providerGateOut: { scheduled: 1790952900, estimated: null, actual: null },
  providerGateOutPublic: { scheduled: 1790952900, estimated: null, actual: null },
  groundspeedKt: 0,
  onGround: true,
  distanceFromParkedNm: 0,
  positionAgeSec: 1,
  positionSource: 'adsb'
}
[push-evidence] {"callsignRequested":"UA219","flightInstance":"leg:v1:UAL219|2026-10-02|ORD|HNL","flightaware":{"flightId":"UAL219-1790952900-schedule-0001","publicGateOut":{"scheduled":1790952900,"estimated":null,"actual":null},"aeroApiOut":null,"firstTrackMovement":null},"fr24":{"flightId":null,"status":"DISABLED","firstTrackMovement":null,"summaryOut":null},"adsb":{"firstTrackMovement":null,"positionAgeSec":1,"groundspeedKt":0,"distanceFromParkedNm":0},"inbound":{"parkedPosition":{"lat":41.9786,"lon":-87.9048,"at":1790952750000},"selectedPush":null,"pushLatch":null,"taxiOutLatch":null,"finalPushUnix":null,"finalPushSource":null,"phaseStatePersistenceOnLoad":"ok"}}
[departure-telemetry] {
  callsignRequested: 'UA219',
  flightInstance: 'leg:v1:UAL219|2026-10-02|ORD|HNL',
  currentStage: 'origin_gate',
  pushLatched: false,
  taxiOutLatched: false,
  pushTimestamp: null,
  pushTimestampSource: null,
  firstDepartureMovement: false,
  rawTaxiHint: false,
  stageTaxiHint: false,
  taxiThresholdKt: 6,
  parkedObservedSec: 0,
  stationaryAtStand: true,
  awayFromPassengerGateArea: false,
  providerGateOut: { scheduled: 1790952900, estimated: null, actual: null },
  providerGateOutPublic: { scheduled: 1790952900, estimated: null, actual: null },
  groundspeedKt: 0,
  onGround: true,
  distanceFromParkedNm: 0,
  positionAgeSec: 1,
  positionSource: 'adsb'
}
[push-evidence] {"callsignRequested":"UA219","flightInstance":"leg:v1:UAL219|2026-10-02|ORD|HNL","flightaware":{"flightId":"UAL219-1790952900-schedule-0001","publicGateOut":{"scheduled":1790952900,"estimated":null,"actual":null},"aeroApiOut":null,"firstTrackMovement":null},"fr24":{"flightId":null,"status":"DISABLED","firstTrackMovement":null,"summaryOut":null},"adsb":{"firstTrackMovement":null,"positionAgeSec":1,"groundspeedKt":0,"distanceFromParkedNm":0},"inbound":{"parkedPosition":{"lat":41.9786,"lon":-87.9048,"at":1790952780000},"selectedPush":null,"pushLatch":null,"taxiOutLatch":null,"finalPushUnix":null,"finalPushSource":null,"phaseStatePersistenceOnLoad":"ok"}}
[departure-telemetry] {
  callsignRequested: 'UA219',
  flightInstance: 'leg:v1:UAL219|2026-10-02|ORD|HNL',
  currentStage: 'origin_gate',
  pushLatched: false,
  taxiOutLatched: false,
  pushTimestamp: null,
  pushTimestampSource: null,
  firstDepartureMovement: false,
  rawTaxiHint: false,
  stageTaxiHint: false,
  taxiThresholdKt: 6,
  parkedObservedSec: 0,
  stationaryAtStand: true,
  awayFromPassengerGateArea: false,
  providerGateOut: { scheduled: 1790952900, estimated: null, actual: null },
  providerGateOutPublic: { scheduled: 1790952900, estimated: null, actual: null },
  groundspeedKt: 0,
  onGround: true,
  distanceFromParkedNm: 0,
  positionAgeSec: 1,
  positionSource: 'adsb'
}
[push-evidence] {"callsignRequested":"UA219","flightInstance":"leg:v1:UAL219|2026-10-02|ORD|HNL","flightaware":{"flightId":"UAL219-1790952900-schedule-0001","publicGateOut":{"scheduled":1790952900,"estimated":null,"actual":null},"aeroApiOut":null,"firstTrackMovement":null},"fr24":{"flightId":null,"status":"DISABLED","firstTrackMovement":null,"summaryOut":null},"adsb":{"firstTrackMovement":null,"positionAgeSec":1,"groundspeedKt":0,"distanceFromParkedNm":0},"inbound":{"parkedPosition":{"lat":41.9786,"lon":-87.9048,"at":1790952810000},"selectedPush":null,"pushLatch":null,"taxiOutLatch":null,"finalPushUnix":null,"finalPushSource":null,"phaseStatePersistenceOnLoad":"ok"}}
[departure-telemetry] {
  callsignRequested: 'UA219',
  flightInstance: 'leg:v1:UAL219|2026-10-02|ORD|HNL',
  currentStage: 'origin_gate',
  pushLatched: false,
  taxiOutLatched: false,
  pushTimestamp: null,
  pushTimestampSource: null,
  firstDepartureMovement: false,
  rawTaxiHint: false,
  stageTaxiHint: false,
  taxiThresholdKt: 6,
  parkedObservedSec: 0,
  stationaryAtStand: true,
  awayFromPassengerGateArea: false,
  providerGateOut: { scheduled: 1790952900, estimated: null, actual: null },
  providerGateOutPublic: { scheduled: 1790952900, estimated: null, actual: null },
  groundspeedKt: 0,
  onGround: true,
  distanceFromParkedNm: 0,
  positionAgeSec: 1,
  positionSource: 'adsb'
}
[push-evidence] {"callsignRequested":"UA219","flightInstance":"leg:v1:UAL219|2026-10-02|ORD|HNL","flightaware":{"flightId":"UAL219-1790952900-schedule-0001","publicGateOut":{"scheduled":1790952900,"estimated":null,"actual":null},"aeroApiOut":null,"firstTrackMovement":null},"fr24":{"flightId":null,"status":"DISABLED","firstTrackMovement":null,"summaryOut":null},"adsb":{"firstTrackMovement":null,"positionAgeSec":1,"groundspeedKt":0,"distanceFromParkedNm":0},"inbound":{"parkedPosition":{"lat":41.9786,"lon":-87.9048,"at":1790952840000},"selectedPush":null,"pushLatch":null,"taxiOutLatch":null,"finalPushUnix":null,"finalPushSource":null,"phaseStatePersistenceOnLoad":"ok"}}
[departure-telemetry] {
  callsignRequested: 'UA219',
  flightInstance: 'leg:v1:UAL219|2026-10-02|ORD|HNL',
  currentStage: 'origin_gate',
  pushLatched: false,
  taxiOutLatched: false,
  pushTimestamp: null,
  pushTimestampSource: null,
  firstDepartureMovement: false,
  rawTaxiHint: false,
  stageTaxiHint: false,
  taxiThresholdKt: 6,
  parkedObservedSec: 0,
  stationaryAtStand: true,
  awayFromPassengerGateArea: false,
  providerGateOut: { scheduled: 1790952900, estimated: null, actual: null },
  providerGateOutPublic: { scheduled: 1790952900, estimated: null, actual: null },
  groundspeedKt: 0,
  onGround: true,
  distanceFromParkedNm: 0,
  positionAgeSec: 1,
  positionSource: 'adsb'
}
[push-evidence] {"callsignRequested":"UA219","flightInstance":"leg:v1:UAL219|2026-10-02|ORD|HNL","flightaware":{"flightId":"UAL219-1790952900-schedule-0001","publicGateOut":{"scheduled":1790952900,"estimated":null,"actual":null},"aeroApiOut":null,"firstTrackMovement":null},"fr24":{"flightId":null,"status":"DISABLED","firstTrackMovement":null,"summaryOut":null},"adsb":{"firstTrackMovement":null,"positionAgeSec":1,"groundspeedKt":0,"distanceFromParkedNm":0},"inbound":{"parkedPosition":{"lat":41.9786,"lon":-87.9048,"at":1790952870000},"selectedPush":null,"pushLatch":null,"taxiOutLatch":null,"finalPushUnix":null,"finalPushSource":null,"phaseStatePersistenceOnLoad":"ok"}}
✔ cold airborne and at-gate polls save route state only when changed, once per poll (8952.734238ms)
[aeroapi] key unavailable; using public feed
[schedule-fallback-unavailable] {
  callsign: 'UAL219',
  reason: 'Current flight route unavailable: schedule provider returned HTTP 402 (unidentified response; host=www.flightaware.com; server=absent; type=absent; bodyChars=0; branding=unidentifi'
}
{"event":"fr24_upstream_request","timestamp":"2026-10-02T14:54:00.000Z","callsign":null,"registration":null,"endpoint":"/live/flight-positions/full","cache":"miss"}
{"event":"fr24_flight_number_match","requested":"UAL219","flightNumber":"UA219","flightId":"fixture-fr24-219","callsign":"UAL219"}
{"event":"fr24_live_leg_fallback","requested":"UAL219","flightId":"fixture-fr24-219","origin":"ORD","destination":"HNL"}
{"event":"canonical_leg_key_unavailable","reason":"missing_scheduled","requested":"UAL219","ident":"UAL219","origin":"ORD","destination":"HNL","scheduledDeparture":null,"serviceDate":null}
[departure-telemetry] {
  callsignRequested: 'UA219',
  flightInstance: 'leg:unvalidated:UAL219|ORD|HNL|2026-10-02',
  currentStage: 'origin_gate',
  pushLatched: false,
  taxiOutLatched: false,
  pushTimestamp: null,
  pushTimestampSource: null,
  firstDepartureMovement: false,
  rawTaxiHint: false,
  stageTaxiHint: false,
  taxiThresholdKt: 6,
  parkedObservedSec: 0,
  stationaryAtStand: true,
  awayFromPassengerGateArea: false,
  providerGateOut: { scheduled: null, estimated: null, actual: null },
  providerGateOutPublic: { scheduled: null, estimated: null, actual: null },
  groundspeedKt: 0,
  onGround: true,
  distanceFromParkedNm: 0,
  positionAgeSec: 0,
  positionSource: 'fr24'
}
[push-evidence] {"callsignRequested":"UA219","flightInstance":"leg:unvalidated:UAL219|ORD|HNL|2026-10-02","flightaware":{"flightId":"fixture-fr24-219","publicGateOut":{"scheduled":null,"estimated":null,"actual":null},"aeroApiOut":null,"firstTrackMovement":null},"fr24":{"flightId":"fixture-fr24-219","status":"ACTIVE","firstTrackMovement":null,"summaryOut":{"scheduled":null,"estimated":null,"actual":null}},"adsb":{"firstTrackMovement":null,"positionAgeSec":0,"groundspeedKt":0,"distanceFromParkedNm":0},"inbound":{"parkedPosition":{"lat":41.9786,"lon":-87.9048,"at":1790952840000},"selectedPush":null,"pushLatch":null,"taxiOutLatch":null,"finalPushUnix":null,"finalPushSource":null,"phaseStatePersistenceOnLoad":"ok"}}
[story-request] {"scheduleSource":"fr24_live","fallbackOutcome":"fr24_used","cacheStatus":"miss","event":"story_request","requested":"UA219","fresh":true,"durationMs":77,"outcome":"ok","errorCategory":null}
[schedule-fallback-unavailable] {
  callsign: 'UAL219',
  reason: 'Current flight route unavailable: schedule provider returned HTTP 402 (unidentified response; host=www.flightaware.com; server=absent; type=absent; bodyChars=0; branding=unidentifi'
}
{"event":"fr24_upstream_request","timestamp":"2026-10-02T14:54:10.000Z","callsign":null,"registration":null,"endpoint":"/live/flight-positions/full","cache":"miss"}
{"event":"fr24_live_leg_fallback","requested":"UAL219","flightId":"fixture-fr24-219","origin":"ORD","destination":"HNL"}
{"event":"canonical_leg_key_unavailable","reason":"missing_scheduled","requested":"UAL219","ident":"UAL219","origin":"ORD","destination":"HNL","scheduledDeparture":null,"serviceDate":null}
[departure-telemetry] {
  callsignRequested: 'UA219',
  flightInstance: 'leg:unvalidated:UAL219|ORD|HNL|2026-10-02',
  currentStage: 'push',
  pushLatched: true,
  taxiOutLatched: false,
  pushTimestamp: 1790952850,
  pushTimestampSource: 'live_detected',
  firstDepartureMovement: true,
  rawTaxiHint: false,
  stageTaxiHint: false,
  taxiThresholdKt: 6,
  parkedObservedSec: 10,
  stationaryAtStand: false,
  awayFromPassengerGateArea: false,
  providerGateOut: { scheduled: null, estimated: null, actual: null },
  providerGateOutPublic: { scheduled: null, estimated: null, actual: null },
  groundspeedKt: 4,
  onGround: true,
  distanceFromParkedNm: 0.05356051193641675,
  positionAgeSec: 0,
  positionSource: 'fr24'
}
[push-evidence] {"callsignRequested":"UA219","flightInstance":"leg:unvalidated:UAL219|ORD|HNL|2026-10-02","flightaware":{"flightId":"fixture-fr24-219","publicGateOut":{"scheduled":null,"estimated":null,"actual":null},"aeroApiOut":null,"firstTrackMovement":null},"fr24":{"flightId":"fixture-fr24-219","status":"ACTIVE","firstTrackMovement":null,"summaryOut":{"scheduled":null,"estimated":null,"actual":null}},"adsb":{"firstTrackMovement":null,"positionAgeSec":0,"groundspeedKt":4,"distanceFromParkedNm":0.05356051193641675},"inbound":{"parkedPosition":{"lat":41.9786,"lon":-87.9048,"at":1790952840000},"selectedPush":null,"pushLatch":{"unix":1790952850,"source":"live_detected","live":true,"at":1790952850},"taxiOutLatch":null,"finalPushUnix":1790952850,"finalPushSource":"live_detected","phaseStatePersistenceOnLoad":"ok"}}
[story-request] {"scheduleSource":"fr24_live","fallbackOutcome":"fr24_used","cacheStatus":"miss","event":"story_request","requested":"UA219","fresh":true,"durationMs":52,"outcome":"ok","errorCategory":null}
[aeroapi] key unavailable; using public feed
[schedule-fallback-unavailable] {
  callsign: 'UAL219',
  reason: 'Current flight route unavailable: schedule provider returned HTTP 402 (unidentified response; host=www.flightaware.com; server=absent; type=absent; bodyChars=0; branding=unidentifi'
}
{"event":"fr24_upstream_request","timestamp":"2026-10-02T14:54:20.000Z","callsign":null,"registration":null,"endpoint":"/live/flight-positions/full","cache":"miss"}
{"event":"fr24_flight_number_match","requested":"UAL219","flightNumber":"UA219","flightId":"fixture-fr24-219","callsign":"UAL219"}
{"event":"fr24_live_leg_fallback","requested":"UAL219","flightId":"fixture-fr24-219","origin":"ORD","destination":"HNL"}
{"event":"canonical_leg_key_unavailable","reason":"missing_scheduled","requested":"UAL219","ident":"UAL219","origin":"ORD","destination":"HNL","scheduledDeparture":null,"serviceDate":null}
[departure-telemetry] {
  callsignRequested: 'UA219',
  flightInstance: 'leg:unvalidated:UAL219|ORD|HNL|2026-10-02',
  currentStage: 'taxi',
  pushLatched: true,
  taxiOutLatched: true,
  pushTimestamp: 1790952850,
  pushTimestampSource: 'live_detected',
  firstDepartureMovement: false,
  rawTaxiHint: true,
  stageTaxiHint: true,
  taxiThresholdKt: 6,
  parkedObservedSec: 0,
  stationaryAtStand: false,
  awayFromPassengerGateArea: false,
  providerGateOut: { scheduled: null, estimated: null, actual: null },
  providerGateOutPublic: { scheduled: null, estimated: null, actual: null },
  groundspeedKt: 15,
  onGround: true,
  distanceFromParkedNm: null,
  positionAgeSec: 0,
  positionSource: 'fr24'
}
[push-evidence] {"callsignRequested":"UA219","flightInstance":"leg:unvalidated:UAL219|ORD|HNL|2026-10-02","flightaware":{"flightId":"fixture-fr24-219","publicGateOut":{"scheduled":null,"estimated":null,"actual":null},"aeroApiOut":null,"firstTrackMovement":null},"fr24":{"flightId":"fixture-fr24-219","status":"ACTIVE","firstTrackMovement":null,"summaryOut":{"scheduled":null,"estimated":null,"actual":null}},"adsb":{"firstTrackMovement":null,"positionAgeSec":0,"groundspeedKt":15,"distanceFromParkedNm":null},"inbound":{"parkedPosition":null,"selectedPush":null,"pushLatch":{"unix":1790952850,"source":"live_detected","live":true,"at":1790952860},"taxiOutLatch":{"at":1790952860},"finalPushUnix":1790952850,"finalPushSource":"live_detected","phaseStatePersistenceOnLoad":"ok"}}
[story-request] {"scheduleSource":"fr24_live","fallbackOutcome":"fr24_used","cacheStatus":"miss","event":"story_request","requested":"UA219","fresh":true,"durationMs":46,"outcome":"ok","errorCategory":null}
[aeroapi] key unavailable; using public feed
[schedule-fallback-unavailable] {
  callsign: 'UAL219',
  reason: 'Current flight route unavailable: schedule provider returned HTTP 402 (unidentified response; host=www.flightaware.com; server=absent; type=absent; bodyChars=0; branding=unidentifi'
}
{"event":"fr24_upstream_request","timestamp":"2026-10-02T14:54:20.000Z","callsign":null,"registration":null,"endpoint":"/live/flight-positions/full","cache":"miss"}
{"event":"fr24_flight_number_match","requested":"UAL219","flightNumber":"UA219","flightId":"fixture-fr24-219","callsign":"UAL219"}
{"event":"fr24_live_leg_fallback","requested":"UAL219","flightId":"fixture-fr24-219","origin":"ORD","destination":"HNL"}
{"event":"canonical_leg_key_unavailable","reason":"missing_scheduled","requested":"UAL219","ident":"UAL219","origin":"ORD","destination":"HNL","scheduledDeparture":null,"serviceDate":null}
[departure-telemetry] {
  callsignRequested: 'UA219',
  flightInstance: 'leg:unvalidated:UAL219|ORD|HNL|2026-10-02',
  currentStage: 'taxi',
  pushLatched: true,
  taxiOutLatched: true,
  pushTimestamp: 1790952850,
  pushTimestampSource: 'live_detected',
  firstDepartureMovement: false,
  rawTaxiHint: true,
  stageTaxiHint: true,
  taxiThresholdKt: 6,
  parkedObservedSec: 0,
  stationaryAtStand: false,
  awayFromPassengerGateArea: false,
  providerGateOut: { scheduled: null, estimated: null, actual: null },
  providerGateOutPublic: { scheduled: null, estimated: null, actual: null },
  groundspeedKt: 15,
  onGround: true,
  distanceFromParkedNm: null,
  positionAgeSec: 0,
  positionSource: 'fr24'
}
[push-evidence] {"callsignRequested":"UA219","flightInstance":"leg:unvalidated:UAL219|ORD|HNL|2026-10-02","flightaware":{"flightId":"fixture-fr24-219","publicGateOut":{"scheduled":null,"estimated":null,"actual":null},"aeroApiOut":null,"firstTrackMovement":null},"fr24":{"flightId":"fixture-fr24-219","status":"ACTIVE","firstTrackMovement":null,"summaryOut":{"scheduled":null,"estimated":null,"actual":null}},"adsb":{"firstTrackMovement":null,"positionAgeSec":0,"groundspeedKt":15,"distanceFromParkedNm":null},"inbound":{"parkedPosition":null,"selectedPush":null,"pushLatch":{"unix":1790952850,"source":"live_detected","live":true,"at":1790952860},"taxiOutLatch":{"at":1790952860},"finalPushUnix":1790952850,"finalPushSource":"live_detected","phaseStatePersistenceOnLoad":"ok"}}
[story-request] {"scheduleSource":"fr24_live","fallbackOutcome":"fr24_used","cacheStatus":"miss","event":"story_request","requested":"UA219","fresh":true,"durationMs":52,"outcome":"ok","errorCategory":null}
{"event":"fr24_upstream_request","timestamp":"2026-10-02T14:55:30.000Z","callsign":null,"registration":null,"endpoint":"/live/flight-positions/full","cache":"miss"}
{"event":"fr24_flight_number_match","requested":"UAL219","flightNumber":"UA219","flightId":"fixture-fr24-219","callsign":"UAL219"}
[departure-telemetry] {
  callsignRequested: 'UA219',
  flightInstance: 'leg:v1:UAL219|2026-10-02|ORD|HNL',
  currentStage: 'taxi',
  pushLatched: true,
  taxiOutLatched: true,
  pushTimestamp: 1790952850,
  pushTimestampSource: 'live_detected',
  firstDepartureMovement: false,
  rawTaxiHint: true,
  stageTaxiHint: true,
  taxiThresholdKt: 6,
  parkedObservedSec: 0,
  stationaryAtStand: false,
  awayFromPassengerGateArea: false,
  providerGateOut: { scheduled: 1790952900, estimated: null, actual: null },
  providerGateOutPublic: { scheduled: 1790952900, estimated: null, actual: null },
  groundspeedKt: 15,
  onGround: true,
  distanceFromParkedNm: null,
  positionAgeSec: 0,
  positionSource: 'fr24'
}
[push-evidence] {"callsignRequested":"UA219","flightInstance":"leg:v1:UAL219|2026-10-02|ORD|HNL","flightaware":{"flightId":"UAL219-1790952900-schedule-0001","publicGateOut":{"scheduled":1790952900,"estimated":null,"actual":null},"aeroApiOut":null,"firstTrackMovement":null},"fr24":{"flightId":"fixture-fr24-219","status":"ACTIVE","firstTrackMovement":null,"summaryOut":{"scheduled":null,"estimated":null,"actual":null}},"adsb":{"firstTrackMovement":null,"positionAgeSec":0,"groundspeedKt":15,"distanceFromParkedNm":null},"inbound":{"parkedPosition":null,"selectedPush":null,"pushLatch":{"unix":1790952850,"source":"live_detected","live":true,"at":1790952930},"taxiOutLatch":{"at":1790952930},"finalPushUnix":1790952850,"finalPushSource":"live_detected","phaseStatePersistenceOnLoad":"ok"}}
[story-request] {"scheduleSource":"flightaware_public","fallbackOutcome":"not_needed","cacheStatus":"miss","event":"story_request","requested":"UA219","fresh":true,"durationMs":31,"outcome":"ok","errorCategory":null}
[flightstats-schedule] {
  callsign: 'UAL219',
  date: '2026-10-02',
  origin: 'ORD',
  destination: 'HNL',
  status: 'departed',
  gateOut: 1790955180,
  gateIn: 1790987280,
  candidates: 1
}
{"event":"fr24_upstream_request","timestamp":"2026-10-02T14:55:40.000Z","callsign":null,"registration":null,"endpoint":"/live/flight-positions/full","cache":"miss"}
{"event":"fr24_flight_number_match","requested":"UAL219","flightNumber":"UA219","flightId":"fixture-fr24-219","callsign":"UAL219"}
[departure-telemetry] {
  callsignRequested: 'UA219',
  flightInstance: 'leg:v1:UAL219|2026-10-02|ORD|HNL',
  currentStage: 'taxi',
  pushLatched: true,
  taxiOutLatched: true,
  pushTimestamp: 1790952850,
  pushTimestampSource: 'live_detected',
  firstDepartureMovement: false,
  rawTaxiHint: true,
  stageTaxiHint: true,
  taxiThresholdKt: 6,
  parkedObservedSec: 0,
  stationaryAtStand: false,
  awayFromPassengerGateArea: false,
  providerGateOut: { scheduled: 1790954100, estimated: null, actual: 1790955180 },
  providerGateOutPublic: { scheduled: 1790954100, estimated: null, actual: 1790955180 },
  groundspeedKt: 15,
  onGround: true,
  distanceFromParkedNm: null,
  positionAgeSec: 0,
  positionSource: 'fr24'
}
[push-evidence] {"callsignRequested":"UA219","flightInstance":"leg:v1:UAL219|2026-10-02|ORD|HNL","flightaware":{"flightId":null,"publicGateOut":{"scheduled":1790954100,"estimated":null,"actual":1790955180},"aeroApiOut":null,"firstTrackMovement":null},"fr24":{"flightId":"fixture-fr24-219","status":"ACTIVE","firstTrackMovement":null,"summaryOut":{"scheduled":null,"estimated":null,"actual":null}},"adsb":{"firstTrackMovement":null,"positionAgeSec":0,"groundspeedKt":15,"distanceFromParkedNm":null},"inbound":{"parkedPosition":null,"selectedPush":null,"pushLatch":{"unix":1790952850,"source":"live_detected","live":true,"at":1790952940},"taxiOutLatch":{"at":1790952940},"finalPushUnix":1790952850,"finalPushSource":"live_detected","phaseStatePersistenceOnLoad":"ok"}}
[story-request] {"scheduleSource":"flightstats_public","fallbackOutcome":"flightstats_used","cacheStatus":"miss","event":"story_request","requested":"UA219","fresh":true,"durationMs":23,"outcome":"ok","errorCategory":null}
{"event":"fr24_upstream_request","timestamp":"2026-10-02T14:56:50.000Z","callsign":null,"registration":null,"endpoint":"/live/flight-positions/full","cache":"miss"}
[departure-telemetry] {
  callsignRequested: 'UA219',
  flightInstance: 'leg:v1:UAL219|2026-10-02|ORD|HNL',
  currentStage: 'taxi',
  pushLatched: true,
  taxiOutLatched: true,
  pushTimestamp: 1790952850,
  pushTimestampSource: 'live_detected',
  firstDepartureMovement: false,
  rawTaxiHint: true,
  stageTaxiHint: true,
  taxiThresholdKt: 6,
  parkedObservedSec: 0,
  stationaryAtStand: false,
  awayFromPassengerGateArea: false,
  providerGateOut: { scheduled: 1790952900, estimated: null, actual: null },
  providerGateOutPublic: { scheduled: 1790952900, estimated: null, actual: null },
  groundspeedKt: 15,
  onGround: true,
  distanceFromParkedNm: null,
  positionAgeSec: 0,
  positionSource: 'fr24'
}
[push-evidence] {"callsignRequested":"UA219","flightInstance":"leg:v1:UAL219|2026-10-02|ORD|HNL","flightaware":{"flightId":"UAL219-1790952900-schedule-0001","publicGateOut":{"scheduled":1790952900,"estimated":null,"actual":null},"aeroApiOut":null,"firstTrackMovement":null},"fr24":{"flightId":"fixture-fr24-219","status":"ACTIVE","firstTrackMovement":null,"summaryOut":{"scheduled":null,"estimated":null,"actual":null}},"adsb":{"firstTrackMovement":null,"positionAgeSec":0,"groundspeedKt":15,"distanceFromParkedNm":null},"inbound":{"parkedPosition":null,"selectedPush":null,"pushLatch":{"unix":1790952850,"source":"live_detected","live":true,"at":1790953010},"taxiOutLatch":{"at":1790953010},"finalPushUnix":1790952850,"finalPushSource":"live_detected","phaseStatePersistenceOnLoad":"ok"}}
[story-request] {"scheduleSource":"flightaware_public","fallbackOutcome":"not_needed","cacheStatus":"miss","event":"story_request","requested":"UA219","fresh":true,"durationMs":23,"outcome":"ok","errorCategory":null}
✔ FR24-only no schedule: cold taxi stories have null originals and no Scheduled rows in all five views (3520.094799ms)
✔ FR24 estimated/actual-only timestamps never seed original schedules (1.455267ms)
✔ late join uses the true reference kind; no reference or an existing taxi checkpoint keeps the detection (1.045452ms)
✔ push sanitization uses schedule or explicit estimate without promoting kinds; no reference retains even a future detection (0.784884ms)
✔ legacy resume scheduled stamps require an explicit scheduled kind and never trust contaminated originals (3.171118ms)
✔ real schedule memory survives provider-ID/fallback/back and partial stamps; eight-hour slip never promotes an estimate (4.457517ms)
✔ original memories isolate different-day and different-route legs (0.385301ms)
✔ client schedule and briefing keys plus baggage/history dates are stable before/after original clearing (2.208804ms)
✔ existing saved briefing history is retained when the dated state key becomes the primary key (1.928647ms)
✔ preview: a successful sign-out clears the token, then redirects (2.636144ms)
✔ preview: a rejected sign-out still clears the token and redirects (0.358959ms)
✔ preview: a sign-out that throws synchronously still clears and redirects (0.19613ms)
✔ preview: a sign-out that never settles clears and redirects once the wait expires (5.847312ms)
✔ preview: no bearer means nothing to invalidate, so no request is made (0.37092ms)
✔ preview: a stored bearer is still invalidated server-side (0.19381ms)
✔ deployed: a confirmed sign-out clears the token, then redirects (0.417929ms)
✔ deployed: a sign-out that never settles throws and does NOT redirect (21.598914ms)
✔ deployed: a rejected sign-out throws and does NOT redirect (0.452031ms)
✔ deployed: the timeout is distinguishable from a rejection (23.923701ms)
✔ settleWithin reports the outcome and never rejects (20.844239ms)
✔ settleWithin waits its full window, then gives up rather than hanging (0.611619ms)
✔ pre-sign-in: the preview clear gives up at the preview bound (0.587178ms)
✔ pre-sign-in: a deployed session gets the deployed window, not the preview one (0.499904ms)
✔ pre-sign-in: a failed clear never blocks sign-in (0.31541ms)
✔ pre-sign-in: the preview skips the request when there is no bearer (0.175677ms)
✔ every sign-out bound comes from one rule (0.061698ms)
✔ the defaults are bounded, and deployed waits longer than preview (0.269409ms)
✔ observed airborne without a clock shows approximate elapsed and nonzero distance, keeping actual Takeoff empty (531.990962ms)
✔ taxiing movement and a taxi hold use the same direct Taxiing out label (34.960922ms)
✔ UA219 oceanic gap retains a provider ETA and labels it estimated, never a reset route ETA (3.883486ms)
✔ DL4820 surface takeoff roll activates Taxi, then confirmed airborne activates Flight without a takeoff clock (5.614598ms)
✔ wrappers and display retain the floor with missing, expired, or conflicting surface fixes, no provider requests (333.112349ms)
✔ resume preserves confirmed actual without upgrading estimates, strips ground checkpoint, validates exact date/route key (6.337705ms)
✔ previous server evidence carries only the same dated key through a DB outage response (0.466096ms)
✔ server revocation prevents a prior provider story or resume from reapplying the floor; observed proof survives (1.671552ms)
[aeroapi] key unavailable; using public feed
[flight-telemetry] {
  callsignRequested: 'UA219',
  callsign: 'UAL219',
  registration: 'N219UA',
  hex: 'a21900',
  destination: { iata: 'HNL', icao: 'PHNL', lat: 21.3187, lon: -157.9225 },
  livePosition: { lat: 24.95, lon: -153.1667 },
  altitudeFt: 36000,
  groundspeedKt: 462,
  onGround: false,
  track: 237,
  verticalRateFpm: null,
  phase: 'cruise',
  headingToDestinationDelta: 5.74751028259675,
  isFinalApproach: false,
  routeRemainingNm: 343.7217891419603,
  directToDestNm: 341.23417427770994,
  remainingNm: 343.7217891419603,
  etaMin: 47.469266664981845,
  currentStage: 'ride',
  arrivalStatus: 'airborne',
  ourLanded: false,
  positionProvider: 'flightaware-public',
  positionSeenAt: 1790983588,
  positionAgeSec: 63.84400010108948,
  flightawarePosition: null,
  fr24Position: null,
  adsbPosition: null,
  providerStatus: { flightaware: 'DISABLED', fr24: 'DISABLED' },
  providerEta: { flightaware: null, fr24: null },
  providerDistancesNm: {
    flightawareToFr24: null,
    flightawareToAdsb: null,
    fr24ToAdsb: null
  },
  fusionDisagreementNm: null,
  filedRouteDeviationNm: 45.04414723586649,
  displayPathSource: 'direct'
}
[story-request] {"scheduleSource":"flightaware_public","fallbackOutcome":"not_needed","cacheStatus":"miss","event":"story_request","requested":"UA219","fresh":true,"durationMs":98,"outcome":"ok","errorCategory":null}
[aeroapi] key unavailable; using public feed
[schedule-fallback-unavailable] {
  callsign: 'UAL219',
  reason: 'Current flight route unavailable: schedule provider returned HTTP 402 (unidentified response; host=www.flightaware.com; server=absent; type=absent; bodyChars=0; branding=unidentifi'
}
[story-request] {"scheduleSource":"saved_resume","fallbackOutcome":"resume_used","cacheStatus":"miss","event":"story_request","requested":"UA219","fresh":true,"durationMs":37,"outcome":"error","errorCategory":"source_unavailable"}
✖ UA219 actual takeoff survives provider-ID to FlightStats fallback to provider-ID, cold start and >2h gap (5132.4317ms)
✔ keeps VITE_-prefixed string entries (3.128673ms)
✔ drops non-VITE keys, non-string values and malformed documents (0.306397ms)
✔ a missing app-env.json is a clean no-op (0.933933ms)
✔ reads the app env from a workspace (0.808697ms)
✔ an explicit process-env override wins over the file (0.342289ms)
✔ the template ships auth off (0.361046ms)
✔ vite loadEnv resolves the wrapped value (0.44182ms)
✔ the wrapped command runs with the app env applied (251.749923ms)
✔ the wrapped command sees an explicit override, not the file value (202.421091ms)
✔ the wrapper propagates the command's exit code (264.655403ms)
✔ a signal-killed command is never reported as success (310.908787ms)
✔ the CLI still runs when invoked through a symlinked path (241.62242ms)
✔ parseWriteAtomicArgs needs exactly a staged file and a target (2.110122ms)
✔ stagingError refuses a temp inside public/ and a no-op move (0.468867ms)
✔ handOver replaces the target and clears the staged file (0.789232ms)
✔ handOver creates a missing target directory (0.594197ms)
✔ an interrupted pass leaves the target on its old bytes, temp-free (0.996829ms)
✔ a failed hand-over creates no directory for the target it never wrote (0.373953ms)
✔ a staged file on another filesystem is refused, not copied (0.802322ms)
✔ cli: hands the file over, and refuses a temp staged in public/ (248.684061ms)
✔ cli: relative paths follow the script's root, not the caller's cwd (113.44892ms)
✔ every hand-over the og skill prints is one this script accepts (1.113261ms)
✔ cli: a missing staged file fails without touching the target (174.871272ms)
▶ stale reject
  ✔ rejects an airside observation older than the stale window (3.154485ms)
  ✔ keeps a fresh airside observation (0.759408ms)
✔ stale reject (5.350823ms)
▶ teleport reject
  ✔ rejects a multi-NM jump in a couple of seconds (2.283256ms)
  ✔ keeps the previous track when a later feed teleports (0.750497ms)
✔ teleport reject (3.420507ms)
▶ fresher provider wins
  ✔ picks the observation with the lower seen_pos (0.602955ms)
✔ fresher provider wins (0.831886ms)
▶ hex stickiness
  ✔ keeps the locked hex when it is still fresh (0.64529ms)
  ✔ swaps only when the locked hex is stale and an exact match is nearby (1.010873ms)
✔ hex stickiness (6.564798ms)
▶ extrapolated flag
  ✔ marks a short coast-ahead as extrapolated (0.705157ms)
  ✔ does not extrapolate after the gap window (0.718613ms)
  ✔ keeps a few-minute-old oceanic cruise ping (0.726256ms)
  ✔ stops projecting an enroute track after a short gap (0.260259ms)
  ✔ never repeatedly projects an extrapolated point or rejects a real fix (0.232965ms)
✔ extrapolated flag (2.963701ms)
✔ single cruise jitter cannot confirm climb/descent; a 30-second altitude trend can (6.10287ms)
✔ cruise jitter, repeated timestamps, stale fixes and missing evidence remain unconfirmed (1.083815ms)
✔ provider-only rates need a sustained window, and opposing altitude evidence wins (0.359553ms)
✔ AGL and destination geometry distinguish approach from departure level-off (0.303681ms)
✔ warm evidence is isolated by dated leg/route and ignores reordered samples (0.603429ms)
▶ callTool failure memo
  ✔ replays an identical failure within the memo window without refetching (5.517601ms)
  ✔ keys by token identity so a reminted token shares the memo entry (1.302752ms)
  ✔ sweeps expired entries on write so unique keys do not accumulate (2.532123ms)
  ✔ never memoizes login-required 401s (1.811724ms)
✔ callTool failure memo (12.973091ms)
▶ callTool in the workspace preview vs deployed
  ✔ returns pending (no loginRequired) when the preview has no token yet (1.413224ms)
  ✔ returns a plain error (no sign-in CTA) when a deployed app has no token (0.748246ms)
  ✔ treats a gate 401 in the preview as pending and parks the rejected token (2.228895ms)
  ✔ keeps loginRequired for a gate 401 on a deployed app (1.016145ms)
✔ callTool in the workspace preview vs deployed (6.166323ms)
▶ callTool
  ✔ resolves ok:false for non-serializable args instead of rejecting (0.534868ms)
✔ callTool (0.766426ms)
▶ isLoginRequired
  ✔ is true only for login-required failures (0.342652ms)
✔ isLoginRequired (0.463673ms)
▶ redirectToLoginIfRequired
  ✔ no-ops when login is not required (0.360786ms)
  ✔ navigates to the server-built loginUrl in the browser (0.237767ms)
  ✔ opens a new tab instead of navigating when framed (0.197637ms)
  ✔ falls back to navigation when framed and the popup is blocked (0.163619ms)
  ✔ returns false when the result has no loginUrl (0.126365ms)
  ✔ returns false on the server (no window) (0.150143ms)
✔ redirectToLoginIfRequired (1.535896ms)
▶ GoogleCalendarTools
  ✔ does not expose a list_events name (0.172519ms)
✔ GoogleCalendarTools (0.358454ms)
▶ classifyCallToolError
  ✔ returns null for successful results (0.329369ms)
  ✔ classifies a pending preview token as pending before any other kind (0.244623ms)
  ✔ classifies a deployed missing token as error, not a login CTA (0.372589ms)
  ✔ classifies gate loginRequired without a missing-token message as login (0.185929ms)
  ✔ classifies not_connected and failed_precondition (0.288671ms)
  ✔ classifies scope_denied without claiming a missing grant (0.223792ms)
  ✔ classifies access_denied (0.133957ms)
  ✔ falls back to a generic error with the raw message (0.243042ms)
✔ classifyCallToolError (2.715814ms)
▶ readinessProbeDelayMs
  ✔ backs off through the schedule and then holds the last delay (2.816625ms)
  ✔ clamps a negative attempt to the first delay (0.200504ms)
✔ readinessProbeDelayMs (4.607389ms)
▶ readinessProbeExhausted
  ✔ gives up only once the total wait budget has elapsed (0.182602ms)
✔ readinessProbeExhausted (0.349562ms)
✔ one missing-position poll holds the durable plan from the last real fix, explicitly stale (8.007991ms)
✔ legacy held cursor can render geometry without claiming a real aircraft observation (0.820299ms)
✔ landing and two distinct off-path fixes still stop rendering a held plan (1.488101ms)
✔ runway change resets geometry and entry gate still prevents a new plan (1.009745ms)
✔ ATIS arrival lists, approach assignments, combined LDG/DEP and no bulletin (3.981313ms)
✔ multiple arrival runways choose the aircraft side and remain stable between polls (3.422887ms)
✔ provider fallback, confirmed actual priority, wind fallback, calm/variable/unknown states (0.542929ms)
✔ aligned aircraft passes FAF and ends exactly at threshold without a loop (1.110639ms)
✔ opposite side produces downwind, a smoothed base, and a longer path (1.283202ms)
✔ side produces downwind, a smoothed base, and a longer path (0.303871ms)
✔ patterns require a fresh descending/approach fix near destination, never ground or landed (0.223699ms)
✔ displaced landing threshold is moved forward along the true runway heading (0.180783ms)
✔ level downwind keeps the started pattern even without approach phase (21.605823ms)
✔ one extrapolated or 120-second fix holds the exact last pattern (6.595596ms)
✔ held side survives crossing centerline, and base/final consume rather than redraw the loop (18.993447ms)
✔ real AA5012 past-FAF downwind extends base beyond the aircraft (0.465435ms)
✔ two distinct fresh fixes more than 8nm off path reject, one or duplicate fix does not (10.472085ms)
✔ new reported runway resets side; landing ends the projection (4.010393ms)
✔ UAL2207 observed final fixes consume steadily instead of growing and snapping (19.667795ms)
✔ UAL2207 straight-in remaining path stays within 1nm of the threshold distance (3.27123ms)
✔ UAL2207 displayed planned points never lie behind the observed aircraft (2.074974ms)
✔ UAL2207 cursor never moves backward across JSON cold-instance reloads (6.476398ms)
✔ passing the threshold keeps a consumed projection at zero until landing (7.130555ms)
✔ short planned legs use perpendicular distance, not distance to their start (0.475908ms)
✔ level low downwind enters without vertical rate or a stage approach phase; cruise fly-over does not (0.908456ms)
✔ altitude delta persists before runway entry, then derives arrival-only descent on a cold instance (0.839852ms)
✔ nearby parallel final cannot consume base while the aircraft is still on downwind (1.037666ms)
✔ old durable jsonb rows upgrade without losing runway, side or activation (1.10227ms)
[arrival-atis] fetch fallback { airport: 'KERR', held: false, error: 'Error: offline' }
✔ five-minute airport cache coalesces calls and rejects stale/failed bulletins (33.132846ms)
[arrival-atis] fetch fallback { airport: 'KORD', held: true, error: 'Error: ATIS timeout' }
[arrival-atis] fetch fallback { airport: 'KORD', held: false, error: 'Error: ATIS timeout' }
[arrival-state] load failed Error: DB down
    at file:///workspace/scratch/83746901af9a/inbound-route-enrichment/src/lib/arrival-state-store.server.test.ts:53:64
    at Object.load (file:///workspace/scratch/83746901af9a/inbound-route-enrichment/src/lib/arrival-state-store.server.ts:17:27)
    at TestContext.<anonymous> (file:///workspace/scratch/83746901af9a/inbound-route-enrichment/src/lib/arrival-state-store.server.test.ts:54:32)
    at async Test.run (node:internal/test_runner/test:1389:7)
    at async startSubtestAfterBootstrap (node:internal/test_runner/harness:387:3)
[arrival-state] save failed Error: DB down
    at file:///workspace/scratch/83746901af9a/inbound-route-enrichment/src/lib/arrival-state-store.server.test.ts:53:64
    at Object.save (file:///workspace/scratch/83746901af9a/inbound-route-enrichment/src/lib/arrival-state-store.server.ts:45:27)
    at TestContext.<anonymous> (file:///workspace/scratch/83746901af9a/inbound-route-enrichment/src/lib/arrival-state-store.server.test.ts:55:32)
    at async Test.run (node:internal/test_runner/test:1389:7)
    at async startSubtestAfterBootstrap (node:internal/test_runner/harness:387:3)
[arrival-state] load failed Error: DB down
    at file:///workspace/scratch/83746901af9a/inbound-route-enrichment/src/lib/arrival-state-store.server.test.ts:53:64
    at Object.load (file:///workspace/scratch/83746901af9a/inbound-route-enrichment/src/lib/arrival-state-store.server.ts:17:27)
    at TestContext.<anonymous> (file:///workspace/scratch/83746901af9a/inbound-route-enrichment/src/lib/arrival-state-store.server.test.ts:56:36)
    at async Test.run (node:internal/test_runner/test:1389:7)
    at async startSubtestAfterBootstrap (node:internal/test_runner/harness:387:3)
✔ durable runway/side across cold instances, optimistic race, ATIS last-good cache and outage fallback (3543.625372ms)
▶ verifyGateIdentityToken
  ✔ returns the identity for a valid token (36.94801ms)
  ✔ omits optional claims as nulls (9.472475ms)
  ✔ rejects a wrong audience (3.516539ms)
  ✔ rejects a wrong issuer (6.333791ms)
  ✔ rejects an expired token (5.225753ms)
  ✔ rejects a token without exp (3.67888ms)
  ✔ rejects a token signed by a different key with the same kid (2.597246ms)
  ✔ refetches the JWKS when the kid rotates (5.539532ms)
✔ verifyGateIdentityToken (76.285208ms)
▶ gateIdentityFromHeaders
  ✔ verifies the header token end to end and fails closed without it (15.120436ms)
  ✔ activates on a deployed-shaped request without GROK_GATE_ORIGIN (6.475587ms)
  ✔ verifies a preview-audience token with no gate env vars via the loopback default (12.876102ms)
  ✔ rejects a wrong-issuer token in the loopback default mode (2.123201ms)
  ✔ verifies a preview-audience token when only GROK_GATE_ORIGIN is set (2.458082ms)
  ✔ rejects a preview-audience token when GROK_PROJECT_ID is set (2.198823ms)
  ✔ rejects an app-audience token in preview mode (2.860734ms)
✔ gateIdentityFromHeaders (46.812685ms)
▶ gateIdentityEnabled
  ✔ is enabled by default with no gate env vars (0.132805ms)
  ✔ is disabled when VITE_AUTH_ENABLED is false (0.173265ms)
✔ gateIdentityEnabled (0.760307ms)
▶ gateTokenAudience
  ✔ pins app:<id> when GROK_PROJECT_ID is set, even alongside GROK_GATE_ORIGIN (0.1159ms)
  ✔ pins preview when GROK_PROJECT_ID is unset (0.059105ms)
✔ gateTokenAudience (0.339821ms)
▶ gateIdentityUserInfo
  ✔ falls back to a synthetic email and name for sub-only claims (0.132124ms)
  ✔ keeps real claims, lowercasing the email and marking it verified (0.090426ms)
✔ gateIdentityUserInfo (0.295042ms)
▶ sessionBoundToGateIdentity
  ✔ keeps the session when it is bound to the same gate sub (0.11102ms)
  ✔ rotates when the session belongs to a different gate sub (0.042594ms)
  ✔ rotates when the session user has no gate-bound account (0.039129ms)
✔ sessionBoundToGateIdentity (0.303367ms)
▶ resolveSignInGateState
  ✔ is pending while the session check is in flight, user or not (2.031908ms)
  ✔ is signed_in once a user is present (0.279186ms)
  ✔ is signed_out only after the check resolved with no user (0.188924ms)
✔ resolveSignInGateState (4.347889ms)
▶ briefing update log
  ✔ does not seed the passenger timeline with audit-only entries (4.769701ms)
  ✔ logs taxi, takeoff, and landing in everyday words (38.919902ms)
  ✔ logs a delay but ignores a routine 12-minute arrival adjustment (1.551656ms)
  ✔ ignores tiny schedule jitter (4.99442ms)
  ✔ logs material turbulence and thunderstorms without aviation codes (1.210139ms)
  ✔ ignores light-smooth chop chatter and dest-category flips (1.501756ms)
  ✔ uses was → now when turbulence eases (0.660761ms)
  ✔ ride briefing uses miles and does not mix airborne with no-signal (2.362524ms)
  ✔ separates landed from at-the-gate in the arrival brief (0.982865ms)
  ✔ does not repeat the same line (1.14708ms)
  ✔ does not add manual refreshes to the passenger timeline (0.441152ms)
  ✔ caps the log (9.482809ms)
  ✔ maps airport delay programs into plain words (1.530315ms)
✔ briefing update log (79.688279ms)
▶ on the move briefing
  ✔ describes a recorded departure without obsolete inbound or future push wording (1.251683ms)
✔ on the move briefing (1.478689ms)
✔ does not call an estimated movement time a reported departure (0.427125ms)
✔ refreshes current text even for changes below the history thresholds (0.360511ms)
▶ UAL219 curated briefing regression
  ✔ keeps one canonical pushback event when better evidence corrects its time (1.746234ms)
  ✔ does not describe the previous inbound leg as the current aircraft during final approach (0.467988ms)
  ✔ supersedes obsolete departure estimates after actual pushback and takeoff (0.879956ms)
  ✔ does not persist minor arrival or taxi estimate fluctuations (0.389127ms)
  ✔ collapses opposite arrival estimates and removes them after landing (1.589911ms)
✔ UAL219 curated briefing regression (5.417038ms)
▶ Overview record migration
  ✔ keeps completed trip events in the Briefing chronology with passenger labels (5.442596ms)
  ✔ logs meaningful gate changes and removes the standalone Overview Records card (2.451805ms)
  ✔ keeps live timing and arrival facts visible while secondary facts stay in disclosures (1.655728ms)
  ✔ keeps guarded live altitude and speed in the timing section and Refresh in the summary (1.108579ms)
✔ Overview record migration (11.19893ms)
▶ Briefing refresh feedback
  ✔ reports no change without adding a timeline entry (1.553922ms)
  ✔ recognizes a meaningful new update and keeps feedback out of history (7.673779ms)
  ✔ keeps a failed refresh distinct from no-change feedback (0.245838ms)
  ✔ shows a meaningful local update even if optional remote copy fails (0.381423ms)
✔ Briefing refresh feedback (10.170952ms)
▶ UA2762 approach status fluctuations
  ✔ does not record another takeoff when approach is reassessed as flight (0.471425ms)
  ✔ labels legacy stage entries without claiming physical takeoff or touchdown (0.233496ms)
✔ UA2762 approach status fluctuations (0.864338ms)
✔ validated actual takeoff confirms; scheduled, estimated and Departed alone do not (1.652765ms)
✔ fresh compatible airborne AGL or speed confirms without inventing an event time (1.615172ms)
✔ reject future clocks, wrong service dates/routes, conflicting identity, and device claims (0.477463ms)
✔ floor raises every pre-departure stage, preserves arrival stages and a go-around ride (0.192608ms)
✔ premature provider stamp with a fresh matched origin surface fix has no active latch (1.111218ms)
✔ provider stamp without any position latches immediately (0.128504ms)
✔ early origin surface fix revokes provider-only proof through the ten-minute boundary (0.33159ms)
✔ observed airborne proof survives surface conflict, including provider actual upgrades (0.96244ms)
✔ only real, fresh, positively matched origin surface fixes contradict a provider clock (0.669502ms)
▶ official provider normalization
  ✔ normalizes FR24 live kinematics (5.937ms)
  ✔ retains FR24 vertical rate for display while one unconfirmed sample stays cruise (1.071066ms)
  ✔ normalizes AeroAPI operational times and position (1.084979ms)
✔ official provider normalization (10.234765ms)
▶ position confidence fusion
  ✔ uses consensus and rejects a spatial outlier (1.358241ms)
  ✔ falls back when airborne providers are stale or absent (1.085027ms)
  ✔ protects sticky aircraft identity (0.417584ms)
  ✔ uses a fresh identity-compatible FR24 ground fix as the preferred surface source (0.586795ms)
  ✔ falls back to the best validated ground provider when FR24 is missing (1.190011ms)
  ✔ does not use a stale FR24 surface fix and resumes normal fusion once airborne (0.37658ms)
  ✔ shares the 30-second surface boundary with the story wrapper (0.938601ms)
  ✔ lets a much newer airborne fix beat a 25-second FR24 ground fix (0.338873ms)
  ✔ retains the FR24 ground preference when its fix is only two seconds older (0.290913ms)
  ✔ does not resurrect stale ground data when airborne data is absent or invalid (0.292424ms)
  ✔ requires matching identity, clear airborne evidence, and more than ten seconds of freshness advantage (0.413721ms)
✔ position confidence fusion (9.583723ms)
▶ same-number consecutive-leg selection
  ✔ keeps the arrived-but-not-gated leg ahead of the next same-number departure (0.504114ms)
✔ same-number consecutive-leg selection (0.733541ms)
▶ AA2668 touchdown ETA regression
  ✔ collapses from live geometry despite a stale provider ETA (9.274296ms)
  ✔ cannot expose a stale provider ETA at fresh touchdown geometry (0.25145ms)
✔ AA2668 touchdown ETA regression (9.734241ms)
{"event":"canonical_leg_key_unavailable","reason":"missing_scheduled","requested":"DL4820","ident":"EDV4820","origin":"MDW","destination":"MSP","scheduledDeparture":null,"serviceDate":null}
{"event":"canonical_leg_key_unavailable","reason":"missing_scheduled","requested":"DL4820","ident":"DAL4820","origin":"MDW","destination":"MSP","scheduledDeparture":null,"serviceDate":null}
{"event":"canonical_leg_key_unavailable","reason":"missing_scheduled","requested":"DL4820","ident":"EDV4820","origin":"MDW","destination":"MSP","scheduledDeparture":null,"serviceDate":null}
✔ FR24-only EDV/DAL alternation keeps one writable fallback row across cold stores and folds old alias state (3122.459243ms)
✔ EDV/DAL alternation keeps push/taxi/takeoff and arrival in one requested row across cold stores and late alias updates (2170.901774ms)
✔ validated alias folds isolate dates/routes and preserve CAS winners under concurrent cold loads (2099.132791ms)
✔ legacy provider row carries forward; handoff and cold stores use one canonical row, legacy untouched (2354.610493ms)
✔ fallback cold start carries old origKey forward; existing canonical state takes precedence (2789.644397ms)
✔ fallback-only cold start discovers dated provider rows, leaving opaque and tomorrow's rows untouched (3682.472261ms)
✔ simultaneous cold carry-forward and stale phase saves retain CAS/mergeForward (3344.168638ms)
✔ arrival carry-forward never overwrites a concurrent canonical winner (2822.942828ms)
✔ next-day and different-route polls do not carry old state forward (2031.351211ms)
✔ UA219 provider handoff fixture selects the same durable leg without changing stage logic (1.545247ms)
{"event":"canonical_leg_key_unavailable","reason":"missing_scheduled","requested":"UA219","ident":"UAL219","origin":"ORD","destination":"HNL","scheduledDeparture":null,"serviceDate":null}
✔ unvalidated FR24 state survives cold stores, folds forward, and reconciles later schedule gaps (1930.377159ms)
✔ fallback rows isolate different days/routes and UTC date is validated against scheduled clock (1771.508256ms)
{"event":"canonical_leg_key_unavailable","reason":"missing_scheduled","requested":"UA219","ident":"UAL219","origin":"ORD","destination":"HNL","scheduledDeparture":null,"serviceDate":null}
{"event":"canonical_leg_key_unavailable","reason":"missing_scheduled","requested":"UA219","ident":"UAL219","origin":"ORD","destination":"HNL","scheduledDeparture":null,"serviceDate":null}
{"event":"canonical_leg_key_unavailable","reason":"missing_scheduled","requested":"UA219","ident":"UAL219","origin":"ORD","destination":"HNL","scheduledDeparture":null,"serviceDate":null}
{"event":"canonical_leg_key_unavailable","reason":"missing_scheduled","requested":"UA219","ident":"UAL219","origin":"ORD","destination":"HNL","scheduledDeparture":null,"serviceDate":null}
{"event":"canonical_leg_key_unavailable","reason":"route_mismatch","requested":"UA219","ident":"UAL219","origin":"ORD","destination":"LAX","scheduledDeparture":null,"serviceDate":null}
{"event":"canonical_leg_key_unavailable","reason":"missing_scheduled","requested":"UA219","ident":"UAL219","origin":"ORD","destination":"HNL","scheduledDeparture":null,"serviceDate":null}
✔ schedule-less push/taxi and arrival survive midnight in cold stores, only from a recent same-route row (2124.959847ms)
[flight-phase-state] save conflict retry also lost the race { landKey: 'leg:v1:UAL219|2026-10-02|ORD|HNL' }
✔ confirmed takeoff survives concurrent stale CAS writes and same-version omissions (1811.496728ms)
✔ confirmed takeoff never crosses a scheduled service day or route (1863.093712ms)
✔ early provider revocation survives stale CAS, omissions and legacy folds; observed races remain permanent (1899.435344ms)
{"event":"canonical_leg_key_unavailable","reason":"service_date_mismatch","requested":"UA219","ident":"UAL219","origin":"ORD","destination":"HNL","scheduledDeparture":1790952900,"serviceDate":"2026-10-03"}
{"event":"canonical_leg_key_unavailable","reason":"route_mismatch","requested":"UA219","ident":"UAL219","origin":"ORD","destination":"HNL","scheduledDeparture":1790952900,"serviceDate":"2026-10-02"}
{"event":"canonical_leg_key_unavailable","reason":"missing_scheduled","requested":"UA219","ident":"UAL219","origin":"ORD","destination":"HNL","scheduledDeparture":null,"serviceDate":"2026-10-02"}
{"event":"canonical_leg_key_unavailable","reason":"service_date_mismatch","requested":"DL4820","ident":"EDV4820","origin":"MDW","destination":"MSP","scheduledDeparture":1791054000,"serviceDate":"2026-10-04"}
{"event":"canonical_leg_key_unavailable","reason":"route_mismatch","requested":"DL4820","ident":"EDV4820","origin":"MDW","destination":"MSP","scheduledDeparture":1791054000,"serviceDate":"2026-10-03"}
{"event":"canonical_leg_key_unavailable","reason":"service_date_mismatch","requested":"DL4820","ident":"DAL4820","origin":"MDW","destination":"MSP","scheduledDeparture":1791054000,"serviceDate":"2026-10-04"}
{"event":"canonical_leg_key_unavailable","reason":"route_mismatch","requested":"DL4820","ident":"DAL4820","origin":"MDW","destination":"MSP","scheduledDeparture":1791054000,"serviceDate":"2026-10-03"}
{"event":"canonical_leg_key_unavailable","reason":"service_date_mismatch","requested":"DL4820","ident":"9E4820","origin":"MDW","destination":"MSP","scheduledDeparture":1791054000,"serviceDate":"2026-10-04"}
{"event":"canonical_leg_key_unavailable","reason":"route_mismatch","requested":"DL4820","ident":"9E4820","origin":"MDW","destination":"MSP","scheduledDeparture":1791054000,"serviceDate":"2026-10-03"}
{"event":"canonical_leg_key_unavailable","reason":"route_mismatch","requested":"UA219","ident":"UAL219","origin":"ORD","destination":"MSY","scheduledDeparture":1790952900,"serviceDate":"2026-10-02"}
{"event":"canonical_leg_key_unavailable","reason":"route_mismatch","requested":"DL4820","ident":"EDV4820","origin":"MDW","destination":"MSP","scheduledDeparture":null,"serviceDate":null}
{"event":"canonical_leg_key_unavailable","reason":"missing_scheduled","requested":"UA219","ident":"UAL219","origin":"ORD","destination":"HNL","scheduledDeparture":null,"serviceDate":"2026-10-02"}
✔ provider-ID -> dated fallback -> provider-ID uses the same canonical IATA leg key (23.488286ms)
✔ next day's same flight number has a different key (0.574176ms)
✔ different routes have different keys (0.698889ms)
✔ scheduled departure date uses origin local time, not UTC or delayed actual time (0.404662ms)
✔ reject mismatched service date/route and missing scheduled departure (3.257129ms)
✔ requested carrier and normalized number select the key, regardless of provider carrier (0.745876ms)
✔ DL4820 uses DAL across EDV/DAL provider alternation and only folds validated same-leg aliases (5.475978ms)
✔ provider aliases use the validated origin-local day, including a UTC date boundary (2.048236ms)
✔ already resolved provider airports outside the local catalog retain durable identity (4.184926ms)
✔ each unavailable canonical key logs its specific reason and selects separate durable fallback (2.508378ms)
✔ unvalidated key preserves origKey's scheduled/estimated/actual/now UTC date source (0.289399ms)
✔ schedule-less identity prefers the request and folds only same-day/route provider fallback aliases (2.385452ms)
✔ device-only fallback and canonical resumes never write or carry legacy into shared rows (0.859745ms)
▶ regional codeshare idents
  ✔ maps marketed Delta Connection 9E to Endeavor EDV (1.326728ms)
  ✔ keeps marketed DL5305 as DAL5305, not the regional operator (0.321196ms)
  ✔ parses operator callsign EDV5305 when the passenger types that (0.154631ms)
  ✔ maps other US regionals used as codeshares (0.340163ms)
  ✔ still treats a DL5305 story as the flight the passenger asked for (0.279259ms)
✔ regional codeshare idents (3.980001ms)
▶ airline identity isolation
  ✔ resolves both Allegiant formats without switching to American (0.261123ms)
  ✔ rejects a wrong airline even when the original query was echoed (3.377114ms)
✔ airline identity isolation (10.063551ms)
▶ mergeForward
  ✔ keeps a present push when the other side has none (6.034669ms)
  ✔ keeps a present taxiOut when the other side has none (0.203254ms)
  ✔ prefers the earlier push when both sides have one and neither is provider_actual (0.174331ms)
  ✔ prefers a provider_actual push over a later-or-earlier track/live detection (0.174974ms)
  ✔ falls back to earliest-wins between two provider_actual records (0.139745ms)
  ✔ prefers the numerically later taxiOut when both sides have one (0.231061ms)
  ✔ resolves push and taxiOut independently, never all-or-nothing (0.22143ms)
  ✔ returns an empty state when both sides are empty (0.125757ms)
✔ mergeForward (8.733571ms)
▶ phaseStateEqual
  ✔ treats two empty states as equal (3.327715ms)
  ✔ treats identical non-empty states as equal (0.894394ms)
  ✔ treats a changed push as not equal (0.203072ms)
  ✔ treats a changed taxiOut as not equal (0.164594ms)
  ✔ treats a present vs. absent field as not equal (0.533403ms)
✔ phaseStateEqual (5.64996ms)
▶ confirmed takeoff merge
  ✔ never erases confirmation with an empty or stale ground state (0.321124ms)
  ✔ keeps provider actual time over observed and the first confirmation, in either order (0.428398ms)
  ✔ observations keep a null event time and confirmations merge associatively (0.409361ms)
  ✔ revoked stamps cannot return through a merge, corrected stamps can, and observed proof is retained (0.629638ms)
✔ confirmed takeoff merge (2.352366ms)
✔ leaving aborts the pending transport, removes only this story, and cannot schedule retries after focus/reconnect (44.383611ms)
✔ a not-found query makes one request and stays stopped on focus/reconnect; explicit retry can recover (23.355635ms)
✔ verified not-found stops; empty/402/ambiguous-404 source failures retain bounded retries (2.08169ms)
✔ an initial temporary outage makes at most five requests and focus/reconnect cannot reset the budget (41.819354ms)
✔ the existing 35-second transport deadline aborts, and an already-cancelled search never starts (3.140432ms)
✔ every server/wrapper stage has an explicit progress and pager mapping (2.515282ms)
✔ origin-local canonical day keeps baggage, airline and history identities stable when originals are cleared (36.617594ms)
✔ eight-hour slip retains the operational fallback rule independent of original schedule memory (0.725564ms)
✔ legacy posted clocks and validated dates work without original fields; wrong-route keys cannot choose a date (1.928806ms)
✔ same flight tomorrow and a different route have separate history identities (0.366731ms)
✔ canonical state identity matches diversion alerts through provider-ID handoff with null originals (1.024583ms)
▶ passenger miles
  ✔ rounds the same way for a long remaining distance (23.612609ms)
  ✔ handles short remaining distance (0.302917ms)
  ✔ still exports formatNm for airside distances (0.161944ms)
✔ passenger miles (25.435353ms)
▶ long-route cache subsample
  ✔ keeps Hawaii to Chicago connected after even thinning (3.082489ms)
✔ long-route cache subsample (3.630003ms)
✔ Chicago acquisition reuses the three existing free providers and the one covering 50nm geometry (13.302984ms)
✔ accepted boundary preserves real motion, altitude, vertical rate, metadata and opaque IDs (2.085039ms)
✔ normalization never invents a missing or invalid track, speed, altitude or vertical rate (2.078177ms)
✔ real response latency advances source age without resetting the authoritative fix timestamp (0.499302ms)
✔ Nearby opt-in observed fusion preserves a fast real fix while a slower provider finishes (1.179833ms)
✔ strict existing32s airborne and45s ground rules reject stale and future fixes (0.644509ms)
✔ conflicting current callsigns or registrations are rejected after existing fusion (0.735295ms)
✔ persisted previous observation rejects cold-instance teleport and regressed timestamp (0.720289ms)
✔ current evidence requirement rejects warm old and fusion-extrapolated positions (0.374928ms)
✔ normalization crops to covering collection and preserves ground/vehicle evidence for ranking boundary (0.56169ms)
✔ opaque IDs persist within one aircraft session and change when accepted callsign changes (0.584684ms)
✔ optional identity omissions preserve private session continuity without fabricating current identity (0.646075ms)
✔ session identity continuity expires after120s observed gap and new identity gets new opaque IDs (0.594041ms)
✔ overlong identifiers are unknown rather than truncated into invented callsigns or registrations (0.580364ms)
✔ successful empty is truly empty despite previously remembered fusion tracks (1.397054ms)
✔ partial usable acquisition publishes partial; partial empty and rejected-only are coverage failures (4.926272ms)
✔ status-aware failures and malformed payloads preserve health backoff and legacy behavior (2.328958ms)
✔ extracted existing interesting signal is behavior-equivalent for all known frame types and years (1.228488ms)
✔ private acquisition does not call paid or per-flight APIs and legacy fixture code remains disconnected (1.456818ms)
✔ 100 independent viewers use one SQL lease and one three-call acquisition cycle (3473.564098ms)
✔ Failure preserves last-safe positions, advances backoff, and cannot stampede (2795.774374ms)
✔ Demand and private ticks stop at activity expiry, then reactivate; cleanup stays bounded (2338.13133ms)
✔ Successful empty and partial are distinct from failure; original fix age controls serving (3188.781797ms)
✔ Database coordination errors stop acquisition rather than falling back per viewer (2.442595ms)
✔ Private Chicago, ORD and MDW entry points reuse the same accepted collection and recalculate their views (2746.508518ms)
✔ A publication racing view construction keeps shared incumbents and returns the new telemetry version (2917.968099ms)
✔ Nearby display motion uses accepted ground track and knots with spherical distance (3.00844ms)
✔ Spherical extrapolation remains bounded and wraps the antimeridian at high latitude (0.348024ms)
✔ Prediction stops at 25 seconds and stays fixed through stale and expired telemetry (0.369397ms)
✔ Missing or invalid motion, unknown ground state and derived anchors never extrapolate (0.323508ms)
✔ Invalid anchor/time has no display position and tolerated clock skew cannot move backward (0.592676ms)
✔ A new authoritative fix replaces a large prediction disagreement without mutation or vertical invention (1.319564ms)
✔ Cold Nearby polls agree with main on one-sample jitter and sustained altitude movement (16.858355ms)
✔ Cold jitter evidence is bounded and flat altitude overrides instantaneous provider rates (30.960903ms)
✔ Repeated authoritative timestamps retain old proof without manufacturing new proof (1.270217ms)
✔ Session change or expired continuity drops phase evidence; identity omissions preserve it (1.709478ms)
✔ Geometric provider rates are preserved when barometric rates are unavailable (1.179659ms)
✔ Dense accepted collections with phase evidence stay within the existing durable byte cap (109.338291ms)
✔ 100 independent engines share one cold aircraft acquisition and zero viewer-triggered route lookups (8200.372033ms)
✔ 100 explicit route workers collapse callsigns and share two-per-collection/six-per-rolling-minute SQL budgets (17051.713169ms)
✔ Concurrent provider outage uses shared negative retry protection and cannot remove or destabilize accepted aircraft (3326.342089ms)
✔ Radar immediately returns accepted telemetry while optional route reads are blocked or failing (51.794069ms)
✔ Chicago, ORD and MDW share route hints and one collection, without a worker configured by default (113.519083ms)
✔ Route-neutral construction selects twelve eligible aircraft and retains all five current incumbents (15.439676ms)
✔ Enrichment pool ignores existing route weights and excludes old, conflicting and ineligible observations (8.935306ms)
✔ Positive cache overlays private copies only while negative, malformed and expired hints leave routes unknown (2.392448ms)
✔ Only the bounded pool receives cache overlays; unknown routes remain eligible and populate Radar (37.168307ms)
✔ Generic hint expiry is logical; a fresh telemetry snapshot needs fresh evidence after expiry (0.393458ms)
✔ Existing Inbound confirmed or hint evidence wins a route disagreement without mutation (0.462535ms)
✔ Confirmed routes require every existing dated identity and freshness binding (0.533995ms)
✔ Callsign or session changes do not inherit cached aliases or confirmed dated bindings (1.536244ms)
✔ Existing hint and confirmed weights are exactly five/fifteen with association only for confirmation (0.908239ms)
✔ Route transitions use the existing five-slot board, ninety-second hold and twenty-point margin (1.53279ms)
✔ At most one competitive replacement and deterministic ties survive concurrent-route score transitions (0.850803ms)
✔ Featured route display uses only safe route fields and an optional matching generic airline label (0.798338ms)
✔ Enriched Radar retains accepted track, excludes all private route/evidence fields and stops motion at twenty-five seconds (1.477798ms)
✔ Viewer cache reads never call a fake provider; explicit construction consumes at most two missing keys (7.039097ms)
✔ Lookup failures and wrong callsigns publish negative retry protection without removing accepted aircraft (1.664976ms)
✔ Cache outage and stale or failed aircraft snapshots do no provider work (1.448937ms)
✔ Negative expiry can become a positive hint, then accepted dated confirmation, while the incumbent board stays stable (4.551684ms)
✔ Route DDL creates only bounded mutable hint/budget tables, is idempotent, and stays opt-in (2927.226571ms)
✔ SQL enforces route fields, positive/negative maximum TTL, environment and six-start budget bounds (2772.927473ms)
✔ 100 cold shared callers collapse the same callsign to one lease and one charged lookup (3720.322212ms)
✔ Budget allows two per actual collection cycle and six per rolling minute, including exact boundary (3425.967536ms)
✔ Positive and negative cache reuse survives collection refresh; failure retries after sixty seconds (3000.954469ms)
✔ Crashes, stale owners and duplicate writers are fenced without a retry stampede (1998.024963ms)
✔ Claims require the current fresh active successful collection and isolate environments (2038.338516ms)
✔ Cleanup cannot erase cycle or rolling quota; collection recreation has a new actual snapshot cycle (2181.059816ms)
✔ Concurrent cleanup and claims after collection recreation preserve two winners and the shared budget (2047.084397ms)
✔ Per-environment row cap includes pending hints and expired rows are pruned on claim (2029.150269ms)
✔ Database-clock claims resample time after waiting for the budget lock path (1995.996584ms)
✔ Default route store ignores caller clocks; missing shared DB and malformed publications fail closed (1978.150645ms)
✔ Observed callsign normalization preserves operating identity without marketing aliases (2.429745ms)
✔ Observed callsign normalization rejects malformed and oversized identities (0.760048ms)
✔ Positive route hint records only generic evidence and the original normalized callsign (2.902385ms)
✔ A positive route hint may contain one endpoint but cannot invent a missing endpoint (1.299021ms)
✔ A negative route hint has no route or airline information and a 60-second TTL (0.362763ms)
✔ Generic callsign route lookup can never claim a confirmed occurrence (0.45414ms)
✔ Route hints reject malformed endpoint codes instead of parsing route strings (1.537043ms)
✔ Lookup shape rejects missing, extra, raw-provider and dated-occurrence fields (0.567154ms)
✔ Lookup accepts only the exact normalized observed key and valid outcomes (5.521277ms)
✔ Safe Unicode airline labels are preserved within the display text bound (1.333644ms)
✔ Airline labels reject padding, empty text, control characters, markup and URLs (1.891249ms)
✔ Private source class is bounded ASCII classification rather than a provider URL or payload (0.789022ms)
✔ Serialized hint shape requires both timestamps and excludes extra private payloads (0.640579ms)
✔ Serialized route timestamps must be valid bounded ISO instants (1.113296ms)
✔ Positive and negative TTL limits include the exact maximum and reject any excess (0.473055ms)
✔ Logical hint expiry is strict and does not revive a positive or negative entry (0.488926ms)
✔ Unusable route evidence is ignored and future timestamps have only the existing one-second tolerance (1.523136ms)
✔ Cold SQL stores preserve bounded phase evidence and use main's sustained classifier (4348.130422ms)
✔ Publication rejects oversized, malformed, repeated, reordered or expired private phase evidence (2638.131692ms)
✔ Dense normalized phase snapshots fit the actual SQL JSONB byte constraint (3965.378557ms)
✔ Nearby migration applies only two bounded current-state tables to disposable PGlite (2806.19883ms)
✔ 100 independent cold stores share one SQL lease and one gated provider acquisition (2208.358989ms)
✔ lease fencing rejects late writers, duplicate publication, failure and owner ABA (1741.382977ms)
✔ failure preserves last-safe data/version, backs off 20/40/80/120 and resets on success (1815.9987ms)
✔ activity expires, requests reactivate, logical expiry precedes scoped cleanup (1790.101816ms)
✔ shared ranked views use collection/version CAS and preserve outage slots (1889.796359ms)
✔ invalid publication and unavailable shared DB never bypass coordination (1664.68927ms)
✔ default coordination uses the database clock even when callers supply a future clock (1750.78141ms)
✔ Radar can contain 100 accepted symbols while featured remains the same four/five prefix (74.581204ms)
✔ Renderer boundary preserves accepted anchors and telemetry while omitting private/provider/token data (4.607124ms)
✔ Unidentified accepted aircraft populate Radar with a neutral ident and no invented track (6.293344ms)
✔ Existing ranking eligibility rejects vehicles, ground aircraft, unsafe positions and conflicts (1.144774ms)
✔ Ranking deduplication selects the newest telemetry for Radar as well as featured cards (1.063212ms)
✔ Chicago, ORD and MDW reuse one collection but independently calculate proximity, crop and ranking (2.333094ms)
✔ Last-safe stale reads preserve featured order and report actual age without advancing accepted positions (2.321882ms)
✔ Telemetry and publication hard cutoffs remove old aircraft even when cached ranking state remains (1.095317ms)
✔ View assembly is pure and byte-bounded even when a private radar identifier is unexpectedly oversized (1.246957ms)
▶ passenger next-event lifecycle
  ✔ never sends final approach back to a departure event (1.088308ms)
  ✔ follows arrival stages monotonically (0.190778ms)
✔ passenger next-event lifecycle (2.607434ms)
▶ passenger airport presentation
  ✔ uses observations rather than publishing flight categories (2.672815ms)
  ✔ formats the UA219 gate event in Honolulu time, not the current wall clock (26.141825ms)
✔ passenger airport presentation (29.123332ms)
✔ Nearby fixture: healthyChicago (3.868456ms)
✔ Nearby fixture: ord (0.749309ms)
✔ Nearby fixture: mdw (0.587689ms)
✔ Nearby fixture: fourCardBoard (0.582527ms)
✔ Nearby fixture: fewerThanFour (0.745151ms)
✔ Nearby fixture: unknownRoute (0.458657ms)
✔ Nearby fixture: routeHint (0.663986ms)
✔ Nearby fixture: confirmedRoute (0.990707ms)
✔ Nearby fixture: extrapolatedPosition (1.005366ms)
✔ Nearby fixture: partialCoverage (8.319709ms)
✔ Nearby fixture: staleLastKnown (0.719484ms)
✔ Nearby fixture: emptySuccess (0.260846ms)
✔ Nearby fixture: feedUnavailable (0.275499ms)
✔ Nearby fixture: warming (0.282904ms)
✔ Nearby fixture: missingArea (0.279363ms)
✔ Nearby fixture: invalidArea (0.237927ms)
✔ Detail fixture: predeparture (5.239528ms)
✔ Detail fixture: pushbackDetected (0.979103ms)
✔ Detail fixture: taxiOut (7.288078ms)
✔ Detail fixture: takeoffRoll (0.904742ms)
✔ Detail fixture: airborne (0.85882ms)
✔ Detail fixture: arrival (0.91443ms)
✔ Detail fixture: finalApproach (0.899741ms)
✔ Detail fixture: landedTaxiIn (0.951513ms)
✔ Detail fixture: atGate (1.185546ms)
✔ Detail fixture: cancelled (1.311899ms)
✔ Detail fixture: diverted (1.148852ms)
✔ Detail fixture: stalePosition (1.242919ms)
✔ Detail fixture: noPosition (0.975741ms)
✔ Detail fixture: inferredLanding (1.161866ms)
✔ Detail fixture: providerActualLanding (1.303495ms)
✔ Detail fixture: unknownTimeProvenance (1.10783ms)
✔ Result fixture: resolved (1.268532ms)
✔ Result fixture: ambiguous (1.728467ms)
✔ Result fixture: notFound (0.198983ms)
✔ Result fixture: unavailable (0.466966ms)
✔ Result fixture: expired (0.165188ms)
✔ Result fixture: unsupported (0.246641ms)
✔ Result fixture: invalidRequest (0.212432ms)
✔ Result fixture: repeatedSameDay (0.579621ms)
✔ Strict request variants reject unknown and mixed properties at every level (4.316792ms)
✔ Dates, UTC instants, IANA zones and handle formats validate (0.997101ms)
✔ Nulls stay null; missing fact is not a false, zero, empty, or value:null (2.63592ms)
✔ Every public numeric kind rejects NaN/infinities and out-of-range coordinates (11.530926ms)
✔ Five-card/candidate, 128-point, UTF-8 payload and text bounds (13.394203ms)
✔ Nearby status invariants distinguish empty, outage, invalid and last-known (8.207064ms)
✔ All detailed result statuses enforce their discriminated invariants (6.582997ms)
✔ Route, selection, provenance, source attribution and unknown-position invariants (6.565087ms)
✔ Repeated same-day operations remain explicit choices with distinct handles (0.931312ms)
✔ Unsupported/missing area resolution is entirely synchronous, before acquisition (1.519608ms)
✔ Exported versioned JSON schemas prohibit additional properties recursively (16.589744ms)
✔ All approved aliases resolve inside Inbound with exact defaults (6.194006ms)
✔ Unsupported aliases/radii/limits/point input fail safely without clamping (4.461636ms)
✔ Nine views fit the proposed Chicago covering circle and re-crop independently (2.707318ms)
✔ Distance is nautical miles from area reference; statute conversion is display-only (1.071988ms)
✔ View key excludes per-viewer limit, identity and position options (0.451794ms)
✔ Foundation and fixture proof import no provider, live story, DB runtime, or current web UI (4.381336ms)
✔ Deployment is exactly three audited files byte-identical to the fixture build (451.097969ms)
✔ Negative safety fixtures reject outbound clients, forbidden modules, dynamic code, endpoints and credentials (3234.031786ms)
{"fixtureOnly":true,"method":"initialize","toolCalls":0,"egressPolicy":"static-isolation"}
{"fixtureOnly":true,"method":"tools/list","toolCalls":0,"egressPolicy":"static-isolation"}
{"fixtureOnly":true,"method":"resources/list","toolCalls":0,"egressPolicy":"static-isolation"}
{"fixtureOnly":true,"method":"resources/read","toolCalls":0,"egressPolicy":"static-isolation"}
{"fixtureOnly":true,"method":"tools/call","toolCalls":1,"egressPolicy":"static-isolation"}
{"fixtureOnly":true,"method":"tools/call","toolCalls":2,"egressPolicy":"static-isolation"}
{"fixtureOnly":true,"method":"tools/call","toolCalls":3,"egressPolicy":"static-isolation"}
{"fixtureOnly":true,"method":"tools/call","toolCalls":4,"egressPolicy":"static-isolation"}
{"fixtureOnly":true,"method":"tools/call","toolCalls":5,"egressPolicy":"static-isolation"}
✔ Compiled fixture works through real HTTP/Undici without changing host globals or Node builtins (491.637457ms)
{"fixtureOnly":true,"method":"initialize","toolCalls":0,"egressPolicy":"static-isolation"}
{"fixtureOnly":true,"method":"tools/list","toolCalls":0,"egressPolicy":"static-isolation"}
{"fixtureOnly":true,"method":"resources/list","toolCalls":0,"egressPolicy":"static-isolation"}
{"fixtureOnly":true,"method":"resources/read","toolCalls":0,"egressPolicy":"static-isolation"}
{"fixtureOnly":true,"method":"tools/call","toolCalls":1,"egressPolicy":"static-isolation"}
{"fixtureOnly":true,"method":"tools/call","toolCalls":2,"egressPolicy":"static-isolation"}
{"fixtureOnly":true,"method":"tools/list","toolCalls":2,"egressPolicy":"static-isolation"}
✔ Preview is read-only, fixture-only, bounded, and fails closed for production, secrets and expired test windows (54.597752ms)
✔ Fixture import leaves host transport and instrumentation writable (0.55342ms)
✔ Radar projection centers the named reference and preserves north/east and aspect ratio (1.200931ms)
✔ Radar projection rejects invalid coordinates and identifies out-of-view observations (0.357163ms)
✔ Same four existing fixture coordinates and timestamps survive Chicago/ORD/MDW reads (4.005448ms)
✔ Fixture response excludes aircraft outside the requested area before applying limit (0.695566ms)
✔ Radar fits deterministic airport and aircraft coordinates with valid mobile geometry (1.336817ms)
✔ Radar UI remains self-contained and passes the same build-time safety check (94.497138ms)
✔ Fixture tool never resolves flights, preserves nulls, and honors area/presentation input (17.989255ms)
✔ Self-contained UI resource has valid JS, safe fixture text and explicit host fallback (5.22956ms)
✔ Local MCP protocol discovery, UI metadata, JSON transport and safety boundaries (160.395372ms)
✔ Plugin phase shares Inbound's sustained evidence rules while raw display trend remains instantaneous (7.506428ms)
✔ Display-only vertical trend preserves its separate +/-250 fpm thresholds (0.508303ms)
✔ Shared destination geometry requires confirmed dated routes before an approach label (0.899963ms)
✔ Every hard eligibility exclusion is enforced, while unknown route/private identity remains eligible (5.602486ms)
✔ Exact score tops out at 128 and bonuses follow the frozen policy (2.046876ms)
✔ Confirmation ages and aircraft-session binding downgrade safely (0.441045ms)
✔ Ranking ties use score, distance, fix time then opaque card ID; input order is irrelevant (2.715941ms)
✔ Private identity deduplication picks the fresh fix and rejects conflicting sessions (0.779318ms)
✔ Shared top five and all one-to-five limits use one deterministic prefix (3.665496ms)
✔ Incumbents are held for 90 seconds despite a large challenger score (1.131208ms)
✔ Twenty-point margin is inclusive; one competitive replacement per version (2.001084ms)
✔ Hard removal bypasses hold, fills vacancies, and preserves surviving relative order (1.012562ms)
✔ Changing scores never sorts incumbents; reverse ranking tie breaks select the worst (1.634669ms)
✔ Outage does not rank or replace; cold failure has no board; inactive state expires (0.719773ms)
✔ Staged design is outside both automatic migration discovery paths (3.644876ms)
✔ Ephemeral DDL validates using existing local PGLite and Sql surface only (4190.113738ms)
▶ schedule-only presentation memory
  ✔ never remembers actual-only push, takeoff, or landing as scheduled (5.474425ms)
  ✔ never remembers estimated-only push, takeoff, or landing as scheduled (0.268724ms)
  ✔ remembers original schedules, and explicitly scheduled posted values (0.263394ms)
  ✔ uses explicit stamps to reject unscheduled server orig* seeds, including matching actual values (0.240029ms)
  ✔ hides unproven orig* seeds when the server schedule cannot supply explicit stamps (0.195721ms)
  ✔ keeps a known schedule across provider gaps without letting an earlier estimate replace it (0.178844ms)
  ✔ accepts a schedule equal to an actual when explicitly proven, including landing without pushback (0.965296ms)
  ✔ rejects nonfinite values (0.493453ms)
✔ schedule-only presentation memory (10.149976ms)
▶ shared time labels and local clocks
  ✔ uses the reported kind rather than guessing from equal clock times (0.510818ms)
  ✔ adds the device-local abbreviation to update clocks, including daylight saving and UTC (24.081345ms)
✔ shared time labels and local clocks (29.111152ms)
▶ next weather before strongest weather
  ✔ leads with light at 11 minutes, then moderate at 3h 48m, using the map/Weather copy (2.430869ms)
  ✔ removes passed events, includes an event starting now, and does not mutate samples (0.81453ms)
  ✔ does not invent a stronger secondary event for equal or weaker weather (1.081694ms)
✔ next weather before strongest weather (4.578475ms)
▶ radar tiles
  ✔ covers HNL through ORD, including Utah and the Midwest (2.633821ms)
  ✔ still covers a short domestic hop at a tighter zoom (0.293719ms)
  ✔ does not starve the east side of a wide box (1.13553ms)
✔ radar tiles (6.86166ms)
✔ filed-only and track holds keep geometry, last known progress and age together across provider IDs (2.437652ms)
✔ holds guard stateKey, service date and route; validated reroutes and landing own the new geometry (0.354362ms)
✔ fresh recovery projects the new real fix on held geometry instead of freezing old progress (0.852587ms)
✔ a runway change or deactivated arrival plan cannot reapply the previous approach (0.983768ms)
✔ free pan stops half a route screen beyond each edge (2.333389ms)
✔ free map zoom cannot shrink below 0.75 or exceed 12 (0.314451ms)
✔ bounds contain the viewport within the route buffer at every scale and aspect (0.563504ms)
✔ weather preview retains its existing zoom and pan limits (0.25776ms)
✔ filed → direct → filed, cold stores, reroute and concurrent weak polls retain the best same-leg geometry (4244.499037ms)
✔ route memory rejects unvalidated waypoints and isolates date/route/diversion changes (2.218871ms)
✔ loading aliases is read-only; their facts fold with a concurrent poll in one final CAS save (2648.558807ms)
✔ UA219 oceanic gap retains last observed progress and clock; fresh recovery resumes (2.620598ms)
✔ fresh progress accepts only real, timed airborne fixes within 90 s (0.428617ms)
✔ large tracks stay bounded and preserve the first and latest real observation (20.370784ms)
✔ light and explicit light-to-moderate are yellow; moderate-to-severe is red (1.964017ms)
✔ a continuous light-then-moderate event has one marker and changes color at the moderate sample (2.772021ms)
✔ a smooth gap of five minutes or less splits numbers and stays teal (0.585341ms)
✔ storm-only and cloud-only events have icons, not turbulence numbers (0.719221ms)
✔ each marker is exactly the first point of its segment, including unsorted samples and partial progress (1.351081ms)
✔ explicit light-to-moderate retains its yellow range label instead of becoming plain moderate (0.454419ms)
✔ yellow and red tokens contrast with both themes and the radar outline background (3.479976ms)
▶ runway chip screen layout
  ✔ places the chip opposite downwind without crossing a line or airport at 375px (2.142124ms)
  ✔ places the chip opposite downwind without crossing a line or airport at 390px (0.356294ms)
  ✔ hides a tiny overview approach and an offscreen threshold (0.286048ms)
  ✔ repositions for zoom and pan instead of clamping across the approach (0.539339ms)
  ✔ keeps the aircraft and overlay pills clear, or hides when no safe space remains (2.999793ms)
  ✔ handles segments crossing the screen with both endpoints outside (1.476609ms)
  ✔ uses the other side for a mirrored downwind (0.305585ms)
✔ runway chip screen layout (10.467951ms)
▶ departure evidence
  ✔ does not mark UA1532 airborne while its takeoff is still in the future (2.282314ms)
  ✔ does not treat gate departure alone as takeoff (0.519475ms)
  ✔ keeps an old FlightAware fix at its observed location (0.805978ms)
✔ departure evidence (5.825821ms)
▶ FlightAware JSON
  ✔ parses an object even when a string contains braces (0.516217ms)
✔ FlightAware JSON (5.075204ms)
▶ FA altitude
  ✔ treats FlightAware hundreds as feet (0.291099ms)
✔ FA altitude (0.42529ms)
▶ airborne without takeoff actual
  ✔ uses estimated takeoff once the flight is airborne (0.251334ms)
✔ airborne without takeoff actual (0.419129ms)
▶ live from FA track
  ✔ uses the last track point when top-level coord is missing (0.732725ms)
✔ live from FA track (0.892134ms)
▶ estimated takeoff is not observation
  ✔ keeps off-block flights on the ground when an airborne label precedes actual takeoff (0.266685ms)
✔ estimated takeoff is not observation (0.399269ms)
✔ each cache hit/miss/coalesced request logs duration, schedule source, fallback outcome and category (4.479775ms)
✔ overlapping flights keep request diagnostics isolated, including failure and cached-source recovery (1.739518ms)
▶ world country rings
  ✔ covers major landmasses (23.983077ms)
  ✔ does not scribble across the antimeridian (33.714537ms)
  ✔ shows countries on overseas route boxes (2.096581ms)
✔ world country rings (61.280532ms)
▶ admin1 rings
  ✔ includes US states, Canada provinces, Mexico states, Hawaii (2.470535ms)
  ✔ does not scribble across the antimeridian (20.952276ms)
✔ admin1 rings (25.078339ms)
▶ Great Lakes shoreline
  ✔ distinguishes Lake Michigan from Michigan land and preserves its islands (5.655161ms)
✔ Great Lakes shoreline (6.139736ms)
▶ route PIREP bounds
  ✔ bounds Chicago to Los Angeles and ignores invalid coordinates (3.28165ms)
  ✔ splits a dateline crossing into two narrow boxes (1.328148ms)
✔ route PIREP bounds (15.427617ms)
▶ route advisory validity
  ✔ omits a SIGMET or CWA before issue validity and after expiry (6.668476ms)
  ✔ matches a forecast snapshot to the time the aircraft reaches it (0.744874ms)
✔ route advisory validity (10.115647ms)
▶ altitude-aware AIRMET
  ✔ skips high-alt turbulence near the ground on arrival (1.938134ms)
  ✔ applies low-level AIRMET and LLWS only near the field (0.652876ms)
  ✔ parses FL bands (2.361373ms)
  ✔ uses severity when present (0.579677ms)
✔ altitude-aware AIRMET (6.192246ms)
▶ PIREP association
  ✔ rejects PIREPs that are far or at the wrong altitude (0.455136ms)
  ✔ reads FL from raw PIREP text (1.520418ms)
✔ PIREP association (2.210721ms)
▶ filed snapshot vs live delta
  ✔ keeps the first digest and reports weather deltas later (2.507938ms)
  ✔ hash changes when chop changes (0.445679ms)
✔ filed snapshot vs live delta (3.144372ms)
▶ TAF passenger line
  ✔ mentions tempo thunderstorms and low ceiling (1.238285ms)
  ✔ does not report a later storm as weather at an earlier arrival time (1.243312ms)
✔ TAF passenger line (2.662082ms)
▶ corridor stations
  ✔ picks airports near the path, not origin or dest (0.543594ms)
✔ corridor stations (0.714164ms)
▶ worseChop
  ✔ ranks severe over light (0.285246ms)
✔ worseChop (0.472542ms)
▶ airport-leg turbulence evidence
  ✔ rejects missing or high layers below 10,000 feet (0.246602ms)
  ✔ requires a nearby low-level PIREP, preserving cruise reports (0.338139ms)
✔ airport-leg turbulence evidence (0.725157ms)
ℹ tests 907
ℹ suites 88
ℹ pass 904
ℹ fail 2
ℹ cancelled 0
ℹ skipped 0
ℹ todo 1
ℹ duration_ms 60587.939939

✖ failing tests:

test at scripts/flight-audit-regression.test.mjs:836:3
⚠ loads an exact route from a FlightStats-style public status page (1.348709ms) # Held #6: unknown-airport route support — https://github.com/jarndtphoto/Inbound/blob/codex/test-suite-cleanup/docs/test-cleanup-held-bugs.md#6-zrh--unknown-airport-public-route-support
  AssertionError [ERR_ASSERTION]: Expected values to be strictly equal:
  
  undefined !== 'UA3'
  
      at TestContext.<anonymous> (file:///workspace/scratch/83746901af9a/inbound-route-enrichment/scripts/flight-audit-regression.test.mjs:839:12)
      at Test.runInAsyncScope (node:async_hooks:227:14)
      at Test.run (node:internal/test_runner/test:1382:25)
      at Suite.processPendingSubtests (node:internal/test_runner/test:960:18)
      at Test.postRun (node:internal/test_runner/test:1522:19)
      at Test.run (node:internal/test_runner/test:1447:12)
      at async Suite.processPendingSubtests (node:internal/test_runner/test:960:7) {
    generatedMessage: true,
    code: 'ERR_ASSERTION',
    actual: undefined,
    expected: 'UA3',
    operator: 'strictEqual',
    diff: 'simple'
  }

test at scripts/route-memory-replay.test.mjs:12:1
✖ UA219 durable filed/track geometry and oceanic progress survive provider handoff, cold instances, reroute and recovery (7196.253097ms)
  Error: Current flight route unavailable. Try again when the flight feed responds.
      at loadFlightStoryCore (file:///workspace/scratch/edf34a5d3bf1/inbound/node_modules/.route-memory-replay-ddrwoI/story.mjs?cold=2:11695:17)
      at async file:///workspace/scratch/edf34a5d3bf1/inbound/node_modules/.route-memory-replay-ddrwoI/story.mjs?cold=2:2633:19
      ... 2 lines matching cause stack trace ...
      at async startSubtestAfterBootstrap (node:internal/test_runner/harness:387:3) {
    [cause]: Error: Current flight route unavailable. Try again when the flight feed responds.
        at buildStory (file:///workspace/scratch/edf34a5d3bf1/inbound/node_modules/.route-memory-replay-ddrwoI/story.mjs?cold=2:10119:9)
        at async loadFlightStoryCore (file:///workspace/scratch/edf34a5d3bf1/inbound/node_modules/.route-memory-replay-ddrwoI/story.mjs?cold=2:11679:11)
        at async file:///workspace/scratch/edf34a5d3bf1/inbound/node_modules/.route-memory-replay-ddrwoI/story.mjs?cold=2:2633:19
        at async TestContext.<anonymous> (file:///workspace/scratch/83746901af9a/inbound-route-enrichment/scripts/route-memory-replay.test.mjs:63:17)
        at async Test.run (node:internal/test_runner/test:1389:7)
        at async startSubtestAfterBootstrap (node:internal/test_runner/harness:387:3)
  }

test at scripts/takeoff-floor-replay.test.mjs:16:1
✖ UA219 actual takeoff survives provider-ID to FlightStats fallback to provider-ID, cold start and >2h gap (5132.4317ms)
  Error: Schedule updates are delayed, and no fresh position is available for this flight. Please try again shortly.
      at loadFlightStoryCore (file:///workspace/scratch/edf34a5d3bf1/inbound/node_modules/.takeoff-replay-qIv1hW/story.mjs?instance=2:11695:17)
      at async file:///workspace/scratch/edf34a5d3bf1/inbound/node_modules/.takeoff-replay-qIv1hW/story.mjs?instance=2:2633:19
      ... 2 lines matching cause stack trace ...
      at async startSubtestAfterBootstrap (node:internal/test_runner/harness:387:3) {
    [cause]: Error: Schedule updates are delayed, and no fresh position is available for this flight. Please try again shortly.
        at buildStory (file:///workspace/scratch/edf34a5d3bf1/inbound/node_modules/.takeoff-replay-qIv1hW/story.mjs?instance=2:10437:83)
        at async loadFlightStoryCore (file:///workspace/scratch/edf34a5d3bf1/inbound/node_modules/.takeoff-replay-qIv1hW/story.mjs?instance=2:11688:11)
        at async file:///workspace/scratch/edf34a5d3bf1/inbound/node_modules/.takeoff-replay-qIv1hW/story.mjs?instance=2:2633:19
        at async TestContext.<anonymous> (file:///workspace/scratch/83746901af9a/inbound-route-enrichment/scripts/takeoff-floor-replay.test.mjs:60:20)
        at async Test.run (node:internal/test_runner/test:1389:7)
        at async startSubtestAfterBootstrap (node:internal/test_runner/harness:387:3)
  }
