npm warn Unknown env config "http-proxy". This will stop working in the next major version of npm.

> check
> npm run typecheck && npm test

npm warn Unknown env config "http-proxy". This will stop working in the next major version of npm.

> typecheck
> tsc --noEmit

npm warn Unknown env config "http-proxy". This will stop working in the next major version of npm.

> test
> node --experimental-strip-types --import ./scripts/test-imports.mjs --test 'scripts/**/*.test.mjs' 'src/**/*.test.ts'

[aeroapi] key unavailable; using public feed
[aeroapi] UAL219-test matched flight
✔ active leg beats tomorrow and prior arrival (1.951126ms)
✔ landed flight remains until actual gate arrival (0.27413ms)
✔ wrong callsign and exact leg mismatch rejected (0.218683ms)
✔ estimates never turn into actual events (0.517386ms)
✔ paid AeroAPI is disabled unless explicitly opted in, then caches repeated requests (13.576152ms)
✔ departure level-off and small negative rates at 6000ft stay ride/climb (1.432616ms)
✔ cruise ±400fpm jitter stays ride/cruise while retaining raw readings (0.261881ms)
✔ sustained descent at 80nm starts arrival before the legacy distance-only gate (0.168129ms)
✔ sustained descent plus outer-final geometry works before the 7.5nm gate (0.167397ms)
✔ AA662 captured fixes preserve the arrival projection versus legacy phase inputs (32.558215ms)
✔ UAL2207 captured fixes preserve the arrival projection versus legacy phase inputs (8.323286ms)
✔ FlightAware and trace cold starts derive the same descent from existing ≥30s tracks (6.26789ms)
✔ traffic uses sustained geometry/rates instead of a second phase definition (1.328762ms)
✔ actual traffic rows keep descent/climb labels visible beside airline/type (42.006581ms)
[baggage-flightstats] {
  flight: 'UA219',
  origin: 'ORD',
  destination: 'ATL',
  date: '2026-09-13',
  reason: 'offline'
}
[baggage-flightstats] {
  flight: 'UA219',
  origin: 'ORD',
  destination: 'HNL',
  date: '2026-09-13',
  reason: 'offline'
}
[baggage-flightstats] {
  flight: 'AA123',
  origin: 'DFW',
  destination: 'LAX',
  date: '2026-09-16',
  reason: 'offline'
}
[baggage-flightview] {
  flight: 'AA123',
  origin: 'DFW',
  destination: 'LAX',
  date: '2026-09-16',
  reason: 'offline'
}
[baggage-flightstats] {
  flight: 'AA1339',
  origin: 'DFW',
  destination: 'ORD',
  date: '2026-09-16',
  reason: 'offline'
}
[baggage-flightview] {
  flight: 'AA1339',
  origin: 'DFW',
  destination: 'ORD',
  date: '2026-09-16',
  reason: 'offline'
}
[baggage-flightstats] {
  flight: 'WN1110',
  origin: 'DEN',
  destination: 'MDW',
  date: '2026-09-16',
  reason: 'offline'
}
[baggage-flightview] {
  flight: 'WN1110',
  origin: 'DEN',
  destination: 'MDW',
  date: '2026-09-16',
  reason: 'offline'
}
[baggage-flightstats] {
  flight: 'F91952',
  origin: 'DFW',
  destination: 'MCO',
  date: '2026-09-16',
  reason: 'offline'
}
[baggage-flightview] {
  flight: 'F91952',
  origin: 'DFW',
  destination: 'MCO',
  date: '2026-09-16',
  reason: 'offline'
}
[baggage-flightstats] {
  flight: 'AS65',
  origin: 'SEA',
  destination: 'ANC',
  date: '2026-09-16',
  reason: 'offline'
}
✔ baggage date falls back to public schedule service date when provider clocks are missing (4.569161ms)
✔ HNL carousel matched to exact UA219 flight leg (2.649415ms)
✔ HNL different day, origin, destination or flight never borrows carousel (0.405662ms)
✔ HNL blank carousel is not posted; absent or ambiguous row is unavailable (0.299977ms)
✔ LAX baggage table matches exact flight and reads terminal/carousel (6.231806ms)
✔ LAX does not borrow another flight carousel (0.320941ms)
✔ LAX ambiguous duplicate rows fail closed (0.214418ms)
✔ LAX blank carousel is not posted (0.269129ms)
✔ FlightStats finds same-day detail links for a reused flight number (1.703941ms)
✔ FlightStats exact UA457 LAX to ORD detail supplies baggage 4 (2.087424ms)
✔ FlightStats exact ORD arrival supplies baggage (0.502452ms)
✔ FlightStats wrong route fails closed (0.225725ms)
✔ FlightStats N/A baggage is not posted (0.188824ms)
✔ FlightView exact ORD arrival supplies terminal and baggage (0.952953ms)
✔ FlightView wrong destination fails closed (0.247548ms)
✔ FlightView MDW page without baggage stays not-posted (0.269424ms)
✔ FlightView MCO arrival supplies carousel (0.254271ms)
✔ Cirium exact flight supplies baggage and terminal (0.77227ms)
✔ Cirium exact flight without baggage stays not-posted (0.162719ms)
✔ Cirium wrong route or ambiguous status fails closed (0.27173ms)
✔ Alaska anonymous status page supplies carousel for exact route (0.425775ms)
✔ Alaska route mismatch fails closed (0.12994ms)
✔ Alaska multi-segment page with multiple carousel occurrences is ambiguous (0.084433ms)
✔ invalid flight does not fetch; public fallback and upstream errors stay isolated (3.780971ms)
✔ collapsed baggage summary never guesses an assignment (0.139298ms)
✔ non-canvas app with no custom card gets a soft BRAND NOTE (utility exception) (3.562069ms)
✔ non-canvas app with a compliant card is silent (1.875575ms)
✔ card file without site.json card=custom warns (1.284242ms)
✔ card file with missing site.json warns for card=custom (1.715104ms)
✔ card file with invalid site.json warns for card=custom (1.239626ms)
✔ oversized card warns for non-canvas apps too (16.89177ms)
✔ canvas app with no card warns 'missing' and missing og:type (1.041669ms)
✔ canvas card without type still warns for og:type (1.595459ms)
✔ oversized card warns on the scraper budget (jpg and legacy png) (19.278996ms)
✔ compliant game (custom card + site.json type + x-banner) is silent (1.481336ms)
✔ __root.tsx og:type no longer satisfies the canvas gate (1.519877ms)
✔ oversized x-banner warns on the same scraper budget as og.jpg (1.863567ms)
✔ legacy png + site.json type still needs the X feed card (0.92159ms)
✔ siteDeclaresOgTypeGame reads the site contract (0.417345ms)
✔ a fresh og-pending marker silences the whole gate view (0.634952ms)
✔ a stale og-pending marker is ignored and the warnings return (4.562108ms)
✔ the marker goes stale on the clock, not on the file (0.707567ms)
✔ no marker means nothing is in flight (0.380598ms)
✔ parseBrandCheckArgs takes --game, --placeholder-ok and --root, and rejects the rest (0.56046ms)
✔ cli: a game missing its card reports JSON and exits 1 (121.232336ms)
✔ cli: a compliant game passes (110.219504ms)
✔ cli: the task's own marker is reported, not honoured (137.000566ms)
✔ cli: a bad argument fails with JSON on stderr (155.804337ms)
✔ cli: a non-game with no card fails too — the pass exists to produce one (155.94955ms)
✔ cli: --placeholder-ok is how a plain-utility pass reports no card as expected (242.376266ms)
✔ cli: a non-game with a compliant card passes (110.701888ms)
✔ SKILL.md and AGENTS.md name the marker path and bound this script uses (0.723879ms)
✔ the sections that own the brand-task prohibition never affirm a wait (1.533305ms)
✔ SKILL.md tells the pass to self-check with the flag this CLI accepts (0.427855ms)
✔ normalizes whitespace before hashing (1.847662ms)
✔ nullish and blank body text normalize to the empty string (0.190052ms)
✔ body text prefix is normalized and capped (0.126627ms)
✔ identical runs do not diverge (0.946953ms)
✔ status change diverges (0.402606ms)
✔ title change diverges (0.17509ms)
✔ title comparison is skipped when either side lacks one (0.122065ms)
✔ canvas disappearing diverges; canvas appearing does not (0.220554ms)
✔ horizontal overflow appearing diverges; clearing does not (5.102194ms)
✔ new console errors diverge (0.402213ms)
✔ errors already present in the baseline do not re-diverge (0.314864ms)
✔ body text collapse diverges (0.196437ms)
✔ body text dropping to zero reports collapse (0.490395ms)
✔ zero-length baseline reports growth via the hash branch, not collapse (0.220808ms)
✔ hash mismatch with a trivial length delta and same page start is tolerated (0.118336ms)
✔ hash mismatch with a trivial length delta but changed page start diverges (0.132557ms)
✔ prefix check is skipped when either side lacks a prefix (0.17546ms)
✔ length-delta tolerance boundary: 50 tolerated, 51 diverges (500-char baseline) (0.132527ms)
✔ length-delta floor dominates small baselines: 20 tolerated, 21 diverges (100-char baseline) (0.123877ms)
✔ collapse boundary: exactly half is 'changed', one below is 'collapsed' (0.192305ms)
✔ missing baseline viewport diverges (0.176832ms)
✔ empty or null baseline diverges for every viewport (0.224786ms)
✔ degenerate current verdict fails closed (0.428112ms)
✔ multiple signals across viewports all accumulate (0.176363ms)
✔ baselineComparison round-trips a valid baseline (0.247789ms)
✔ baselineComparison fails closed on malformed or wrong-shape baselines (0.457747ms)
✔ parseSmokeArgs defaults (0.288995ms)
✔ parseSmokeArgs consumes --baseline without shifting positionals (0.11999ms)
✔ parseSmokeArgs rejects a trailing --baseline flag (0.201845ms)
✔ parseSmokeArgs supports the --baseline= form (0.196768ms)
✔ parseSmokeArgs rejects unknown flags instead of treating them as positionals (0.116403ms)
✔ parseSmokeArgs env fallback and flag precedence (0.115428ms)
✔ derivedPaths handles .png, .PNG, and extensionless inputs (0.604631ms)
✔ exitCodeFor: clean run exits 0 (0.193962ms)
✔ exitCodeFor: errors in any single viewport exit 2 (0.144042ms)
✔ exitCodeFor: navigation failure in any viewport exits 1, beating errors (0.178244ms)
✔ exitCodeFor: 4xx boundary and missing status (0.110982ms)
✔ exitCodeFor: no viewport data is a failure (10.01929ms)
✔ browser-smoke wires the guard and verdict helpers (0.545784ms)
✔ browser-smoke file I/O only touches guarded paths (0.909856ms)
✔ the flag predicate matches src/lib/auth (1.473028ms)
✔ reads the value a live dev server resolved (0.3544ms)
✔ a server started without the flag reads as sign-in on (0.270148ms)
✔ agreement passes (0.311749ms)
✔ divergence fails in either direction (0.402674ms)
✔ an unobservable dev server is indeterminate, not agreement (0.204482ms)
✔ a dev server that cannot be reached probes as null (0.446667ms)
✔ a server without the endpoint probes as null, not as agreement (0.390134ms)
✔ only a divergence warns the smoke verdict (1.192171ms)
✔ the build side resolves the template's shipped app-env (0.794385ms)
✔ the CLI reports rather than silently passing when run via a symlink (174.725533ms)
✔ DL773: joins original and diversion airport records for the same dated flight (2.615144ms)
✔ exact provider lookup also resolves a diversion pair (0.207079ms)
✔ does not join different departures, origins or aircraft (0.274756ms)
✔ ambiguous diversion destinations remain unmerged (0.137448ms)
✔ flag without a matching revised record does not invent the diversion airport (0.533875ms)
✔ diverted status is recognized but a negated status is not (0.440869ms)
✔ arrival at a diversion airport is not presented as the intended destination (0.387699ms)
✔ a destination change emits a diversion alert for the same provider instance (0.784385ms)
✔ DL307 and DL650 remain separate flights, not inferred rebookings (0.388444ms)
[aeroapi] key unavailable; using public feed
▶ passenger weather presentation
  ✔ does not use numbered weather events as passenger titles (1.64301ms)
  ✔ uses experience-based weather titles and impact copy (0.391359ms)
  ✔ translates aviation products into passenger source labels (0.564501ms)
  ✔ retains internal marker numbering for map association (0.375386ms)
✔ passenger weather presentation (5.243299ms)
▶ zoom-stable route presentation
  ✔ keeps every route, flown-track, projected, outline, and weather stroke screen-sized (0.978114ms)
  ✔ uses butt caps on route runs so weather entry markers do not get a bullseye halo (0.637981ms)
  ✔ counter-scales route decorations and the aircraft inside the zoom group (0.527328ms)
  ✔ does not stack a convective halo underneath a numbered weather event (0.493718ms)
  ✔ keeps route water styling scoped away from the airport ground map (0.403087ms)
  ✔ fills the actual lake path with ocean water while retaining the shoreline (1.141881ms)
  ✔ fits the initial ground-map view to the loaded airport surface (0.593695ms)
✔ zoom-stable route presentation (5.622492ms)
▶ weather card copy hierarchy
  ✔ renders the full passenger headline once and uses a compact preview-map label (14.466644ms)
  ✔ keeps compact labels across turbulence, storms, and clouds (0.326355ms)
✔ weather card copy hierarchy (15.023914ms)
▶ final approach passenger stage
  ✔ keeps a descending aircraft 25 NM out in Arrival (2.275686ms)
  ✔ shows Final approach at 10 NM when low and descending (0.603535ms)
  ✔ keeps an established aircraft 5 NM out in Final approach (0.28753ms)
  ✔ allows close-in geometry when vertical rate and phase are missing (0.243066ms)
  ✔ uses heading toward destination as supporting evidence farther out (0.190083ms)
  ✔ rejects obviously high or implausibly slow close-in aircraft (0.22977ms)
  ✔ transitions touchdown to Landed/rollout (0.253188ms)
  ✔ does not show Final approach while high or far away (0.205271ms)
  ✔ logs final-approach evidence for live validation (1.211676ms)
  ✔ renders Final approach as a first-class passenger stage (2.515042ms)
✔ final approach passenger stage (9.194143ms)
▶ post-landing passenger stage
  ✔ keeps a fresh 120 kt touchdown as Landed/rollout (0.511296ms)
  ✔ makes fresh 18 kt ground movement a first-class Taxiing in stage (0.739696ms)
  ✔ makes fresh 35 kt post-rollout movement Taxiing in (0.176663ms)
  ✔ retains Taxiing in when the surface position disappears (0.211826ms)
  ✔ retains Taxiing in with a stale surface fix (0.207175ms)
  ✔ never marks a moving aircraft At gate without gate-in (0.449736ms)
  ✔ marks confirmed gate-in At gate (0.161124ms)
  ✔ marks robust stationary/parked detection At gate (0.173601ms)
  ✔ renders Taxiing in as the actual passenger stage (0.732949ms)
✔ post-landing passenger stage (3.924161ms)
[departure-telemetry] {
  callsignRequested: 'UA1532',
  flightInstance: 'leg:v1:UAL1532|2026-09-12|ORD|MSY',
  currentStage: 'push',
  pushLatched: true,
  taxiOutLatched: false,
  pushTimestamp: 1789231380,
  pushTimestampSource: 'provider_actual',
  firstDepartureMovement: false,
  rawTaxiHint: false,
  stageTaxiHint: false,
  taxiThresholdKt: 6,
  parkedObservedSec: 0,
  stationaryAtStand: false,
  awayFromPassengerGateArea: false,
  providerGateOut: { scheduled: 1789227420, estimated: 1789231200, actual: 1789231380 },
  providerGateOutPublic: { scheduled: 1789227420, estimated: 1789231200, actual: 1789231380 },
  groundspeedKt: null,
  onGround: null,
  distanceFromParkedNm: null,
  positionAgeSec: null,
  positionSource: 'fallback'
}
[push-evidence] {"callsignRequested":"UA1532","flightInstance":"leg:v1:UAL1532|2026-09-12|ORD|MSY","flightaware":{"flightId":null,"publicGateOut":{"scheduled":1789227420,"estimated":1789231200,"actual":1789231380},"aeroApiOut":null,"firstTrackMovement":null},"fr24":{"flightId":null,"status":"DISABLED","firstTrackMovement":null,"summaryOut":null},"adsb":{"firstTrackMovement":null,"positionAgeSec":null,"groundspeedKt":null,"distanceFromParkedNm":null},"inbound":{"parkedPosition":null,"selectedPush":{"unix":1789231380,"source":"provider_actual","evidence":null},"pushLatch":{"unix":1789231380,"source":"provider_actual","live":true,"at":1789231976},"taxiOutLatch":null,"finalPushUnix":1789231380,"finalPushSource":"provider_actual","phaseStatePersistenceOnLoad":"ok"}}
[story-request] {"scheduleSource":"flightaware_public","fallbackOutcome":"not_needed","cacheStatus":"miss","event":"story_request","requested":"UA1532","fresh":true,"durationMs":5633,"outcome":"ok","errorCategory":null}
[story-request] {"scheduleSource":"flightaware_public","fallbackOutcome":"not_needed","cacheStatus":"miss","event":"story_request","requested":"AA3008","fresh":true,"durationMs":38,"outcome":"ok","errorCategory":null}
[departure-telemetry] {
  callsignRequested: 'UA1533',
  flightInstance: 'leg:v1:UAL1533|2026-09-12|ORD|MSY',
  currentStage: 'origin_gate',
  pushLatched: false,
  taxiOutLatched: false,
  pushTimestamp: null,
  pushTimestampSource: null,
  firstDepartureMovement: false,
  rawTaxiHint: false,
  stageTaxiHint: false,
  taxiThresholdKt: 6,
  parkedObservedSec: 0,
  stationaryAtStand: true,
  awayFromPassengerGateArea: false,
  providerGateOut: { scheduled: 1789227420, estimated: 1789231200, actual: null },
  providerGateOutPublic: { scheduled: 1789227420, estimated: 1789231200, actual: null },
  groundspeedKt: 0,
  onGround: true,
  distanceFromParkedNm: 0,
  positionAgeSec: 0,
  positionSource: 'adsb'
}
[push-evidence] {"callsignRequested":"UA1533","flightInstance":"leg:v1:UAL1533|2026-09-12|ORD|MSY","flightaware":{"flightId":null,"publicGateOut":{"scheduled":1789227420,"estimated":1789231200,"actual":null},"aeroApiOut":null,"firstTrackMovement":null},"fr24":{"flightId":null,"status":"DISABLED","firstTrackMovement":null,"summaryOut":null},"adsb":{"firstTrackMovement":null,"positionAgeSec":0,"groundspeedKt":0,"distanceFromParkedNm":0},"inbound":{"parkedPosition":{"lat":41.9786,"lon":-87.9048,"at":1789231976000},"selectedPush":null,"pushLatch":null,"taxiOutLatch":null,"finalPushUnix":null,"finalPushSource":null,"phaseStatePersistenceOnLoad":"ok"}}
[story-request] {"scheduleSource":"flightaware_public","fallbackOutcome":"not_needed","cacheStatus":"miss","event":"story_request","requested":"UA1533","fresh":true,"durationMs":60,"outcome":"ok","errorCategory":null}
[departure-telemetry] {
  callsignRequested: 'UA1533',
  flightInstance: 'leg:v1:UAL1533|2026-09-12|ORD|MSY',
  currentStage: 'origin_gate',
  pushLatched: false,
  taxiOutLatched: false,
  pushTimestamp: null,
  pushTimestampSource: null,
  firstDepartureMovement: false,
  rawTaxiHint: false,
  stageTaxiHint: false,
  taxiThresholdKt: 6,
  parkedObservedSec: 65,
  stationaryAtStand: true,
  awayFromPassengerGateArea: false,
  providerGateOut: { scheduled: 1789227420, estimated: 1789231200, actual: 1789232031 },
  providerGateOutPublic: { scheduled: 1789227420, estimated: 1789231200, actual: 1789232031 },
  groundspeedKt: 0,
  onGround: true,
  distanceFromParkedNm: 0,
  positionAgeSec: 0,
  positionSource: 'adsb'
}
[push-evidence] {"callsignRequested":"UA1533","flightInstance":"leg:v1:UAL1533|2026-09-12|ORD|MSY","flightaware":{"flightId":null,"publicGateOut":{"scheduled":1789227420,"estimated":1789231200,"actual":1789232031},"aeroApiOut":null,"firstTrackMovement":null},"fr24":{"flightId":null,"status":"DISABLED","firstTrackMovement":null,"summaryOut":null},"adsb":{"firstTrackMovement":null,"positionAgeSec":0,"groundspeedKt":0,"distanceFromParkedNm":0},"inbound":{"parkedPosition":{"lat":41.9786,"lon":-87.9048,"at":1789231976000},"selectedPush":{"unix":1789232031,"source":"provider_actual","evidence":null},"pushLatch":null,"taxiOutLatch":null,"finalPushUnix":null,"finalPushSource":null,"phaseStatePersistenceOnLoad":"ok"}}
[story-request] {"scheduleSource":"flightaware_public","fallbackOutcome":"not_needed","cacheStatus":"miss","event":"story_request","requested":"UA1533","fresh":true,"durationMs":29,"outcome":"ok","errorCategory":null}
[departure-telemetry] {
  callsignRequested: 'UA1533',
  flightInstance: 'leg:v1:UAL1533|2026-09-12|ORD|MSY',
  currentStage: 'push',
  pushLatched: true,
  taxiOutLatched: false,
  pushTimestamp: 1789232031,
  pushTimestampSource: 'provider_actual',
  firstDepartureMovement: false,
  rawTaxiHint: false,
  stageTaxiHint: false,
  taxiThresholdKt: 6,
  parkedObservedSec: 70,
  stationaryAtStand: false,
  awayFromPassengerGateArea: false,
  providerGateOut: { scheduled: 1789227420, estimated: 1789231200, actual: 1789232031 },
  providerGateOutPublic: { scheduled: 1789227420, estimated: 1789231200, actual: 1789232031 },
  groundspeedKt: 3,
  onGround: true,
  distanceFromParkedNm: 0.05802388793119437,
  positionAgeSec: 0,
  positionSource: 'adsb'
}
[push-evidence] {"callsignRequested":"UA1533","flightInstance":"leg:v1:UAL1533|2026-09-12|ORD|MSY","flightaware":{"flightId":null,"publicGateOut":{"scheduled":1789227420,"estimated":1789231200,"actual":1789232031},"aeroApiOut":null,"firstTrackMovement":null},"fr24":{"flightId":null,"status":"DISABLED","firstTrackMovement":null,"summaryOut":null},"adsb":{"firstTrackMovement":null,"positionAgeSec":0,"groundspeedKt":3,"distanceFromParkedNm":0.05802388793119437},"inbound":{"parkedPosition":{"lat":41.9786,"lon":-87.9048,"at":1789231976000},"selectedPush":{"unix":1789232031,"source":"provider_actual","evidence":null},"pushLatch":{"unix":1789232031,"source":"provider_actual","live":true,"at":1789232046},"taxiOutLatch":null,"finalPushUnix":1789232031,"finalPushSource":"provider_actual","phaseStatePersistenceOnLoad":"ok"}}
[story-request] {"scheduleSource":"flightaware_public","fallbackOutcome":"not_needed","cacheStatus":"miss","event":"story_request","requested":"UA1533","fresh":true,"durationMs":39,"outcome":"ok","errorCategory":null}
[departure-telemetry] {
  callsignRequested: 'UA1533',
  flightInstance: 'leg:v1:UAL1533|2026-09-12|ORD|MSY',
  currentStage: 'push',
  pushLatched: true,
  taxiOutLatched: false,
  pushTimestamp: 1789232031,
  pushTimestampSource: 'provider_actual',
  firstDepartureMovement: false,
  rawTaxiHint: false,
  stageTaxiHint: false,
  taxiThresholdKt: 6,
  parkedObservedSec: 75,
  stationaryAtStand: false,
  awayFromPassengerGateArea: false,
  providerGateOut: { scheduled: 1789227420, estimated: 1789231200, actual: 1789232031 },
  providerGateOutPublic: { scheduled: 1789227420, estimated: 1789231200, actual: 1789232031 },
  groundspeedKt: 0,
  onGround: true,
  distanceFromParkedNm: 0.06695063992068874,
  positionAgeSec: 0,
  positionSource: 'adsb'
}
[push-evidence] {"callsignRequested":"UA1533","flightInstance":"leg:v1:UAL1533|2026-09-12|ORD|MSY","flightaware":{"flightId":null,"publicGateOut":{"scheduled":1789227420,"estimated":1789231200,"actual":1789232031},"aeroApiOut":null,"firstTrackMovement":null},"fr24":{"flightId":null,"status":"DISABLED","firstTrackMovement":null,"summaryOut":null},"adsb":{"firstTrackMovement":null,"positionAgeSec":0,"groundspeedKt":0,"distanceFromParkedNm":0.06695063992068874},"inbound":{"parkedPosition":{"lat":41.9786,"lon":-87.9048,"at":1789231976000},"selectedPush":{"unix":1789232031,"source":"provider_actual","evidence":null},"pushLatch":{"unix":1789232031,"source":"provider_actual","live":true,"at":1789232051},"taxiOutLatch":null,"finalPushUnix":1789232031,"finalPushSource":"provider_actual","phaseStatePersistenceOnLoad":"ok"}}
[story-request] {"scheduleSource":"flightaware_public","fallbackOutcome":"not_needed","cacheStatus":"miss","event":"story_request","requested":"UA1533","fresh":true,"durationMs":28,"outcome":"ok","errorCategory":null}
[schedule-fallback-unavailable] {
  callsign: 'UAL9087',
  reason: 'Current flight route unavailable: schedule provider returned no flight data. Please try again shortly.'
}
[story-request] {"scheduleSource":"unavailable","fallbackOutcome":"unavailable","cacheStatus":"miss","event":"story_request","requested":"UA9087","fresh":true,"durationMs":19,"outcome":"error","errorCategory":"source_unavailable"}
[schedule-fallback-unavailable] {
  callsign: 'SWA2531',
  reason: 'Current flight route unavailable: schedule provider returned HTTP 503. Please try again shortly.'
}
[story-request] {"scheduleSource":"unavailable","fallbackOutcome":"unavailable","cacheStatus":"miss","event":"story_request","requested":"WN2531","fresh":true,"durationMs":5,"outcome":"error","errorCategory":"source_unavailable"}
[story-request] {"scheduleSource":"flightaware_public","fallbackOutcome":"not_needed","cacheStatus":"miss","event":"story_request","requested":"WN2512","fresh":true,"durationMs":22,"outcome":"ok","errorCategory":null}
[story-request] {"scheduleSource":"flightaware_public","fallbackOutcome":"not_needed","cacheStatus":"miss","event":"story_request","requested":"UA218","fresh":true,"durationMs":116,"outcome":"ok","errorCategory":null}
[departure-telemetry] {
  callsignRequested: 'WN363',
  flightInstance: 'leg:v1:SWA363|2026-09-12|MDW|LGB',
  currentStage: 'push',
  pushLatched: true,
  taxiOutLatched: false,
  pushTimestamp: 1789231886,
  pushTimestampSource: 'provider_actual',
  firstDepartureMovement: false,
  rawTaxiHint: false,
  stageTaxiHint: false,
  taxiThresholdKt: 6,
  parkedObservedSec: 0,
  stationaryAtStand: false,
  awayFromPassengerGateArea: false,
  providerGateOut: { scheduled: 1789227420, estimated: 1789231200, actual: 1789231886 },
  providerGateOutPublic: { scheduled: 1789227420, estimated: 1789231200, actual: 1789231886 },
  groundspeedKt: 0,
  onGround: true,
  distanceFromParkedNm: null,
  positionAgeSec: 1,
  positionSource: 'adsb'
}
[push-evidence] {"callsignRequested":"WN363","flightInstance":"leg:v1:SWA363|2026-09-12|MDW|LGB","flightaware":{"flightId":null,"publicGateOut":{"scheduled":1789227420,"estimated":1789231200,"actual":1789231886},"aeroApiOut":null,"firstTrackMovement":null},"fr24":{"flightId":null,"status":"DISABLED","firstTrackMovement":null,"summaryOut":null},"adsb":{"firstTrackMovement":null,"positionAgeSec":1,"groundspeedKt":0,"distanceFromParkedNm":null},"inbound":{"parkedPosition":null,"selectedPush":{"unix":1789231886,"source":"provider_actual","evidence":null},"pushLatch":{"unix":1789231886,"source":"provider_actual","live":true,"at":1789231976},"taxiOutLatch":null,"finalPushUnix":1789231886,"finalPushSource":"provider_actual","phaseStatePersistenceOnLoad":"ok"}}
[story-request] {"scheduleSource":"flightaware_public","fallbackOutcome":"not_needed","cacheStatus":"miss","event":"story_request","requested":"WN363","fresh":true,"durationMs":49,"outcome":"ok","errorCategory":null}
[departure-telemetry] {
  callsignRequested: 'WN1035',
  flightInstance: 'leg:v1:SWA1035|2026-09-12|MDW|LGB',
  currentStage: 'taxi',
  pushLatched: true,
  taxiOutLatched: true,
  pushTimestamp: 1789231796,
  pushTimestampSource: 'provider_actual',
  firstDepartureMovement: false,
  rawTaxiHint: true,
  stageTaxiHint: true,
  taxiThresholdKt: 6,
  parkedObservedSec: 0,
  stationaryAtStand: false,
  awayFromPassengerGateArea: false,
  providerGateOut: { scheduled: 1789227420, estimated: 1789231200, actual: 1789231796 },
  providerGateOutPublic: { scheduled: 1789227420, estimated: 1789231200, actual: 1789231796 },
  groundspeedKt: 14,
  onGround: true,
  distanceFromParkedNm: null,
  positionAgeSec: 1,
  positionSource: 'adsb'
}
[push-evidence] {"callsignRequested":"WN1035","flightInstance":"leg:v1:SWA1035|2026-09-12|MDW|LGB","flightaware":{"flightId":null,"publicGateOut":{"scheduled":1789227420,"estimated":1789231200,"actual":1789231796},"aeroApiOut":null,"firstTrackMovement":null},"fr24":{"flightId":null,"status":"DISABLED","firstTrackMovement":null,"summaryOut":null},"adsb":{"firstTrackMovement":null,"positionAgeSec":1,"groundspeedKt":14,"distanceFromParkedNm":null},"inbound":{"parkedPosition":null,"selectedPush":{"unix":1789231796,"source":"provider_actual","evidence":null},"pushLatch":{"unix":1789231796,"source":"provider_actual","live":true,"at":1789231976},"taxiOutLatch":{"at":1789231976},"finalPushUnix":1789231796,"finalPushSource":"provider_actual","phaseStatePersistenceOnLoad":"ok"}}
[story-request] {"scheduleSource":"flightaware_public","fallbackOutcome":"not_needed","cacheStatus":"miss","event":"story_request","requested":"WN1035","fresh":true,"durationMs":45,"outcome":"ok","errorCategory":null}
[departure-telemetry] {
  callsignRequested: 'WN102',
  flightInstance: 'leg:v1:SWA102|2026-09-12|MDW|LGB',
  currentStage: 'taxi',
  pushLatched: true,
  taxiOutLatched: true,
  pushTimestamp: 1789231396,
  pushTimestampSource: 'provider_actual',
  firstDepartureMovement: false,
  rawTaxiHint: true,
  stageTaxiHint: true,
  taxiThresholdKt: 6,
  parkedObservedSec: 0,
  stationaryAtStand: false,
  awayFromPassengerGateArea: false,
  providerGateOut: { scheduled: 1789227420, estimated: 1789231200, actual: 1789231396 },
  providerGateOutPublic: { scheduled: 1789227420, estimated: 1789231200, actual: 1789231396 },
  groundspeedKt: 65,
  onGround: true,
  distanceFromParkedNm: null,
  positionAgeSec: 1,
  positionSource: 'adsb'
}
[push-evidence] {"callsignRequested":"WN102","flightInstance":"leg:v1:SWA102|2026-09-12|MDW|LGB","flightaware":{"flightId":null,"publicGateOut":{"scheduled":1789227420,"estimated":1789231200,"actual":1789231396},"aeroApiOut":null,"firstTrackMovement":null},"fr24":{"flightId":null,"status":"DISABLED","firstTrackMovement":null,"summaryOut":null},"adsb":{"firstTrackMovement":null,"positionAgeSec":1,"groundspeedKt":65,"distanceFromParkedNm":null},"inbound":{"parkedPosition":null,"selectedPush":{"unix":1789231396,"source":"provider_actual","evidence":null},"pushLatch":{"unix":1789231396,"source":"provider_actual","live":true,"at":1789231976},"taxiOutLatch":{"at":1789231976},"finalPushUnix":1789231396,"finalPushSource":"provider_actual","phaseStatePersistenceOnLoad":"ok"}}
[story-request] {"scheduleSource":"flightaware_public","fallbackOutcome":"not_needed","cacheStatus":"miss","event":"story_request","requested":"WN102","fresh":true,"durationMs":23,"outcome":"ok","errorCategory":null}
[departure-telemetry] {
  callsignRequested: 'UA9219',
  flightInstance: 'leg:v1:UAL9219|2026-09-12|ORD|MSY',
  currentStage: 'origin_gate',
  pushLatched: false,
  taxiOutLatched: false,
  pushTimestamp: null,
  pushTimestampSource: null,
  firstDepartureMovement: false,
  rawTaxiHint: false,
  stageTaxiHint: false,
  taxiThresholdKt: 6,
  parkedObservedSec: 0,
  stationaryAtStand: true,
  awayFromPassengerGateArea: false,
  providerGateOut: { scheduled: 1789230300, estimated: 1789230300, actual: null },
  providerGateOutPublic: { scheduled: 1789230300, estimated: 1789230300, actual: null },
  groundspeedKt: 0,
  onGround: true,
  distanceFromParkedNm: 0,
  positionAgeSec: 0,
  positionSource: 'adsb'
}
[push-evidence] {"callsignRequested":"UA9219","flightInstance":"leg:v1:UAL9219|2026-09-12|ORD|MSY","flightaware":{"flightId":"UAL9219-20260914-test","publicGateOut":{"scheduled":1789230300,"estimated":1789230300,"actual":null},"aeroApiOut":null,"firstTrackMovement":null},"fr24":{"flightId":null,"status":"DISABLED","firstTrackMovement":null,"summaryOut":null},"adsb":{"firstTrackMovement":null,"positionAgeSec":0,"groundspeedKt":0,"distanceFromParkedNm":0},"inbound":{"parkedPosition":{"lat":41.9786,"lon":-87.9048,"at":1789230600000},"selectedPush":null,"pushLatch":null,"taxiOutLatch":null,"finalPushUnix":null,"finalPushSource":null,"phaseStatePersistenceOnLoad":"ok"}}
[story-request] {"scheduleSource":"flightaware_public","fallbackOutcome":"not_needed","cacheStatus":"miss","event":"story_request","requested":"UA9219","fresh":true,"durationMs":36,"outcome":"ok","errorCategory":null}
[departure-telemetry] {
  callsignRequested: 'UA9219',
  flightInstance: 'leg:v1:UAL9219|2026-09-12|ORD|MSY',
  currentStage: 'push',
  pushLatched: true,
  taxiOutLatched: false,
  pushTimestamp: 1789231020,
  pushTimestampSource: 'live_detected',
  firstDepartureMovement: true,
  rawTaxiHint: false,
  stageTaxiHint: false,
  taxiThresholdKt: 6,
  parkedObservedSec: 420,
  stationaryAtStand: false,
  awayFromPassengerGateArea: false,
  providerGateOut: { scheduled: 1789230300, estimated: 1789230300, actual: null },
  providerGateOutPublic: { scheduled: 1789230300, estimated: 1789230300, actual: null },
  groundspeedKt: 4,
  onGround: true,
  distanceFromParkedNm: 0.05356051193641675,
  positionAgeSec: 0,
  positionSource: 'adsb'
}
[push-evidence] {"callsignRequested":"UA9219","flightInstance":"leg:v1:UAL9219|2026-09-12|ORD|MSY","flightaware":{"flightId":"UAL9219-20260914-test","publicGateOut":{"scheduled":1789230300,"estimated":1789230300,"actual":null},"aeroApiOut":null,"firstTrackMovement":null},"fr24":{"flightId":null,"status":"DISABLED","firstTrackMovement":null,"summaryOut":null},"adsb":{"firstTrackMovement":null,"positionAgeSec":0,"groundspeedKt":4,"distanceFromParkedNm":0.05356051193641675},"inbound":{"parkedPosition":{"lat":41.9786,"lon":-87.9048,"at":1789230600000},"selectedPush":null,"pushLatch":{"unix":1789231020,"source":"live_detected","live":true,"at":1789231020},"taxiOutLatch":null,"finalPushUnix":1789231020,"finalPushSource":"live_detected","phaseStatePersistenceOnLoad":"ok"}}
[story-request] {"scheduleSource":"flightaware_public","fallbackOutcome":"not_needed","cacheStatus":"miss","event":"story_request","requested":"UA9219","fresh":true,"durationMs":34,"outcome":"ok","errorCategory":null}
[departure-telemetry] {
  callsignRequested: 'UA9219',
  flightInstance: 'leg:v1:UAL9219|2026-09-12|ORD|MSY',
  currentStage: 'taxi',
  pushLatched: true,
  taxiOutLatched: true,
  pushTimestamp: 1789231020,
  pushTimestampSource: 'live_detected',
  firstDepartureMovement: false,
  rawTaxiHint: true,
  stageTaxiHint: true,
  taxiThresholdKt: 6,
  parkedObservedSec: 450,
  stationaryAtStand: false,
  awayFromPassengerGateArea: false,
  providerGateOut: { scheduled: 1789230300, estimated: 1789230300, actual: null },
  providerGateOutPublic: { scheduled: 1789230300, estimated: 1789230300, actual: null },
  groundspeedKt: 15,
  onGround: true,
  distanceFromParkedNm: 0.14282803182330792,
  positionAgeSec: 0,
  positionSource: 'adsb'
}
[push-evidence] {"callsignRequested":"UA9219","flightInstance":"leg:v1:UAL9219|2026-09-12|ORD|MSY","flightaware":{"flightId":"UAL9219-20260914-test","publicGateOut":{"scheduled":1789230300,"estimated":1789230300,"actual":null},"aeroApiOut":null,"firstTrackMovement":null},"fr24":{"flightId":null,"status":"DISABLED","firstTrackMovement":null,"summaryOut":null},"adsb":{"firstTrackMovement":null,"positionAgeSec":0,"groundspeedKt":15,"distanceFromParkedNm":0.14282803182330792},"inbound":{"parkedPosition":{"lat":41.9786,"lon":-87.9048,"at":1789230600000},"selectedPush":null,"pushLatch":{"unix":1789231020,"source":"live_detected","live":true,"at":1789231050},"taxiOutLatch":{"at":1789231050},"finalPushUnix":1789231020,"finalPushSource":"live_detected","phaseStatePersistenceOnLoad":"ok"}}
[story-request] {"scheduleSource":"flightaware_public","fallbackOutcome":"not_needed","cacheStatus":"miss","event":"story_request","requested":"UA9219","fresh":true,"durationMs":57,"outcome":"ok","errorCategory":null}
[departure-telemetry] {
  callsignRequested: 'UA9219',
  flightInstance: 'leg:v1:UAL9219|2026-09-12|ORD|MSY',
  currentStage: 'taxi',
  pushLatched: true,
  taxiOutLatched: true,
  pushTimestamp: 1789231020,
  pushTimestampSource: 'live_detected',
  firstDepartureMovement: false,
  rawTaxiHint: true,
  stageTaxiHint: true,
  taxiThresholdKt: 6,
  parkedObservedSec: 490,
  stationaryAtStand: false,
  awayFromPassengerGateArea: false,
  providerGateOut: { scheduled: 1789230300, estimated: 1789230300, actual: 1789231080 },
  providerGateOutPublic: { scheduled: 1789230300, estimated: 1789230300, actual: 1789231080 },
  groundspeedKt: 15,
  onGround: true,
  distanceFromParkedNm: 0.14282803182330792,
  positionAgeSec: 0,
  positionSource: 'adsb'
}
[push-evidence] {"callsignRequested":"UA9219","flightInstance":"leg:v1:UAL9219|2026-09-12|ORD|MSY","flightaware":{"flightId":"UAL9219-20260914-test","publicGateOut":{"scheduled":1789230300,"estimated":1789230300,"actual":1789231080},"aeroApiOut":null,"firstTrackMovement":null},"fr24":{"flightId":null,"status":"DISABLED","firstTrackMovement":null,"summaryOut":null},"adsb":{"firstTrackMovement":null,"positionAgeSec":0,"groundspeedKt":15,"distanceFromParkedNm":0.14282803182330792},"inbound":{"parkedPosition":{"lat":41.9786,"lon":-87.9048,"at":1789230600000},"selectedPush":{"unix":1789231080,"source":"provider_actual","evidence":null},"pushLatch":{"unix":1789231020,"source":"live_detected","live":true,"at":1789231090},"taxiOutLatch":{"at":1789231090},"finalPushUnix":1789231020,"finalPushSource":"live_detected","phaseStatePersistenceOnLoad":"ok"}}
[story-request] {"scheduleSource":"flightaware_public","fallbackOutcome":"not_needed","cacheStatus":"miss","event":"story_request","requested":"UA9219","fresh":true,"durationMs":71,"outcome":"ok","errorCategory":null}
[departure-telemetry] {
  callsignRequested: 'UA9360',
  flightInstance: 'leg:v1:UAL9360|2026-09-12|ORD|MSY',
  currentStage: 'origin_gate',
  pushLatched: false,
  taxiOutLatched: false,
  pushTimestamp: null,
  pushTimestampSource: null,
  firstDepartureMovement: false,
  rawTaxiHint: false,
  stageTaxiHint: false,
  taxiThresholdKt: 6,
  parkedObservedSec: 0,
  stationaryAtStand: true,
  awayFromPassengerGateArea: false,
  providerGateOut: { scheduled: 1789230000, estimated: 1789230600, actual: null },
  providerGateOutPublic: { scheduled: 1789230000, estimated: 1789230600, actual: null },
  groundspeedKt: 0,
  onGround: true,
  distanceFromParkedNm: 0,
  positionAgeSec: 0,
  positionSource: 'adsb'
}
[push-evidence] {"callsignRequested":"UA9360","flightInstance":"leg:v1:UAL9360|2026-09-12|ORD|MSY","flightaware":{"flightId":"UAL9360-20260914-test","publicGateOut":{"scheduled":1789230000,"estimated":1789230600,"actual":null},"aeroApiOut":null,"firstTrackMovement":null},"fr24":{"flightId":null,"status":"DISABLED","firstTrackMovement":null,"summaryOut":null},"adsb":{"firstTrackMovement":null,"positionAgeSec":0,"groundspeedKt":0,"distanceFromParkedNm":0},"inbound":{"parkedPosition":{"lat":41.9786,"lon":-87.9048,"at":1789230600000},"selectedPush":null,"pushLatch":null,"taxiOutLatch":null,"finalPushUnix":null,"finalPushSource":null,"phaseStatePersistenceOnLoad":"ok"}}
[story-request] {"scheduleSource":"flightaware_public","fallbackOutcome":"not_needed","cacheStatus":"miss","event":"story_request","requested":"UA9360","fresh":true,"durationMs":41,"outcome":"ok","errorCategory":null}
[departure-telemetry] {
  callsignRequested: 'UA9360',
  flightInstance: 'leg:v1:UAL9360|2026-09-12|ORD|MSY',
  currentStage: 'push',
  pushLatched: true,
  taxiOutLatched: false,
  pushTimestamp: 1789230610,
  pushTimestampSource: 'live_detected',
  firstDepartureMovement: true,
  rawTaxiHint: false,
  stageTaxiHint: false,
  taxiThresholdKt: 6,
  parkedObservedSec: 10,
  stationaryAtStand: false,
  awayFromPassengerGateArea: false,
  providerGateOut: { scheduled: 1789230000, estimated: 1789230600, actual: null },
  providerGateOutPublic: { scheduled: 1789230000, estimated: 1789230600, actual: null },
  groundspeedKt: 4,
  onGround: true,
  distanceFromParkedNm: 0.05356051193641675,
  positionAgeSec: 0,
  positionSource: 'adsb'
}
[push-evidence] {"callsignRequested":"UA9360","flightInstance":"leg:v1:UAL9360|2026-09-12|ORD|MSY","flightaware":{"flightId":"UAL9360-20260914-test","publicGateOut":{"scheduled":1789230000,"estimated":1789230600,"actual":null},"aeroApiOut":null,"firstTrackMovement":null},"fr24":{"flightId":null,"status":"DISABLED","firstTrackMovement":null,"summaryOut":null},"adsb":{"firstTrackMovement":null,"positionAgeSec":0,"groundspeedKt":4,"distanceFromParkedNm":0.05356051193641675},"inbound":{"parkedPosition":{"lat":41.9786,"lon":-87.9048,"at":1789230600000},"selectedPush":null,"pushLatch":{"unix":1789230610,"source":"live_detected","live":true,"at":1789230610},"taxiOutLatch":null,"finalPushUnix":1789230610,"finalPushSource":"live_detected","phaseStatePersistenceOnLoad":"ok"}}
[story-request] {"scheduleSource":"flightaware_public","fallbackOutcome":"not_needed","cacheStatus":"miss","event":"story_request","requested":"UA9360","fresh":true,"durationMs":37,"outcome":"ok","errorCategory":null}
[departure-telemetry] {
  callsignRequested: 'UA9360',
  flightInstance: 'leg:v1:UAL9360|2026-09-12|ORD|MSY',
  currentStage: 'taxi',
  pushLatched: true,
  taxiOutLatched: true,
  pushTimestamp: 1789230610,
  pushTimestampSource: 'live_detected',
  firstDepartureMovement: false,
  rawTaxiHint: true,
  stageTaxiHint: true,
  taxiThresholdKt: 6,
  parkedObservedSec: 20,
  stationaryAtStand: false,
  awayFromPassengerGateArea: false,
  providerGateOut: { scheduled: 1789230000, estimated: 1789230600, actual: null },
  providerGateOutPublic: { scheduled: 1789230000, estimated: 1789230600, actual: null },
  groundspeedKt: 15,
  onGround: true,
  distanceFromParkedNm: 0.14282803182330792,
  positionAgeSec: 0,
  positionSource: 'adsb'
}
[push-evidence] {"callsignRequested":"UA9360","flightInstance":"leg:v1:UAL9360|2026-09-12|ORD|MSY","flightaware":{"flightId":"UAL9360-20260914-test","publicGateOut":{"scheduled":1789230000,"estimated":1789230600,"actual":null},"aeroApiOut":null,"firstTrackMovement":null},"fr24":{"flightId":null,"status":"DISABLED","firstTrackMovement":null,"summaryOut":null},"adsb":{"firstTrackMovement":null,"positionAgeSec":0,"groundspeedKt":15,"distanceFromParkedNm":0.14282803182330792},"inbound":{"parkedPosition":{"lat":41.9786,"lon":-87.9048,"at":1789230600000},"selectedPush":null,"pushLatch":{"unix":1789230610,"source":"live_detected","live":true,"at":1789230620},"taxiOutLatch":{"at":1789230620},"finalPushUnix":1789230610,"finalPushSource":"live_detected","phaseStatePersistenceOnLoad":"ok"}}
[story-request] {"scheduleSource":"flightaware_public","fallbackOutcome":"not_needed","cacheStatus":"miss","event":"story_request","requested":"UA9360","fresh":true,"durationMs":36,"outcome":"ok","errorCategory":null}
[departure-telemetry] {
  callsignRequested: 'UA9360',
  flightInstance: 'leg:v1:UAL9360|2026-09-12|ORD|MSY',
  currentStage: 'taxi',
  pushLatched: true,
  taxiOutLatched: true,
  pushTimestamp: 1789230610,
  pushTimestampSource: 'live_detected',
  firstDepartureMovement: false,
  rawTaxiHint: false,
  stageTaxiHint: false,
  taxiThresholdKt: 6,
  parkedObservedSec: 30,
  stationaryAtStand: false,
  awayFromPassengerGateArea: false,
  providerGateOut: { scheduled: 1789230000, estimated: 1789230600, actual: null },
  providerGateOutPublic: { scheduled: 1789230000, estimated: 1789230600, actual: null },
  groundspeedKt: 2,
  onGround: true,
  distanceFromParkedNm: 0.14282803182330792,
  positionAgeSec: 0,
  positionSource: 'adsb'
}
[push-evidence] {"callsignRequested":"UA9360","flightInstance":"leg:v1:UAL9360|2026-09-12|ORD|MSY","flightaware":{"flightId":"UAL9360-20260914-test","publicGateOut":{"scheduled":1789230000,"estimated":1789230600,"actual":null},"aeroApiOut":null,"firstTrackMovement":null},"fr24":{"flightId":null,"status":"DISABLED","firstTrackMovement":null,"summaryOut":null},"adsb":{"firstTrackMovement":null,"positionAgeSec":0,"groundspeedKt":2,"distanceFromParkedNm":0.14282803182330792},"inbound":{"parkedPosition":{"lat":41.9786,"lon":-87.9048,"at":1789230600000},"selectedPush":null,"pushLatch":{"unix":1789230610,"source":"live_detected","live":true,"at":1789230630},"taxiOutLatch":{"at":1789230620},"finalPushUnix":1789230610,"finalPushSource":"live_detected","phaseStatePersistenceOnLoad":"ok"}}
[story-request] {"scheduleSource":"flightaware_public","fallbackOutcome":"not_needed","cacheStatus":"miss","event":"story_request","requested":"UA9360","fresh":true,"durationMs":27,"outcome":"ok","errorCategory":null}
[departure-telemetry] {
  callsignRequested: 'UA9360',
  flightInstance: 'leg:v1:UAL9360|2026-09-12|ORD|MSY',
  currentStage: 'taxi',
  pushLatched: true,
  taxiOutLatched: true,
  pushTimestamp: 1789230610,
  pushTimestampSource: 'live_detected',
  firstDepartureMovement: false,
  rawTaxiHint: false,
  stageTaxiHint: false,
  taxiThresholdKt: 6,
  parkedObservedSec: 40,
  stationaryAtStand: false,
  awayFromPassengerGateArea: false,
  providerGateOut: { scheduled: 1789230000, estimated: 1789230600, actual: null },
  providerGateOutPublic: { scheduled: 1789230000, estimated: 1789230600, actual: null },
  groundspeedKt: 0,
  onGround: true,
  distanceFromParkedNm: 0.14282803182330792,
  positionAgeSec: 0,
  positionSource: 'adsb'
}
[push-evidence] {"callsignRequested":"UA9360","flightInstance":"leg:v1:UAL9360|2026-09-12|ORD|MSY","flightaware":{"flightId":"UAL9360-20260914-test","publicGateOut":{"scheduled":1789230000,"estimated":1789230600,"actual":null},"aeroApiOut":null,"firstTrackMovement":null},"fr24":{"flightId":null,"status":"DISABLED","firstTrackMovement":null,"summaryOut":null},"adsb":{"firstTrackMovement":null,"positionAgeSec":0,"groundspeedKt":0,"distanceFromParkedNm":0.14282803182330792},"inbound":{"parkedPosition":{"lat":41.9786,"lon":-87.9048,"at":1789230600000},"selectedPush":null,"pushLatch":{"unix":1789230610,"source":"live_detected","live":true,"at":1789230640},"taxiOutLatch":{"at":1789230620},"finalPushUnix":1789230610,"finalPushSource":"live_detected","phaseStatePersistenceOnLoad":"ok"}}
[story-request] {"scheduleSource":"flightaware_public","fallbackOutcome":"not_needed","cacheStatus":"miss","event":"story_request","requested":"UA9360","fresh":true,"durationMs":23,"outcome":"ok","errorCategory":null}
[departure-telemetry] {
  callsignRequested: 'UA9360',
  flightInstance: 'leg:v1:UAL9360|2026-09-12|ORD|MSY',
  currentStage: 'taxi',
  pushLatched: true,
  taxiOutLatched: true,
  pushTimestamp: 1789230610,
  pushTimestampSource: 'live_detected',
  firstDepartureMovement: false,
  rawTaxiHint: false,
  stageTaxiHint: false,
  taxiThresholdKt: 6,
  parkedObservedSec: 50,
  stationaryAtStand: false,
  awayFromPassengerGateArea: false,
  providerGateOut: { scheduled: 1789230000, estimated: 1789230600, actual: null },
  providerGateOutPublic: { scheduled: 1789230000, estimated: 1789230600, actual: null },
  groundspeedKt: 0,
  onGround: true,
  distanceFromParkedNm: 0.14282803182330792,
  positionAgeSec: 10,
  positionSource: 'adsb'
}
[push-evidence] {"callsignRequested":"UA9360","flightInstance":"leg:v1:UAL9360|2026-09-12|ORD|MSY","flightaware":{"flightId":"UAL9360-20260914-test","publicGateOut":{"scheduled":1789230000,"estimated":1789230600,"actual":null},"aeroApiOut":null,"firstTrackMovement":null},"fr24":{"flightId":null,"status":"DISABLED","firstTrackMovement":null,"summaryOut":null},"adsb":{"firstTrackMovement":null,"positionAgeSec":10,"groundspeedKt":0,"distanceFromParkedNm":0.14282803182330792},"inbound":{"parkedPosition":{"lat":41.9786,"lon":-87.9048,"at":1789230600000},"selectedPush":null,"pushLatch":{"unix":1789230610,"source":"live_detected","live":true,"at":1789230650},"taxiOutLatch":{"at":1789230620},"finalPushUnix":1789230610,"finalPushSource":"live_detected","phaseStatePersistenceOnLoad":"ok"}}
[story-request] {"scheduleSource":"flightaware_public","fallbackOutcome":"not_needed","cacheStatus":"miss","event":"story_request","requested":"UA9360","fresh":true,"durationMs":19,"outcome":"ok","errorCategory":null}
[departure-telemetry] {
  callsignRequested: 'AA9917',
  flightInstance: 'leg:v1:AAL9917|2026-09-12|ORD|MSY',
  currentStage: 'origin_gate',
  pushLatched: false,
  taxiOutLatched: false,
  pushTimestamp: null,
  pushTimestampSource: null,
  firstDepartureMovement: false,
  rawTaxiHint: false,
  stageTaxiHint: false,
  taxiThresholdKt: 6,
  parkedObservedSec: 0,
  stationaryAtStand: true,
  awayFromPassengerGateArea: false,
  providerGateOut: { scheduled: 1789230000, estimated: 1789230100, actual: null },
  providerGateOutPublic: { scheduled: 1789230000, estimated: 1789230100, actual: null },
  groundspeedKt: 0,
  onGround: true,
  distanceFromParkedNm: 0,
  positionAgeSec: 0,
  positionSource: 'adsb'
}
[push-evidence] {"callsignRequested":"AA9917","flightInstance":"leg:v1:AAL9917|2026-09-12|ORD|MSY","flightaware":{"flightId":null,"publicGateOut":{"scheduled":1789230000,"estimated":1789230100,"actual":null},"aeroApiOut":null,"firstTrackMovement":null},"fr24":{"flightId":null,"status":"DISABLED","firstTrackMovement":null,"summaryOut":null},"adsb":{"firstTrackMovement":null,"positionAgeSec":0,"groundspeedKt":0,"distanceFromParkedNm":0},"inbound":{"parkedPosition":{"lat":41.99,"lon":-87.91,"at":1789231976000},"selectedPush":null,"pushLatch":null,"taxiOutLatch":null,"finalPushUnix":null,"finalPushSource":null,"phaseStatePersistenceOnLoad":"ok"}}
[story-request] {"scheduleSource":"flightaware_public","fallbackOutcome":"not_needed","cacheStatus":"miss","event":"story_request","requested":"AA9917","fresh":true,"durationMs":26,"outcome":"ok","errorCategory":null}
[departure-telemetry] {
  callsignRequested: 'UA1599',
  flightInstance: 'leg:v1:UAL1599|2026-09-12|ORD|MSY',
  currentStage: 'push',
  pushLatched: true,
  taxiOutLatched: false,
  pushTimestamp: 1789231380,
  pushTimestampSource: 'provider_actual',
  firstDepartureMovement: false,
  rawTaxiHint: false,
  stageTaxiHint: false,
  taxiThresholdKt: 6,
  parkedObservedSec: 0,
  stationaryAtStand: false,
  awayFromPassengerGateArea: false,
  providerGateOut: { scheduled: 1789227420, estimated: 1789231200, actual: 1789231380 },
  providerGateOutPublic: { scheduled: 1789227420, estimated: 1789231200, actual: 1789231380 },
  groundspeedKt: null,
  onGround: null,
  distanceFromParkedNm: null,
  positionAgeSec: null,
  positionSource: 'fallback'
}
[push-evidence] {"callsignRequested":"UA1599","flightInstance":"leg:v1:UAL1599|2026-09-12|ORD|MSY","flightaware":{"flightId":null,"publicGateOut":{"scheduled":1789227420,"estimated":1789231200,"actual":1789231380},"aeroApiOut":null,"firstTrackMovement":null},"fr24":{"flightId":null,"status":"DISABLED","firstTrackMovement":null,"summaryOut":null},"adsb":{"firstTrackMovement":null,"positionAgeSec":null,"groundspeedKt":null,"distanceFromParkedNm":null},"inbound":{"parkedPosition":null,"selectedPush":{"unix":1789231380,"source":"provider_actual","evidence":null},"pushLatch":{"unix":1789231380,"source":"provider_actual","live":true,"at":1789311976},"taxiOutLatch":null,"finalPushUnix":1789231380,"finalPushSource":"provider_actual","phaseStatePersistenceOnLoad":"ok"}}
[flight-telemetry] {
  callsignRequested: 'UA1599',
  callsign: 'UAL1599',
  registration: null,
  hex: null,
  destination: { iata: 'MSY', icao: 'KMSY', lat: 29.9933, lon: -90.259 },
  livePosition: null,
  altitudeFt: null,
  groundspeedKt: null,
  onGround: null,
  track: null,
  verticalRateFpm: null,
  phase: null,
  headingToDestinationDelta: null,
  isFinalApproach: false,
  routeRemainingNm: 733.1657436932583,
  directToDestNm: null,
  remainingNm: 733.1657436932583,
  etaMin: 104.73796338475118,
  currentStage: 'push',
  arrivalStatus: 'airborne',
  ourLanded: false,
  positionProvider: 'fallback',
  positionSeenAt: null,
  positionAgeSec: null,
  flightawarePosition: null,
  fr24Position: null,
  adsbPosition: null,
  providerStatus: { flightaware: 'DISABLED', fr24: 'DISABLED' },
  providerEta: { flightaware: null, fr24: null },
  providerDistancesNm: {
    flightawareToFr24: null,
    flightawareToAdsb: null,
    fr24ToAdsb: null
  },
  fusionDisagreementNm: null,
  filedRouteDeviationNm: null,
  displayPathSource: 'filed'
}
[story-request] {"scheduleSource":"flightaware_public","fallbackOutcome":"not_needed","cacheStatus":"miss","event":"story_request","requested":"UA1599","fresh":true,"durationMs":23,"outcome":"ok","errorCategory":null}
▶ September 12 flight audit replay
  ✔ UA1532: preserves departure facts when no position is available (5636.016812ms)
  ✔ AA3008: preserves departure facts when no position is available (39.896337ms)
  ✔ keeps pushback registered when a moving aircraft pauses near its stand (177.28481ms)
  ✔ does not invent ORD to LAX when the route feeds have no flight (22.037528ms)
  ✔ does not use an old flight-number route when the current schedule feed is unavailable (5.74336ms)
  ✔ WN2512: ignores a different airborne tail and future actual push/takeoff (35.775795ms)
  ✔ UA218: a canonical inbound history redirect does not put airborne UA219 at the gate (117.407781ms)
✔ September 12 flight audit replay (6036.355252ms)
▶ MDW departure surface-stage replays
  ✔ WN363: fresh surface telemetry contradicts a premature provider takeoff (50.126626ms)
  ✔ WN1035: fresh surface telemetry contradicts a premature provider takeoff (45.350397ms)
  ✔ WN102: fresh surface telemetry contradicts a premature provider takeoff (24.085709ms)
✔ MDW departure surface-stage replays (119.918372ms)
▶ ground trace freshness
  ✔ accepts recent movement but rejects stale and future movement (1.109568ms)
✔ ground trace freshness (1.206103ms)
▶ AA2554 inbound/main-stage consistency
  ✔ does not alternate Gate and Inbound as surface positions appear and disappear (4.479571ms)
✔ AA2554 inbound/main-stage consistency (4.697374ms)
▶ inbound canonical history details
  ✔ reads actual gate arrival from the redirected dated flight (1.397822ms)
✔ inbound canonical history details (1.521956ms)
▶ taxi duration consistency
  ✔ uses current push and takeoff estimates instead of a generic 25 minutes (0.198409ms)
✔ taxi duration consistency (0.423109ms)
▶ first-class pushback and taxi-out stages
  ✔ keeps a parked 0 kt aircraft At gate (0.340131ms)
  ✔ shows first 2–5 kt movement as Pushback (0.163145ms)
  ✔ shows sustained 8–20 kt movement as Taxiing out (0.143803ms)
  ✔ does not return to At gate through a stale surface gap (0.080834ms)
  ✔ keeps Taxiing out monotonic once its latch is established (4.794354ms)
  ✔ preserves the existing takeoff transition (0.214422ms)
  ✔ renders Pushback and Taxiing out as separate passenger stages (0.757591ms)
✔ first-class pushback and taxi-out stages (6.743996ms)
▶ on the move evidence
  ✔ UA219: keeps an overdue estimate non-actual, then records only observed/provider push (198.876817ms)
  ✔ UA219: reconstructs the first stand exit from track history instead of the 10:03 taxi classification (0.793176ms)
  ✔ UA219: replaces a persisted detected time copied from the 9:25 estimate (0.163665ms)
  ✔ preserves a genuine earlier movement latch when it did not copy an estimate (0.089925ms)
  ✔ labels the passenger operational event Pushback, not Departure (0.807288ms)
  ✔ UA3600: never regresses from Taxiing out to Pushback during normal surface changes (185.162649ms)
  ✔ does not advance a stationary aircraft just because scheduled departure passed (27.135115ms)
✔ on the move evidence (413.502302ms)
✔ preserves missing weather feeds as unknown while the flight still loads (23.786334ms)
▶ MDW fresh ground position can advance the stage
  ✔ recognizes WN1266 runway-area fix as already away from the passenger gates (0.297437ms)
  ✔ does not call a terminal-side stationary fix away from the gate area (0.190392ms)
  ✔ does not infer movement from a remote position hours before the departure window (0.118686ms)
✔ MDW fresh ground position can advance the stage (0.789329ms)
▶ stage and ground-map position identity
  ✔ uses the commercial flight number for the stage FR24 lookup (1.608312ms)
✔ stage and ground-map position identity (1.7409ms)
▶ public schedule fallback
  ✔ shares each section date across Scheduled, Estimated and Actual labels (2.462692ms)
  ✔ honors explicit later dates across midnight and month rollover (0.861489ms)
  ✔ keeps labels without a preceding section date unconfirmed (0.382491ms)
  ✔ still rejects invalid clocks and unknown timezone abbreviations (0.376534ms)
  ⚠ loads an exact route from a FlightStats-style public status page (2.525277ms) # Held #6: unknown-airport route support — https://github.com/jarndtphoto/Inbound/blob/codex/test-suite-cleanup/docs/test-cleanup-held-bugs.md#6-zrh--unknown-airport-public-route-support
  ✔ parses public scheduled and actual gate times when FlightStats exposes them (0.443317ms)
  ✔ chooses the active return leg instead of the earlier same-number segment (0.691395ms)
  ✔ prefers a recently arrived local-date flight over tomorrow UTC-date schedule (0.97242ms)
  ✔ fails closed when the page does not identify two known airports (0.465903ms)
  ✔ allows an exact FR24 leg up to 60 seconds old to establish origin-gate identity (2.22691ms)
✔ public schedule fallback (12.319141ms)
▶ departure checkpoint survives provider handoff
  ✔ rebuilds a provider-actual push latch from the saved checkpoint (0.319236ms)
  ✔ prefers a detected physical push timestamp when one exists (0.197523ms)
  ✔ does not turn a scheduled or estimated time into a push checkpoint (0.118532ms)
✔ departure checkpoint survives provider handoff (0.804506ms)
▶ codeshare operating callsign
  ✔ uses the operating callsign encoded in the public flight instance (0.221769ms)
✔ codeshare operating callsign (0.414222ms)
▶ current-flight trace selection
  ✔ does not concatenate a previous matching leg underneath the current flight (0.880752ms)
  ✔ chooses the most recent matching leg when no live point is available (0.414337ms)
✔ current-flight trace selection (1.976613ms)
▶ live reroute display geometry
  ✔ uses the actual deviation for the portion behind the aircraft (0.261221ms)
  ✔ joins actual track naturally to the current aircraft without an obsolete filed-route jump (0.105457ms)
  ✔ starts projection at the current aircraft and never selects a segment behind it (0.127408ms)
  ✔ keeps Route and Weather on the same canonical story samples (1.170771ms)
  ✔ shows filed fixes as secondary references without using them as the live path (1.712739ms)
  ✔ never renders interpolated route samples as waypoint markers (0.435525ms)
  ✔ does not add published fix markers as the map zoom changes (0.337882ms)
  ✔ does not evaluate future weather against the abandoned route behind the aircraft (0.164508ms)
✔ live reroute display geometry (4.740843ms)
▶ Hawaii route-map geography
  ✔ includes targeted detailed outlines for the six passenger-visible islands (0.235571ms)
  ✔ renders Hawaii with zoom-stable coastline strokes (0.389167ms)
✔ Hawaii route-map geography (0.74191ms)
▶ FlightAware filed route references
  ✔ reads only named published fixes from the AeroAPI route response (0.473152ms)
  ✔ renders filed fixes as zoom-stable white markers without sample markers (0.409819ms)
✔ FlightAware filed route references (1.005059ms)
▶ AAL3197 weather entry rendering
  ✔ orders samples in direction of travel and discards points behind progress (0.254241ms)
  ✔ renders the numbered marker at the affected-range entry coordinate (12.810779ms)
  ✔ leads with the next weather event once and keeps its entry timing and shared map wording (3.753014ms)
  ✔ does not split one continuous moderate range when storm detail changes (0.627644ms)
  ✔ combines contiguous light and moderate turbulence into one passenger event (0.626792ms)
✔ AAL3197 weather entry rendering (18.564942ms)
[aeroapi] key unavailable; using public feed
[schedule-fallback-unavailable] {
  callsign: 'UAL219',
  reason: 'Current flight route unavailable: schedule provider returned HTTP 402 (unidentified response; host=www.flightaware.com; server=absent; type=absent; bodyChars=0; branding=unidentifi'
}
{"event":"fr24_upstream_request","timestamp":"2026-10-02T14:54:00.000Z","callsign":null,"registration":null,"endpoint":"/live/flight-positions/full","cache":"miss"}
{"event":"fr24_flight_number_match","requested":"UAL219","flightNumber":"UA219","flightId":"fixture-fr24-219","callsign":"UAL219"}
{"event":"fr24_live_leg_fallback","requested":"UAL219","flightId":"fixture-fr24-219","origin":"ORD","destination":"HNL"}
{"event":"canonical_leg_key_unavailable","reason":"missing_scheduled","requested":"UAL219","ident":"UAL219","origin":"ORD","destination":"HNL","scheduledDeparture":null,"serviceDate":null}
[departure-telemetry] {
  callsignRequested: 'UA219',
  flightInstance: 'leg:unvalidated:UAL219|ORD|HNL|2026-10-02',
  currentStage: 'origin_gate',
  pushLatched: false,
  taxiOutLatched: false,
  pushTimestamp: null,
  pushTimestampSource: null,
  firstDepartureMovement: false,
  rawTaxiHint: false,
  stageTaxiHint: false,
  taxiThresholdKt: 6,
  parkedObservedSec: 0,
  stationaryAtStand: true,
  awayFromPassengerGateArea: false,
  providerGateOut: { scheduled: null, estimated: null, actual: null },
  providerGateOutPublic: { scheduled: null, estimated: null, actual: null },
  groundspeedKt: 0,
  onGround: true,
  distanceFromParkedNm: 0,
  positionAgeSec: 0,
  positionSource: 'fr24'
}
[push-evidence] {"callsignRequested":"UA219","flightInstance":"leg:unvalidated:UAL219|ORD|HNL|2026-10-02","flightaware":{"flightId":"fixture-fr24-219","publicGateOut":{"scheduled":null,"estimated":null,"actual":null},"aeroApiOut":null,"firstTrackMovement":null},"fr24":{"flightId":"fixture-fr24-219","status":"ACTIVE","firstTrackMovement":null,"summaryOut":{"scheduled":null,"estimated":null,"actual":null}},"adsb":{"firstTrackMovement":null,"positionAgeSec":0,"groundspeedKt":0,"distanceFromParkedNm":0},"inbound":{"parkedPosition":{"lat":41.9786,"lon":-87.9048,"at":1790952840000},"selectedPush":null,"pushLatch":null,"taxiOutLatch":null,"finalPushUnix":null,"finalPushSource":null,"phaseStatePersistenceOnLoad":"ok"}}
[story-request] {"scheduleSource":"fr24_live","fallbackOutcome":"fr24_used","cacheStatus":"miss","event":"story_request","requested":"UA219","fresh":true,"durationMs":92,"outcome":"ok","errorCategory":null}
[schedule-fallback-unavailable] {
  callsign: 'UAL219',
  reason: 'Current flight route unavailable: schedule provider returned HTTP 402 (unidentified response; host=www.flightaware.com; server=absent; type=absent; bodyChars=0; branding=unidentifi'
}
{"event":"fr24_upstream_request","timestamp":"2026-10-02T14:54:10.000Z","callsign":null,"registration":null,"endpoint":"/live/flight-positions/full","cache":"miss"}
{"event":"fr24_live_leg_fallback","requested":"UAL219","flightId":"fixture-fr24-219","origin":"ORD","destination":"HNL"}
{"event":"canonical_leg_key_unavailable","reason":"missing_scheduled","requested":"UAL219","ident":"UAL219","origin":"ORD","destination":"HNL","scheduledDeparture":null,"serviceDate":null}
[departure-telemetry] {
  callsignRequested: 'UA219',
  flightInstance: 'leg:unvalidated:UAL219|ORD|HNL|2026-10-02',
  currentStage: 'push',
  pushLatched: true,
  taxiOutLatched: false,
  pushTimestamp: 1790952850,
  pushTimestampSource: 'live_detected',
  firstDepartureMovement: true,
  rawTaxiHint: false,
  stageTaxiHint: false,
  taxiThresholdKt: 6,
  parkedObservedSec: 10,
  stationaryAtStand: false,
  awayFromPassengerGateArea: false,
  providerGateOut: { scheduled: null, estimated: null, actual: null },
  providerGateOutPublic: { scheduled: null, estimated: null, actual: null },
  groundspeedKt: 4,
  onGround: true,
  distanceFromParkedNm: 0.05356051193641675,
  positionAgeSec: 0,
  positionSource: 'fr24'
}
[push-evidence] {"callsignRequested":"UA219","flightInstance":"leg:unvalidated:UAL219|ORD|HNL|2026-10-02","flightaware":{"flightId":"fixture-fr24-219","publicGateOut":{"scheduled":null,"estimated":null,"actual":null},"aeroApiOut":null,"firstTrackMovement":null},"fr24":{"flightId":"fixture-fr24-219","status":"ACTIVE","firstTrackMovement":null,"summaryOut":{"scheduled":null,"estimated":null,"actual":null}},"adsb":{"firstTrackMovement":null,"positionAgeSec":0,"groundspeedKt":4,"distanceFromParkedNm":0.05356051193641675},"inbound":{"parkedPosition":{"lat":41.9786,"lon":-87.9048,"at":1790952840000},"selectedPush":null,"pushLatch":{"unix":1790952850,"source":"live_detected","live":true,"at":1790952850},"taxiOutLatch":null,"finalPushUnix":1790952850,"finalPushSource":"live_detected","phaseStatePersistenceOnLoad":"ok"}}
[story-request] {"scheduleSource":"fr24_live","fallbackOutcome":"fr24_used","cacheStatus":"miss","event":"story_request","requested":"UA219","fresh":true,"durationMs":25,"outcome":"ok","errorCategory":null}
[aeroapi] key unavailable; using public feed
[schedule-fallback-unavailable] {
  callsign: 'UAL219',
  reason: 'Current flight route unavailable: schedule provider returned HTTP 402 (unidentified response; host=www.flightaware.com; server=absent; type=absent; bodyChars=0; branding=unidentifi'
}
{"event":"fr24_upstream_request","timestamp":"2026-10-02T14:54:20.000Z","callsign":null,"registration":null,"endpoint":"/live/flight-positions/full","cache":"miss"}
{"event":"fr24_flight_number_match","requested":"UAL219","flightNumber":"UA219","flightId":"fixture-fr24-219","callsign":"UAL219"}
{"event":"fr24_live_leg_fallback","requested":"UAL219","flightId":"fixture-fr24-219","origin":"ORD","destination":"HNL"}
{"event":"canonical_leg_key_unavailable","reason":"missing_scheduled","requested":"UAL219","ident":"UAL219","origin":"ORD","destination":"HNL","scheduledDeparture":null,"serviceDate":null}
[departure-telemetry] {
  callsignRequested: 'UA219',
  flightInstance: 'leg:unvalidated:UAL219|ORD|HNL|2026-10-02',
  currentStage: 'taxi',
  pushLatched: true,
  taxiOutLatched: true,
  pushTimestamp: 1790952850,
  pushTimestampSource: 'live_detected',
  firstDepartureMovement: false,
  rawTaxiHint: true,
  stageTaxiHint: true,
  taxiThresholdKt: 6,
  parkedObservedSec: 0,
  stationaryAtStand: false,
  awayFromPassengerGateArea: false,
  providerGateOut: { scheduled: null, estimated: null, actual: null },
  providerGateOutPublic: { scheduled: null, estimated: null, actual: null },
  groundspeedKt: 15,
  onGround: true,
  distanceFromParkedNm: null,
  positionAgeSec: 0,
  positionSource: 'fr24'
}
[push-evidence] {"callsignRequested":"UA219","flightInstance":"leg:unvalidated:UAL219|ORD|HNL|2026-10-02","flightaware":{"flightId":"fixture-fr24-219","publicGateOut":{"scheduled":null,"estimated":null,"actual":null},"aeroApiOut":null,"firstTrackMovement":null},"fr24":{"flightId":"fixture-fr24-219","status":"ACTIVE","firstTrackMovement":null,"summaryOut":{"scheduled":null,"estimated":null,"actual":null}},"adsb":{"firstTrackMovement":null,"positionAgeSec":0,"groundspeedKt":15,"distanceFromParkedNm":null},"inbound":{"parkedPosition":null,"selectedPush":null,"pushLatch":{"unix":1790952850,"source":"live_detected","live":true,"at":1790952860},"taxiOutLatch":{"at":1790952860},"finalPushUnix":1790952850,"finalPushSource":"live_detected","phaseStatePersistenceOnLoad":"ok"}}
[story-request] {"scheduleSource":"fr24_live","fallbackOutcome":"fr24_used","cacheStatus":"miss","event":"story_request","requested":"UA219","fresh":true,"durationMs":67,"outcome":"ok","errorCategory":null}
[aeroapi] key unavailable; using public feed
[schedule-fallback-unavailable] {
  callsign: 'UAL219',
  reason: 'Current flight route unavailable: schedule provider returned HTTP 402 (unidentified response; host=www.flightaware.com; server=absent; type=absent; bodyChars=0; branding=unidentifi'
}
{"event":"fr24_upstream_request","timestamp":"2026-10-02T14:54:30.000Z","callsign":null,"registration":null,"endpoint":"/live/flight-positions/full","cache":"miss"}
{"event":"fr24_flight_number_match","requested":"UAL219","flightNumber":"UA219","flightId":"fixture-fr24-219","callsign":"UAL219"}
{"event":"fr24_live_leg_fallback","requested":"UAL219","flightId":"fixture-fr24-219","origin":"ORD","destination":"HNL"}
{"event":"canonical_leg_key_unavailable","reason":"missing_scheduled","requested":"UAL219","ident":"UAL219","origin":"ORD","destination":"HNL","scheduledDeparture":null,"serviceDate":null}
[departure-telemetry] {
  callsignRequested: 'UA219',
  flightInstance: 'leg:unvalidated:UAL219|ORD|HNL|2026-10-02',
  currentStage: 'taxi',
  pushLatched: true,
  taxiOutLatched: true,
  pushTimestamp: 1790952850,
  pushTimestampSource: 'live_detected',
  firstDepartureMovement: false,
  rawTaxiHint: false,
  stageTaxiHint: false,
  taxiThresholdKt: 6,
  parkedObservedSec: 0,
  stationaryAtStand: false,
  awayFromPassengerGateArea: false,
  providerGateOut: { scheduled: null, estimated: null, actual: null },
  providerGateOutPublic: { scheduled: null, estimated: null, actual: null },
  groundspeedKt: 0,
  onGround: true,
  distanceFromParkedNm: null,
  positionAgeSec: 0,
  positionSource: 'fr24'
}
[push-evidence] {"callsignRequested":"UA219","flightInstance":"leg:unvalidated:UAL219|ORD|HNL|2026-10-02","flightaware":{"flightId":"fixture-fr24-219","publicGateOut":{"scheduled":null,"estimated":null,"actual":null},"aeroApiOut":null,"firstTrackMovement":null},"fr24":{"flightId":"fixture-fr24-219","status":"ACTIVE","firstTrackMovement":null,"summaryOut":{"scheduled":null,"estimated":null,"actual":null}},"adsb":{"firstTrackMovement":null,"positionAgeSec":0,"groundspeedKt":0,"distanceFromParkedNm":null},"inbound":{"parkedPosition":null,"selectedPush":null,"pushLatch":{"unix":1790952850,"source":"live_detected","live":true,"at":1790952860},"taxiOutLatch":{"at":1790952860},"finalPushUnix":1790952850,"finalPushSource":"live_detected","phaseStatePersistenceOnLoad":"ok"}}
[story-request] {"scheduleSource":"fr24_live","fallbackOutcome":"fr24_used","cacheStatus":"miss","event":"story_request","requested":"UA219","fresh":true,"durationMs":63,"outcome":"ok","errorCategory":null}
[aeroapi] key unavailable; using public feed
{"event":"fr24_upstream_request","timestamp":"2026-10-02T14:54:40.000Z","callsign":null,"registration":null,"endpoint":"/live/flight-positions/full","cache":"miss"}
{"event":"fr24_flight_number_match","requested":"UAL219","flightNumber":"UA219","flightId":"fixture-fr24-219","callsign":"UAL219"}
[departure-telemetry] {
  callsignRequested: 'UA219',
  flightInstance: 'leg:v1:UAL219|2026-10-02|ORD|HNL',
  currentStage: 'taxi',
  pushLatched: true,
  taxiOutLatched: true,
  pushTimestamp: 1790952850,
  pushTimestampSource: 'live_detected',
  firstDepartureMovement: false,
  rawTaxiHint: false,
  stageTaxiHint: false,
  taxiThresholdKt: 6,
  parkedObservedSec: 0,
  stationaryAtStand: false,
  awayFromPassengerGateArea: false,
  providerGateOut: { scheduled: 1790952900, estimated: null, actual: null },
  providerGateOutPublic: { scheduled: 1790952900, estimated: null, actual: null },
  groundspeedKt: 0,
  onGround: true,
  distanceFromParkedNm: null,
  positionAgeSec: 0,
  positionSource: 'fr24'
}
[push-evidence] {"callsignRequested":"UA219","flightInstance":"leg:v1:UAL219|2026-10-02|ORD|HNL","flightaware":{"flightId":"UAL219-1790952900-schedule-0001","publicGateOut":{"scheduled":1790952900,"estimated":null,"actual":null},"aeroApiOut":null,"firstTrackMovement":null},"fr24":{"flightId":"fixture-fr24-219","status":"ACTIVE","firstTrackMovement":null,"summaryOut":{"scheduled":null,"estimated":null,"actual":null}},"adsb":{"firstTrackMovement":null,"positionAgeSec":0,"groundspeedKt":0,"distanceFromParkedNm":null},"inbound":{"parkedPosition":null,"selectedPush":null,"pushLatch":{"unix":1790952850,"source":"live_detected","live":true,"at":1790952860},"taxiOutLatch":{"at":1790952860},"finalPushUnix":1790952850,"finalPushSource":"live_detected","phaseStatePersistenceOnLoad":"ok"}}
[story-request] {"scheduleSource":"flightaware_public","fallbackOutcome":"not_needed","cacheStatus":"miss","event":"story_request","requested":"UA219","fresh":true,"durationMs":84,"outcome":"ok","errorCategory":null}
✔ fixture audit and FR24-only push/taxi survive actual cold story instances and schedule promotion (7212.630148ms)
[aeroapi] key unavailable; using public feed
[schedule-fallback-unavailable] {
  callsign: 'SWA1111',
  reason: 'Current flight route unavailable: schedule provider returned HTTP 402 (unidentified response; host=www.flightaware.com; server=absent; type=absent; bodyChars=0; branding=unidentifi'
}
[departure-telemetry] {
  callsignRequested: 'WN1111',
  flightInstance: 'resume:2a424f50fad660b543b70d0f337977ea7663b622f2feb64372fcfa140b93ab3f:leg:v1:SWA1111|2026-09-13|MDW|MSP',
  currentStage: 'origin_gate',
  pushLatched: false,
  taxiOutLatched: false,
  pushTimestamp: null,
  pushTimestampSource: null,
  firstDepartureMovement: false,
  rawTaxiHint: false,
  stageTaxiHint: false,
  taxiThresholdKt: 6,
  parkedObservedSec: 0,
  stationaryAtStand: true,
  awayFromPassengerGateArea: false,
  providerGateOut: { scheduled: 1789318200, estimated: null, actual: null },
  providerGateOutPublic: { scheduled: 1789318200, estimated: null, actual: null },
  groundspeedKt: 0,
  onGround: true,
  distanceFromParkedNm: 0,
  positionAgeSec: 1,
  positionSource: 'adsb'
}
[push-evidence] {"callsignRequested":"WN1111","flightInstance":"resume:2a424f50fad660b543b70d0f337977ea7663b622f2feb64372fcfa140b93ab3f:leg:v1:SWA1111|2026-09-13|MDW|MSP","flightaware":{"flightId":null,"publicGateOut":{"scheduled":1789318200,"estimated":null,"actual":null},"aeroApiOut":null,"firstTrackMovement":null},"fr24":{"flightId":null,"status":"DISABLED","firstTrackMovement":null,"summaryOut":null},"adsb":{"firstTrackMovement":null,"positionAgeSec":1,"groundspeedKt":0,"distanceFromParkedNm":0},"inbound":{"parkedPosition":{"lat":41.787,"lon":-87.752,"at":1789318800000},"selectedPush":null,"pushLatch":null,"taxiOutLatch":null,"finalPushUnix":null,"finalPushSource":null,"phaseStatePersistenceOnLoad":"ok"}}
[flight-telemetry] {
  callsignRequested: 'WN1111',
  callsign: 'SWA1111',
  registration: 'N12345',
  hex: 'a12345',
  destination: { iata: 'MSP', icao: 'KMSP', lat: 44.8848, lon: -93.2223 },
  livePosition: { lat: 41.787, lon: -87.752 },
  altitudeFt: 0,
  groundspeedKt: 0,
  onGround: true,
  track: 310,
  verticalRateFpm: null,
  phase: 'parked',
  headingToDestinationDelta: null,
  isFinalApproach: false,
  routeRemainingNm: 302.638444110557,
  directToDestNm: null,
  remainingNm: 302.638444110557,
  etaMin: 60,
  currentStage: 'origin_gate',
  arrivalStatus: 'airborne',
  ourLanded: false,
  positionProvider: 'adsb',
  positionSeenAt: 1789318799,
  positionAgeSec: 1,
  flightawarePosition: null,
  fr24Position: null,
  adsbPosition: {
    provider: 'adsb',
    flightId: null,
    callsign: 'SWA1111',
    lat: 41.787,
    lon: -87.752,
    altFt: 0,
    vertFpm: null,
    gsKt: 0,
    track: 310,
    onGround: true,
    seenAt: 1789318799,
    registration: 'N12345',
    type: 'B738',
    hex: 'a12345',
    confidence: 'high'
  },
  providerStatus: { flightaware: 'DISABLED', fr24: 'DISABLED' },
  providerEta: { flightaware: null, fr24: null },
  providerDistancesNm: {
    flightawareToFr24: null,
    flightawareToAdsb: null,
    fr24ToAdsb: null
  },
  fusionDisagreementNm: null,
  filedRouteDeviationNm: 0.010476603989354029,
  displayPathSource: 'direct'
}
[story-request] {"scheduleSource":"saved_resume","fallbackOutcome":"resume_used","cacheStatus":"miss","event":"story_request","requested":"WN1111","fresh":true,"durationMs":108,"outcome":"ok","errorCategory":null}
[schedule-fallback-unavailable] {
  callsign: 'SWA1111',
  reason: 'Current flight route unavailable: schedule provider returned HTTP 402 (unidentified response; host=www.flightaware.com; server=absent; type=absent; bodyChars=0; branding=unidentifi'
}
[departure-telemetry] {
  callsignRequested: 'WN1111',
  flightInstance: 'resume:1bd10b93d2024925cd5e606e83ff29dc99899e58a2568d1d2d6d6f5c998a1afe:leg:v1:SWA1111|2026-09-13|MDW|MSP',
  currentStage: 'push',
  pushLatched: true,
  taxiOutLatched: false,
  pushTimestamp: 1789318810,
  pushTimestampSource: 'live_detected',
  firstDepartureMovement: true,
  rawTaxiHint: true,
  stageTaxiHint: false,
  taxiThresholdKt: 6,
  parkedObservedSec: 0,
  stationaryAtStand: false,
  awayFromPassengerGateArea: false,
  providerGateOut: { scheduled: 1789318200, estimated: null, actual: null },
  providerGateOutPublic: { scheduled: 1789318200, estimated: null, actual: null },
  groundspeedKt: 10,
  onGround: true,
  distanceFromParkedNm: null,
  positionAgeSec: 1,
  positionSource: 'adsb'
}
[push-evidence] {"callsignRequested":"WN1111","flightInstance":"resume:1bd10b93d2024925cd5e606e83ff29dc99899e58a2568d1d2d6d6f5c998a1afe:leg:v1:SWA1111|2026-09-13|MDW|MSP","flightaware":{"flightId":null,"publicGateOut":{"scheduled":1789318200,"estimated":null,"actual":null},"aeroApiOut":null,"firstTrackMovement":null},"fr24":{"flightId":null,"status":"DISABLED","firstTrackMovement":null,"summaryOut":null},"adsb":{"firstTrackMovement":null,"positionAgeSec":1,"groundspeedKt":10,"distanceFromParkedNm":null},"inbound":{"parkedPosition":null,"selectedPush":null,"pushLatch":{"unix":1789318810,"source":"live_detected","live":true,"at":1789318810},"taxiOutLatch":null,"finalPushUnix":1789318810,"finalPushSource":"live_detected","phaseStatePersistenceOnLoad":"ok"}}
[flight-telemetry] {
  callsignRequested: 'WN1111',
  callsign: 'SWA1111',
  registration: 'N12345',
  hex: 'a12345',
  destination: { iata: 'MSP', icao: 'KMSP', lat: 44.8848, lon: -93.2223 },
  livePosition: { lat: 41.788, lon: -87.751 },
  altitudeFt: 0,
  groundspeedKt: 10,
  onGround: true,
  track: 310,
  verticalRateFpm: null,
  phase: 'taxi',
  headingToDestinationDelta: null,
  isFinalApproach: false,
  routeRemainingNm: 302.638444110557,
  directToDestNm: null,
  remainingNm: 302.638444110557,
  etaMin: 59.833333333333336,
  currentStage: 'push',
  arrivalStatus: 'airborne',
  ourLanded: false,
  positionProvider: 'adsb',
  positionSeenAt: 1789318809,
  positionAgeSec: 1,
  flightawarePosition: null,
  fr24Position: null,
  adsbPosition: {
    provider: 'adsb',
    flightId: null,
    callsign: 'SWA1111',
    lat: 41.788,
    lon: -87.751,
    altFt: 0,
    vertFpm: null,
    gsKt: 10,
    track: 310,
    onGround: true,
    seenAt: 1789318809,
    registration: 'N12345',
    type: 'B738',
    hex: 'a12345',
    confidence: 'high'
  },
  providerStatus: { flightaware: 'DISABLED', fr24: 'DISABLED' },
  providerEta: { flightaware: null, fr24: null },
  providerDistancesNm: {
    flightawareToFr24: null,
    flightawareToAdsb: null,
    fr24ToAdsb: null
  },
  fusionDisagreementNm: null,
  filedRouteDeviationNm: 0.06285807019502178,
  displayPathSource: 'direct'
}
[story-request] {"scheduleSource":"saved_resume","fallbackOutcome":"resume_used","cacheStatus":"miss","event":"story_request","requested":"WN1111","fresh":true,"durationMs":20,"outcome":"ok","errorCategory":null}
[schedule-fallback-unavailable] {
  callsign: 'SWA1111',
  reason: 'Current flight route unavailable: schedule provider returned HTTP 402 (unidentified response; host=www.flightaware.com; server=absent; type=absent; bodyChars=0; branding=unidentifi'
}
[departure-telemetry] {
  callsignRequested: 'WN1111',
  flightInstance: 'resume:f17bc3c25a1843ad7113cc8fdf5f59f4d7f1a75aac43be99e7732bf42863c371:leg:v1:SWA1111|2026-09-13|MDW|MSP',
  currentStage: 'taxi',
  pushLatched: true,
  taxiOutLatched: true,
  pushTimestamp: 1789318810,
  pushTimestampSource: 'live_detected',
  firstDepartureMovement: false,
  rawTaxiHint: true,
  stageTaxiHint: true,
  taxiThresholdKt: 6,
  parkedObservedSec: 0,
  stationaryAtStand: false,
  awayFromPassengerGateArea: false,
  providerGateOut: { scheduled: 1789318200, estimated: null, actual: null },
  providerGateOutPublic: { scheduled: 1789318200, estimated: null, actual: null },
  groundspeedKt: 10,
  onGround: true,
  distanceFromParkedNm: null,
  positionAgeSec: 1,
  positionSource: 'adsb'
}
[push-evidence] {"callsignRequested":"WN1111","flightInstance":"resume:f17bc3c25a1843ad7113cc8fdf5f59f4d7f1a75aac43be99e7732bf42863c371:leg:v1:SWA1111|2026-09-13|MDW|MSP","flightaware":{"flightId":null,"publicGateOut":{"scheduled":1789318200,"estimated":null,"actual":null},"aeroApiOut":null,"firstTrackMovement":null},"fr24":{"flightId":null,"status":"DISABLED","firstTrackMovement":null,"summaryOut":null},"adsb":{"firstTrackMovement":null,"positionAgeSec":1,"groundspeedKt":10,"distanceFromParkedNm":null},"inbound":{"parkedPosition":null,"selectedPush":null,"pushLatch":{"unix":1789318810,"source":"live_detected","live":true,"at":1789318820},"taxiOutLatch":{"at":1789318820},"finalPushUnix":1789318810,"finalPushSource":"live_detected","phaseStatePersistenceOnLoad":"ok"}}
[flight-telemetry] {
  callsignRequested: 'WN1111',
  callsign: 'SWA1111',
  registration: 'N12345',
  hex: 'a12345',
  destination: { iata: 'MSP', icao: 'KMSP', lat: 44.8848, lon: -93.2223 },
  livePosition: { lat: 41.789, lon: -87.75 },
  altitudeFt: 0,
  groundspeedKt: 10,
  onGround: true,
  track: 310,
  verticalRateFpm: null,
  phase: 'taxi',
  headingToDestinationDelta: null,
  isFinalApproach: false,
  routeRemainingNm: 302.638444110557,
  directToDestNm: null,
  remainingNm: 302.638444110557,
  etaMin: 59.666666666666664,
  currentStage: 'taxi',
  arrivalStatus: 'airborne',
  ourLanded: false,
  positionProvider: 'adsb',
  positionSeenAt: 1789318819,
  positionAgeSec: 1,
  flightawarePosition: null,
  fr24Position: null,
  adsbPosition: {
    provider: 'adsb',
    flightId: null,
    callsign: 'SWA1111',
    lat: 41.789,
    lon: -87.75,
    altFt: 0,
    vertFpm: null,
    gsKt: 10,
    track: 310,
    onGround: true,
    seenAt: 1789318819,
    registration: 'N12345',
    type: 'B738',
    hex: 'a12345',
    confidence: 'high'
  },
  providerStatus: { flightaware: 'DISABLED', fr24: 'DISABLED' },
  providerEta: { flightaware: null, fr24: null },
  providerDistancesNm: {
    flightawareToFr24: null,
    flightawareToAdsb: null,
    fr24ToAdsb: null
  },
  fusionDisagreementNm: null,
  filedRouteDeviationNm: 0.11523694351685479,
  displayPathSource: 'direct'
}
[story-request] {"scheduleSource":"saved_resume","fallbackOutcome":"resume_used","cacheStatus":"miss","event":"story_request","requested":"WN1111","fresh":true,"durationMs":25,"outcome":"ok","errorCategory":null}
[schedule-fallback-unavailable] {
  callsign: 'SWA1111',
  reason: 'Current flight route unavailable: schedule provider returned HTTP 402 (unidentified response; host=www.flightaware.com; server=absent; type=absent; bodyChars=0; branding=unidentifi'
}
[flight-telemetry] {
  callsignRequested: 'WN1111',
  callsign: 'SWA1111',
  registration: 'N12345',
  hex: 'a12345',
  destination: { iata: 'MSP', icao: 'KMSP', lat: 44.8848, lon: -93.2223 },
  livePosition: { lat: 42.2, lon: -88.3 },
  altitudeFt: 12000,
  groundspeedKt: 300,
  onGround: false,
  track: 310,
  verticalRateFpm: 1500,
  phase: 'climb',
  headingToDestinationDelta: 1.362760470542753,
  isFinalApproach: false,
  routeRemainingNm: 268.32381943276533,
  directToDestNm: 268.014789316454,
  remainingNm: 268.32381943276533,
  etaMin: 56.666666666666664,
  currentStage: 'ride',
  arrivalStatus: 'airborne',
  ourLanded: false,
  positionProvider: 'adsb',
  positionSeenAt: 1789318999,
  positionAgeSec: 1,
  flightawarePosition: null,
  fr24Position: null,
  adsbPosition: {
    provider: 'adsb',
    flightId: null,
    callsign: 'SWA1111',
    lat: 42.2,
    lon: -88.3,
    altFt: 12000,
    vertFpm: 1500,
    gsKt: 300,
    track: 310,
    onGround: false,
    seenAt: 1789318999,
    registration: 'N12345',
    type: 'B738',
    hex: 'a12345',
    confidence: 'high'
  },
  providerStatus: { flightaware: 'DISABLED', fr24: 'DISABLED' },
  providerEta: { flightaware: null, fr24: null },
  providerDistancesNm: {
    flightawareToFr24: null,
    flightawareToAdsb: null,
    fr24ToAdsb: null
  },
  fusionDisagreementNm: null,
  filedRouteDeviationNm: 3.626107118572527,
  displayPathSource: 'direct'
}
[story-request] {"scheduleSource":"saved_resume","fallbackOutcome":"resume_used","cacheStatus":"miss","event":"story_request","requested":"WN1111","fresh":true,"durationMs":41,"outcome":"ok","errorCategory":null}
[aeroapi] key unavailable; using public feed
[schedule-fallback-unavailable] {
  callsign: 'SWA1111',
  reason: 'Current flight route unavailable: schedule provider returned HTTP 402 (unidentified response; host=www.flightaware.com; server=absent; type=absent; bodyChars=0; branding=unidentifi'
}
[story-request] {"scheduleSource":"unavailable","fallbackOutcome":"flightstats_unavailable","cacheStatus":"miss","event":"story_request","requested":"WN1111","fresh":false,"durationMs":16,"outcome":"error","errorCategory":"source_unavailable"}
[aeroapi] key unavailable; using public feed
[schedule-fallback-unavailable] {
  callsign: 'SWA1112',
  reason: 'Current flight route unavailable: schedule provider returned HTTP 402 (unidentified response; host=www.flightaware.com; server=absent; type=absent; bodyChars=0; branding=unidentifi'
}
[story-request] {"scheduleSource":"unavailable","fallbackOutcome":"flightstats_unavailable","cacheStatus":"miss","event":"story_request","requested":"WN1112","fresh":false,"durationMs":23,"outcome":"error","errorCategory":"source_unavailable"}
[schedule-fallback-unavailable] {
  callsign: 'SWA1111',
  reason: 'Current flight route unavailable: schedule provider returned HTTP 402 (unidentified response; host=www.flightaware.com; server=absent; type=absent; bodyChars=0; branding=unidentifi'
}
[story-request] {"scheduleSource":"unavailable","fallbackOutcome":"flightstats_unavailable","cacheStatus":"miss","event":"story_request","requested":"WN1111","fresh":false,"durationMs":19,"outcome":"error","errorCategory":"source_unavailable"}
[schedule-fallback-unavailable] {
  callsign: 'SWA1111',
  reason: 'Current flight route unavailable: schedule provider returned HTTP 402 (unidentified response; host=www.flightaware.com; server=absent; type=absent; bodyChars=0; branding=unidentifi'
}
[story-request] {"scheduleSource":"unavailable","fallbackOutcome":"flightstats_unavailable","cacheStatus":"miss","event":"story_request","requested":"WN1111","fresh":false,"durationMs":1,"outcome":"error","errorCategory":"source_unavailable"}
[aeroapi] key unavailable; using public feed
[schedule-fallback-unavailable] {
  callsign: 'SWA1111',
  reason: 'Current flight route unavailable: schedule provider returned HTTP 402 (unidentified response; host=www.flightaware.com; server=absent; type=absent; bodyChars=0; branding=unidentifi'
}
[story-request] {"scheduleSource":"saved_resume","fallbackOutcome":"resume_used","cacheStatus":"miss","event":"story_request","requested":"WN1111","fresh":false,"durationMs":39,"outcome":"error","errorCategory":"source_unavailable"}
[aeroapi] key unavailable; using public feed
[schedule-fallback-unavailable] {
  callsign: 'SWA1111',
  reason: 'Current flight route unavailable: schedule provider returned HTTP 402 (unidentified response; host=www.flightaware.com; server=absent; type=absent; bodyChars=0; branding=unidentifi'
}
[departure-telemetry] {
  callsignRequested: 'WN1111',
  flightInstance: 'resume:436b0ebd91afd490adfa1d4ab98fd79b4d82354e9614bb79d064259865a4889b:leg:v1:SWA1111|2026-09-13|MDW|MSP',
  currentStage: 'push',
  pushLatched: true,
  taxiOutLatched: false,
  pushTimestamp: 1789318710,
  pushTimestampSource: 'provider_actual',
  firstDepartureMovement: false,
  rawTaxiHint: false,
  stageTaxiHint: false,
  taxiThresholdKt: 6,
  parkedObservedSec: 0,
  stationaryAtStand: false,
  awayFromPassengerGateArea: false,
  providerGateOut: { scheduled: 1789318200, estimated: null, actual: 1789318710 },
  providerGateOutPublic: { scheduled: 1789318200, estimated: null, actual: 1789318710 },
  groundspeedKt: 0,
  onGround: true,
  distanceFromParkedNm: null,
  positionAgeSec: 1,
  positionSource: 'adsb'
}
[push-evidence] {"callsignRequested":"WN1111","flightInstance":"resume:436b0ebd91afd490adfa1d4ab98fd79b4d82354e9614bb79d064259865a4889b:leg:v1:SWA1111|2026-09-13|MDW|MSP","flightaware":{"flightId":null,"publicGateOut":{"scheduled":1789318200,"estimated":null,"actual":1789318710},"aeroApiOut":null,"firstTrackMovement":null},"fr24":{"flightId":null,"status":"DISABLED","firstTrackMovement":null,"summaryOut":null},"adsb":{"firstTrackMovement":null,"positionAgeSec":1,"groundspeedKt":0,"distanceFromParkedNm":null},"inbound":{"parkedPosition":null,"selectedPush":{"unix":1789318710,"source":"provider_actual","evidence":null},"pushLatch":{"unix":1789318710,"source":"provider_actual","live":true,"at":1789318800},"taxiOutLatch":null,"finalPushUnix":1789318710,"finalPushSource":"provider_actual","phaseStatePersistenceOnLoad":"ok"}}
[flight-telemetry] {
  callsignRequested: 'WN1111',
  callsign: 'SWA1111',
  registration: 'N12345',
  hex: 'a12345',
  destination: { iata: 'MSP', icao: 'KMSP', lat: 44.8848, lon: -93.2223 },
  livePosition: { lat: 41.787, lon: -87.752 },
  altitudeFt: 0,
  groundspeedKt: 0,
  onGround: true,
  track: 310,
  verticalRateFpm: null,
  phase: 'parked',
  headingToDestinationDelta: null,
  isFinalApproach: false,
  routeRemainingNm: 302.638444110557,
  directToDestNm: null,
  remainingNm: 302.638444110557,
  etaMin: 60,
  currentStage: 'push',
  arrivalStatus: 'airborne',
  ourLanded: false,
  positionProvider: 'adsb',
  positionSeenAt: 1789318799,
  positionAgeSec: 1,
  flightawarePosition: null,
  fr24Position: null,
  adsbPosition: {
    provider: 'adsb',
    flightId: null,
    callsign: 'SWA1111',
    lat: 41.787,
    lon: -87.752,
    altFt: 0,
    vertFpm: null,
    gsKt: 0,
    track: 310,
    onGround: true,
    seenAt: 1789318799,
    registration: 'N12345',
    type: 'B738',
    hex: 'a12345',
    confidence: 'high'
  },
  providerStatus: { flightaware: 'DISABLED', fr24: 'DISABLED' },
  providerEta: { flightaware: null, fr24: null },
  providerDistancesNm: {
    flightawareToFr24: null,
    flightawareToAdsb: null,
    fr24ToAdsb: null
  },
  fusionDisagreementNm: null,
  filedRouteDeviationNm: 0.010476603989354029,
  displayPathSource: 'direct'
}
[story-request] {"scheduleSource":"saved_resume","fallbackOutcome":"resume_used","cacheStatus":"miss","event":"story_request","requested":"WN1111","fresh":false,"durationMs":78,"outcome":"ok","errorCategory":null}
[schedule-fallback-unavailable] {
  callsign: 'SWA1111',
  reason: 'Current flight route unavailable: schedule provider returned HTTP 402 (unidentified response; host=www.flightaware.com; server=absent; type=absent; bodyChars=0; branding=unidentifi'
}
[story-request] {"scheduleSource":"unavailable","fallbackOutcome":"flightstats_unavailable","cacheStatus":"miss","event":"story_request","requested":"WN1111","fresh":false,"durationMs":1,"outcome":"error","errorCategory":"source_unavailable"}
[departure-telemetry] {
  callsignRequested: 'WN1111',
  flightInstance: 'leg:v1:SWA1111|2026-09-13|MDW|MSP',
  currentStage: 'origin_gate',
  pushLatched: false,
  taxiOutLatched: false,
  pushTimestamp: null,
  pushTimestampSource: null,
  firstDepartureMovement: false,
  rawTaxiHint: false,
  stageTaxiHint: false,
  taxiThresholdKt: 6,
  parkedObservedSec: 0,
  stationaryAtStand: true,
  awayFromPassengerGateArea: false,
  providerGateOut: { scheduled: 1789318261, estimated: null, actual: null },
  providerGateOutPublic: { scheduled: 1789318261, estimated: null, actual: null },
  groundspeedKt: 0,
  onGround: true,
  distanceFromParkedNm: 0,
  positionAgeSec: 1,
  positionSource: 'adsb'
}
[push-evidence] {"callsignRequested":"WN1111","flightInstance":"leg:v1:SWA1111|2026-09-13|MDW|MSP","flightaware":{"flightId":null,"publicGateOut":{"scheduled":1789318261,"estimated":null,"actual":null},"aeroApiOut":null,"firstTrackMovement":null},"fr24":{"flightId":null,"status":"DISABLED","firstTrackMovement":null,"summaryOut":null},"adsb":{"firstTrackMovement":null,"positionAgeSec":1,"groundspeedKt":0,"distanceFromParkedNm":0},"inbound":{"parkedPosition":{"lat":41.787,"lon":-87.752,"at":1789318861000},"selectedPush":null,"pushLatch":null,"taxiOutLatch":null,"finalPushUnix":null,"finalPushSource":null,"phaseStatePersistenceOnLoad":"ok"}}
[flight-telemetry] {
  callsignRequested: 'WN1111',
  callsign: 'SWA1111',
  registration: 'N12345',
  hex: 'a12345',
  destination: { iata: 'MSP', icao: 'KMSP', lat: 44.8848, lon: -93.2223 },
  livePosition: { lat: 41.787, lon: -87.752 },
  altitudeFt: 0,
  groundspeedKt: 0,
  onGround: true,
  track: 310,
  verticalRateFpm: null,
  phase: 'parked',
  headingToDestinationDelta: null,
  isFinalApproach: false,
  routeRemainingNm: 302.638444110557,
  directToDestNm: null,
  remainingNm: 302.638444110557,
  etaMin: 60,
  currentStage: 'origin_gate',
  arrivalStatus: 'airborne',
  ourLanded: false,
  positionProvider: 'adsb',
  positionSeenAt: 1789318860,
  positionAgeSec: 1,
  flightawarePosition: null,
  fr24Position: null,
  adsbPosition: {
    provider: 'adsb',
    flightId: null,
    callsign: 'SWA1111',
    lat: 41.787,
    lon: -87.752,
    altFt: 0,
    vertFpm: null,
    gsKt: 0,
    track: 310,
    onGround: true,
    seenAt: 1789318860,
    registration: 'N12345',
    type: 'B738',
    hex: 'a12345',
    confidence: 'high'
  },
  providerStatus: { flightaware: 'DISABLED', fr24: 'DISABLED' },
  providerEta: { flightaware: null, fr24: null },
  providerDistancesNm: {
    flightawareToFr24: null,
    flightawareToAdsb: null,
    fr24ToAdsb: null
  },
  fusionDisagreementNm: null,
  filedRouteDeviationNm: 0.010476603989354029,
  displayPathSource: 'direct'
}
[story-request] {"scheduleSource":"flightaware_public","fallbackOutcome":"not_needed","cacheStatus":"miss","event":"story_request","requested":"WN1111","fresh":true,"durationMs":33,"outcome":"ok","errorCategory":null}
[schedule-fallback-unavailable] {
  callsign: 'SWA1111',
  reason: 'Current flight route unavailable: schedule provider returned HTTP 402 (unidentified response; host=www.flightaware.com; server=absent; type=absent; bodyChars=0; branding=unidentifi'
}
[departure-telemetry] {
  callsignRequested: 'WN1111',
  flightInstance: 'resume:8bca2e042f40ea199b0cb9fd6917f6caac112c46af82eb018983bfda53ce452d:leg:v1:SWA1111|2026-09-13|MDW|MSP',
  currentStage: 'origin_gate',
  pushLatched: false,
  taxiOutLatched: false,
  pushTimestamp: null,
  pushTimestampSource: null,
  firstDepartureMovement: false,
  rawTaxiHint: false,
  stageTaxiHint: false,
  taxiThresholdKt: 6,
  parkedObservedSec: 0,
  stationaryAtStand: true,
  awayFromPassengerGateArea: false,
  providerGateOut: { scheduled: 1789318261, estimated: null, actual: null },
  providerGateOutPublic: { scheduled: 1789318261, estimated: null, actual: null },
  groundspeedKt: 0,
  onGround: true,
  distanceFromParkedNm: 0,
  positionAgeSec: 1,
  positionSource: 'adsb'
}
[push-evidence] {"callsignRequested":"WN1111","flightInstance":"resume:8bca2e042f40ea199b0cb9fd6917f6caac112c46af82eb018983bfda53ce452d:leg:v1:SWA1111|2026-09-13|MDW|MSP","flightaware":{"flightId":null,"publicGateOut":{"scheduled":1789318261,"estimated":null,"actual":null},"aeroApiOut":null,"firstTrackMovement":null},"fr24":{"flightId":null,"status":"DISABLED","firstTrackMovement":null,"summaryOut":null},"adsb":{"firstTrackMovement":null,"positionAgeSec":1,"groundspeedKt":0,"distanceFromParkedNm":0},"inbound":{"parkedPosition":{"lat":41.787,"lon":-87.752,"at":1789318871000},"selectedPush":null,"pushLatch":null,"taxiOutLatch":null,"finalPushUnix":null,"finalPushSource":null,"phaseStatePersistenceOnLoad":"ok"}}
[flight-telemetry] {
  callsignRequested: 'WN1111',
  callsign: 'SWA1111',
  registration: 'N12345',
  hex: 'a12345',
  destination: { iata: 'MSP', icao: 'KMSP', lat: 44.8848, lon: -93.2223 },
  livePosition: { lat: 41.787, lon: -87.752 },
  altitudeFt: 0,
  groundspeedKt: 0,
  onGround: true,
  track: 310,
  verticalRateFpm: null,
  phase: 'parked',
  headingToDestinationDelta: null,
  isFinalApproach: false,
  routeRemainingNm: 302.638444110557,
  directToDestNm: null,
  remainingNm: 302.638444110557,
  etaMin: 59.833333333333336,
  currentStage: 'origin_gate',
  arrivalStatus: 'airborne',
  ourLanded: false,
  positionProvider: 'adsb',
  positionSeenAt: 1789318870,
  positionAgeSec: 1,
  flightawarePosition: null,
  fr24Position: null,
  adsbPosition: {
    provider: 'adsb',
    flightId: null,
    callsign: 'SWA1111',
    lat: 41.787,
    lon: -87.752,
    altFt: 0,
    vertFpm: null,
    gsKt: 0,
    track: 310,
    onGround: true,
    seenAt: 1789318870,
    registration: 'N12345',
    type: 'B738',
    hex: 'a12345',
    confidence: 'high'
  },
  providerStatus: { flightaware: 'DISABLED', fr24: 'DISABLED' },
  providerEta: { flightaware: null, fr24: null },
  providerDistancesNm: {
    flightawareToFr24: null,
    flightawareToAdsb: null,
    fr24ToAdsb: null
  },
  fusionDisagreementNm: null,
  filedRouteDeviationNm: 0.010476603989354029,
  displayPathSource: 'direct'
}
[story-request] {"scheduleSource":"saved_resume","fallbackOutcome":"resume_used","cacheStatus":"miss","event":"story_request","requested":"WN1111","fresh":true,"durationMs":55,"outcome":"ok","errorCategory":null}
[aeroapi] key unavailable; using public feed
[schedule-fallback-unavailable] {
  callsign: 'SWA1111',
  reason: 'Current flight route unavailable: schedule provider returned HTTP 402 (unidentified response; host=www.flightaware.com; server=absent; type=absent; bodyChars=0; branding=unidentifi'
}
[departure-telemetry] {
  callsignRequested: 'WN1111',
  flightInstance: 'resume:2a424f50fad660b543b70d0f337977ea7663b622f2feb64372fcfa140b93ab3f:leg:v1:SWA1111|2026-09-13|MDW|MSP',
  currentStage: 'origin_gate',
  pushLatched: false,
  taxiOutLatched: false,
  pushTimestamp: null,
  pushTimestampSource: null,
  firstDepartureMovement: false,
  rawTaxiHint: false,
  stageTaxiHint: false,
  taxiThresholdKt: 6,
  parkedObservedSec: 0,
  stationaryAtStand: true,
  awayFromPassengerGateArea: false,
  providerGateOut: { scheduled: 1789318200, estimated: null, actual: null },
  providerGateOutPublic: { scheduled: 1789318200, estimated: null, actual: null },
  groundspeedKt: 0,
  onGround: true,
  distanceFromParkedNm: 0,
  positionAgeSec: 1,
  positionSource: 'adsb'
}
[push-evidence] {"callsignRequested":"WN1111","flightInstance":"resume:2a424f50fad660b543b70d0f337977ea7663b622f2feb64372fcfa140b93ab3f:leg:v1:SWA1111|2026-09-13|MDW|MSP","flightaware":{"flightId":null,"publicGateOut":{"scheduled":1789318200,"estimated":null,"actual":null},"aeroApiOut":null,"firstTrackMovement":null},"fr24":{"flightId":null,"status":"DISABLED","firstTrackMovement":null,"summaryOut":null},"adsb":{"firstTrackMovement":null,"positionAgeSec":1,"groundspeedKt":0,"distanceFromParkedNm":0},"inbound":{"parkedPosition":{"lat":41.787,"lon":-87.752,"at":1789318800000},"selectedPush":null,"pushLatch":null,"taxiOutLatch":null,"finalPushUnix":null,"finalPushSource":null,"phaseStatePersistenceOnLoad":"ok"}}
[flight-telemetry] {
  callsignRequested: 'WN1111',
  callsign: 'SWA1111',
  registration: 'N12345',
  hex: 'a12345',
  destination: { iata: 'MSP', icao: 'KMSP', lat: 44.8848, lon: -93.2223 },
  livePosition: { lat: 41.787, lon: -87.752 },
  altitudeFt: 0,
  groundspeedKt: 0,
  onGround: true,
  track: 310,
  verticalRateFpm: null,
  phase: 'parked',
  headingToDestinationDelta: null,
  isFinalApproach: false,
  routeRemainingNm: 302.638444110557,
  directToDestNm: null,
  remainingNm: 302.638444110557,
  etaMin: 60,
  currentStage: 'origin_gate',
  arrivalStatus: 'airborne',
  ourLanded: false,
  positionProvider: 'adsb',
  positionSeenAt: 1789318799,
  positionAgeSec: 1,
  flightawarePosition: null,
  fr24Position: null,
  adsbPosition: {
    provider: 'adsb',
    flightId: null,
    callsign: 'SWA1111',
    lat: 41.787,
    lon: -87.752,
    altFt: 0,
    vertFpm: null,
    gsKt: 0,
    track: 310,
    onGround: true,
    seenAt: 1789318799,
    registration: 'N12345',
    type: 'B738',
    hex: 'a12345',
    confidence: 'high'
  },
  providerStatus: { flightaware: 'DISABLED', fr24: 'DISABLED' },
  providerEta: { flightaware: null, fr24: null },
  providerDistancesNm: {
    flightawareToFr24: null,
    flightawareToAdsb: null,
    fr24ToAdsb: null
  },
  fusionDisagreementNm: null,
  filedRouteDeviationNm: 0.010476603989354029,
  displayPathSource: 'direct'
}
[story-request] {"scheduleSource":"saved_resume","fallbackOutcome":"resume_used","cacheStatus":"miss","event":"story_request","requested":"WN1111","fresh":false,"durationMs":185,"outcome":"ok","errorCategory":null}
[schedule-fallback-unavailable] {
  callsign: 'SWA1111',
  reason: 'Current flight route unavailable: schedule provider returned HTTP 402 (unidentified response; host=www.flightaware.com; server=absent; type=absent; bodyChars=0; branding=unidentifi'
}
[departure-telemetry] {
  callsignRequested: 'WN1111',
  flightInstance: 'resume:983eb5e38a88536df6d2f908c61041908eafedbfd285105c0a9475692e5a2512:leg:v1:SWA1111|2026-09-13|MDW|DEN',
  currentStage: 'origin_gate',
  pushLatched: false,
  taxiOutLatched: false,
  pushTimestamp: null,
  pushTimestampSource: null,
  firstDepartureMovement: false,
  rawTaxiHint: false,
  stageTaxiHint: false,
  taxiThresholdKt: 6,
  parkedObservedSec: 0,
  stationaryAtStand: true,
  awayFromPassengerGateArea: false,
  providerGateOut: { scheduled: 1789318200, estimated: null, actual: null },
  providerGateOutPublic: { scheduled: 1789318200, estimated: null, actual: null },
  groundspeedKt: 0,
  onGround: true,
  distanceFromParkedNm: 0,
  positionAgeSec: 1,
  positionSource: 'adsb'
}
[push-evidence] {"callsignRequested":"WN1111","flightInstance":"resume:983eb5e38a88536df6d2f908c61041908eafedbfd285105c0a9475692e5a2512:leg:v1:SWA1111|2026-09-13|MDW|DEN","flightaware":{"flightId":null,"publicGateOut":{"scheduled":1789318200,"estimated":null,"actual":null},"aeroApiOut":null,"firstTrackMovement":null},"fr24":{"flightId":null,"status":"DISABLED","firstTrackMovement":null,"summaryOut":null},"adsb":{"firstTrackMovement":null,"positionAgeSec":1,"groundspeedKt":0,"distanceFromParkedNm":0},"inbound":{"parkedPosition":{"lat":41.787,"lon":-87.752,"at":1789318800000},"selectedPush":null,"pushLatch":null,"taxiOutLatch":null,"finalPushUnix":null,"finalPushSource":null,"phaseStatePersistenceOnLoad":"ok"}}
[flight-telemetry] {
  callsignRequested: 'WN1111',
  callsign: 'SWA1111',
  registration: 'N12345',
  hex: 'a12345',
  destination: { iata: 'DEN', icao: 'KDEN', lat: 39.8561, lon: -104.6737 },
  livePosition: { lat: 41.787, lon: -87.752 },
  altitudeFt: 0,
  groundspeedKt: 0,
  onGround: true,
  track: 310,
  verticalRateFpm: null,
  phase: 'parked',
  headingToDestinationDelta: null,
  isFinalApproach: false,
  routeRemainingNm: 776.2261821886912,
  directToDestNm: null,
  remainingNm: 776.2261821886912,
  etaMin: 60,
  currentStage: 'origin_gate',
  arrivalStatus: 'airborne',
  ourLanded: false,
  positionProvider: 'adsb',
  positionSeenAt: 1789318799,
  positionAgeSec: 1,
  flightawarePosition: null,
  fr24Position: null,
  adsbPosition: {
    provider: 'adsb',
    flightId: null,
    callsign: 'SWA1111',
    lat: 41.787,
    lon: -87.752,
    altFt: 0,
    vertFpm: null,
    gsKt: 0,
    track: 310,
    onGround: true,
    seenAt: 1789318799,
    registration: 'N12345',
    type: 'B738',
    hex: 'a12345',
    confidence: 'high'
  },
  providerStatus: { flightaware: 'DISABLED', fr24: 'DISABLED' },
  providerEta: { flightaware: null, fr24: null },
  providerDistancesNm: {
    flightawareToFr24: null,
    flightawareToAdsb: null,
    fr24ToAdsb: null
  },
  fusionDisagreementNm: null,
  filedRouteDeviationNm: 0.012660791569472116,
  displayPathSource: 'direct'
}
[story-request] {"scheduleSource":"saved_resume","fallbackOutcome":"resume_used","cacheStatus":"miss","event":"story_request","requested":"WN1111","fresh":false,"durationMs":42,"outcome":"ok","errorCategory":null}
[aeroapi] key unavailable; using public feed
[schedule-fallback-unavailable] {
  callsign: 'SWA1111',
  reason: 'Current flight route unavailable: schedule provider returned HTTP 402 (unidentified response; host=www.flightaware.com; server=absent; type=absent; bodyChars=0; branding=unidentifi'
}
[departure-telemetry] {
  callsignRequested: 'WN1111',
  flightInstance: 'resume:2a424f50fad660b543b70d0f337977ea7663b622f2feb64372fcfa140b93ab3f:leg:v1:SWA1111|2026-09-13|MDW|MSP',
  currentStage: 'origin_gate',
  pushLatched: false,
  taxiOutLatched: false,
  pushTimestamp: null,
  pushTimestampSource: null,
  firstDepartureMovement: false,
  rawTaxiHint: false,
  stageTaxiHint: false,
  taxiThresholdKt: 6,
  parkedObservedSec: 0,
  stationaryAtStand: true,
  awayFromPassengerGateArea: false,
  providerGateOut: { scheduled: 1789318200, estimated: null, actual: null },
  providerGateOutPublic: { scheduled: 1789318200, estimated: null, actual: null },
  groundspeedKt: 0,
  onGround: true,
  distanceFromParkedNm: 0,
  positionAgeSec: 1,
  positionSource: 'adsb'
}
[push-evidence] {"callsignRequested":"WN1111","flightInstance":"resume:2a424f50fad660b543b70d0f337977ea7663b622f2feb64372fcfa140b93ab3f:leg:v1:SWA1111|2026-09-13|MDW|MSP","flightaware":{"flightId":null,"publicGateOut":{"scheduled":1789318200,"estimated":null,"actual":null},"aeroApiOut":null,"firstTrackMovement":null},"fr24":{"flightId":null,"status":"DISABLED","firstTrackMovement":null,"summaryOut":null},"adsb":{"firstTrackMovement":null,"positionAgeSec":1,"groundspeedKt":0,"distanceFromParkedNm":0},"inbound":{"parkedPosition":{"lat":41.787,"lon":-87.752,"at":1789318800000},"selectedPush":null,"pushLatch":null,"taxiOutLatch":null,"finalPushUnix":null,"finalPushSource":null,"phaseStatePersistenceOnLoad":"ok"}}
[flight-telemetry] {
  callsignRequested: 'WN1111',
  callsign: 'SWA1111',
  registration: 'N12345',
  hex: 'a12345',
  destination: { iata: 'MSP', icao: 'KMSP', lat: 44.8848, lon: -93.2223 },
  livePosition: { lat: 41.787, lon: -87.752 },
  altitudeFt: 0,
  groundspeedKt: 0,
  onGround: true,
  track: 310,
  verticalRateFpm: null,
  phase: 'parked',
  headingToDestinationDelta: null,
  isFinalApproach: false,
  routeRemainingNm: 302.638444110557,
  directToDestNm: null,
  remainingNm: 302.638444110557,
  etaMin: 60,
  currentStage: 'origin_gate',
  arrivalStatus: 'airborne',
  ourLanded: false,
  positionProvider: 'adsb',
  positionSeenAt: 1789318799,
  positionAgeSec: 1,
  flightawarePosition: null,
  fr24Position: null,
  adsbPosition: {
    provider: 'adsb',
    flightId: null,
    callsign: 'SWA1111',
    lat: 41.787,
    lon: -87.752,
    altFt: 0,
    vertFpm: null,
    gsKt: 0,
    track: 310,
    onGround: true,
    seenAt: 1789318799,
    registration: 'N12345',
    type: 'B738',
    hex: 'a12345',
    confidence: 'high'
  },
  providerStatus: { flightaware: 'DISABLED', fr24: 'DISABLED' },
  providerEta: { flightaware: null, fr24: null },
  providerDistancesNm: {
    flightawareToFr24: null,
    flightawareToAdsb: null,
    fr24ToAdsb: null
  },
  fusionDisagreementNm: null,
  filedRouteDeviationNm: 0.010476603989354029,
  displayPathSource: 'direct'
}
[story-request] {"scheduleSource":"saved_resume","fallbackOutcome":"resume_used","cacheStatus":"miss","event":"story_request","requested":"WN1111","fresh":false,"durationMs":107,"outcome":"ok","errorCategory":null}
[schedule-fallback-unavailable] {
  callsign: 'SWA1111',
  reason: 'Current flight route unavailable: schedule provider returned HTTP 402 (unidentified response; host=www.flightaware.com; server=absent; type=absent; bodyChars=0; branding=unidentifi'
}
[departure-telemetry] {
  callsignRequested: 'WN1111',
  flightInstance: 'resume:1bd10b93d2024925cd5e606e83ff29dc99899e58a2568d1d2d6d6f5c998a1afe:leg:v1:SWA1111|2026-09-13|MDW|MSP',
  currentStage: 'origin_gate',
  pushLatched: false,
  taxiOutLatched: false,
  pushTimestamp: null,
  pushTimestampSource: null,
  firstDepartureMovement: false,
  rawTaxiHint: false,
  stageTaxiHint: false,
  taxiThresholdKt: 6,
  parkedObservedSec: 0,
  stationaryAtStand: true,
  awayFromPassengerGateArea: false,
  providerGateOut: { scheduled: 1789318200, estimated: null, actual: null },
  providerGateOutPublic: { scheduled: 1789318200, estimated: null, actual: null },
  groundspeedKt: 0,
  onGround: true,
  distanceFromParkedNm: 0,
  positionAgeSec: 1,
  positionSource: 'adsb'
}
[push-evidence] {"callsignRequested":"WN1111","flightInstance":"resume:1bd10b93d2024925cd5e606e83ff29dc99899e58a2568d1d2d6d6f5c998a1afe:leg:v1:SWA1111|2026-09-13|MDW|MSP","flightaware":{"flightId":null,"publicGateOut":{"scheduled":1789318200,"estimated":null,"actual":null},"aeroApiOut":null,"firstTrackMovement":null},"fr24":{"flightId":null,"status":"DISABLED","firstTrackMovement":null,"summaryOut":null},"adsb":{"firstTrackMovement":null,"positionAgeSec":1,"groundspeedKt":0,"distanceFromParkedNm":0},"inbound":{"parkedPosition":{"lat":41.787,"lon":-87.752,"at":1789322400000},"selectedPush":null,"pushLatch":null,"taxiOutLatch":null,"finalPushUnix":null,"finalPushSource":null,"phaseStatePersistenceOnLoad":"ok"}}
[flight-telemetry] {
  callsignRequested: 'WN1111',
  callsign: 'SWA1111',
  registration: 'N12345',
  hex: 'a12345',
  destination: { iata: 'MSP', icao: 'KMSP', lat: 44.8848, lon: -93.2223 },
  livePosition: { lat: 41.787, lon: -87.752 },
  altitudeFt: 0,
  groundspeedKt: 0,
  onGround: true,
  track: 310,
  verticalRateFpm: null,
  phase: 'parked',
  headingToDestinationDelta: null,
  isFinalApproach: false,
  routeRemainingNm: 302.638444110557,
  directToDestNm: null,
  remainingNm: 302.638444110557,
  etaMin: 43.23406344436528,
  currentStage: 'origin_gate',
  arrivalStatus: 'airborne',
  ourLanded: false,
  positionProvider: 'adsb',
  positionSeenAt: 1789322399,
  positionAgeSec: 1,
  flightawarePosition: null,
  fr24Position: null,
  adsbPosition: {
    provider: 'adsb',
    flightId: null,
    callsign: 'SWA1111',
    lat: 41.787,
    lon: -87.752,
    altFt: 0,
    vertFpm: null,
    gsKt: 0,
    track: 310,
    onGround: true,
    seenAt: 1789322399,
    registration: 'N12345',
    type: 'B738',
    hex: 'a12345',
    confidence: 'high'
  },
  providerStatus: { flightaware: 'DISABLED', fr24: 'DISABLED' },
  providerEta: { flightaware: null, fr24: null },
  providerDistancesNm: {
    flightawareToFr24: null,
    flightawareToAdsb: null,
    fr24ToAdsb: null
  },
  fusionDisagreementNm: null,
  filedRouteDeviationNm: 0.010476603989354029,
  displayPathSource: 'direct'
}
[story-request] {"scheduleSource":"saved_resume","fallbackOutcome":"resume_used","cacheStatus":"miss","event":"story_request","requested":"WN1111","fresh":true,"durationMs":42,"outcome":"ok","errorCategory":null}
[schedule-fallback-unavailable] {
  callsign: 'SWA1111',
  reason: 'Current flight route unavailable: schedule provider returned HTTP 402 (unidentified response; host=www.flightaware.com; server=absent; type=absent; bodyChars=0; branding=unidentifi'
}
[story-request] {"scheduleSource":"unavailable","fallbackOutcome":"flightstats_unavailable","cacheStatus":"miss","event":"story_request","requested":"WN1111","fresh":true,"durationMs":8,"outcome":"error","errorCategory":"source_unavailable"}
[aeroapi] key unavailable; using public feed
[departure-telemetry] {
  callsignRequested: 'WN1111',
  flightInstance: 'leg:v1:SWA1111|2026-09-13|MDW|MSP',
  currentStage: 'origin_gate',
  pushLatched: false,
  taxiOutLatched: false,
  pushTimestamp: null,
  pushTimestampSource: null,
  firstDepartureMovement: false,
  rawTaxiHint: false,
  stageTaxiHint: false,
  taxiThresholdKt: 6,
  parkedObservedSec: 0,
  stationaryAtStand: true,
  awayFromPassengerGateArea: false,
  providerGateOut: { scheduled: 1789318200, estimated: null, actual: null },
  providerGateOutPublic: { scheduled: 1789318200, estimated: null, actual: null },
  groundspeedKt: 0,
  onGround: true,
  distanceFromParkedNm: 0,
  positionAgeSec: 1,
  positionSource: 'adsb'
}
[push-evidence] {"callsignRequested":"WN1111","flightInstance":"leg:v1:SWA1111|2026-09-13|MDW|MSP","flightaware":{"flightId":null,"publicGateOut":{"scheduled":1789318200,"estimated":null,"actual":null},"aeroApiOut":null,"firstTrackMovement":null},"fr24":{"flightId":null,"status":"DISABLED","firstTrackMovement":null,"summaryOut":null},"adsb":{"firstTrackMovement":null,"positionAgeSec":1,"groundspeedKt":0,"distanceFromParkedNm":0},"inbound":{"parkedPosition":{"lat":41.787,"lon":-87.752,"at":1789318800000},"selectedPush":null,"pushLatch":null,"taxiOutLatch":null,"finalPushUnix":null,"finalPushSource":null,"phaseStatePersistenceOnLoad":"ok"}}
[flight-telemetry] {
  callsignRequested: 'WN1111',
  callsign: 'SWA1111',
  registration: 'N12345',
  hex: 'a12345',
  destination: { iata: 'MSP', icao: 'KMSP', lat: 44.8848, lon: -93.2223 },
  livePosition: { lat: 41.787, lon: -87.752 },
  altitudeFt: 0,
  groundspeedKt: 0,
  onGround: true,
  track: 310,
  verticalRateFpm: null,
  phase: 'parked',
  headingToDestinationDelta: null,
  isFinalApproach: false,
  routeRemainingNm: 302.638444110557,
  directToDestNm: null,
  remainingNm: 302.638444110557,
  etaMin: 60,
  currentStage: 'origin_gate',
  arrivalStatus: 'airborne',
  ourLanded: false,
  positionProvider: 'adsb',
  positionSeenAt: 1789318799,
  positionAgeSec: 1,
  flightawarePosition: null,
  fr24Position: null,
  adsbPosition: {
    provider: 'adsb',
    flightId: null,
    callsign: 'SWA1111',
    lat: 41.787,
    lon: -87.752,
    altFt: 0,
    vertFpm: null,
    gsKt: 0,
    track: 310,
    onGround: true,
    seenAt: 1789318799,
    registration: 'N12345',
    type: 'B738',
    hex: 'a12345',
    confidence: 'high'
  },
  providerStatus: { flightaware: 'DISABLED', fr24: 'DISABLED' },
  providerEta: { flightaware: null, fr24: null },
  providerDistancesNm: {
    flightawareToFr24: null,
    flightawareToAdsb: null,
    fr24ToAdsb: null
  },
  fusionDisagreementNm: null,
  filedRouteDeviationNm: 0.010476603989354029,
  displayPathSource: 'direct'
}
[story-request] {"scheduleSource":"flightaware_public","fallbackOutcome":"not_needed","cacheStatus":"miss","event":"story_request","requested":"WN1111","fresh":false,"durationMs":107,"outcome":"ok","errorCategory":null}
{"event":"canonical_leg_key_unavailable","reason":"missing_scheduled","requested":"SWA1111","ident":"SWA1111","origin":"MDW","destination":"MSP","scheduledDeparture":null,"serviceDate":null}
▶ schedule outage resilience
  ✔ keeps an overdue departure at the gate until fresh movement, then detects takeoff (5599.939588ms)
  ✔ does not invent a new flight's route from the ADS-B route database (43.03726ms)
  ✔ rejects another flight, expired context, and future actual events (60.235939ms)
  ✔ does not present a fresh flight stage when both schedule and position are unavailable (57.891674ms)
  ✔ never shares device context through the normal story cache and resumes the provider when it recovers (198.974087ms)
  ✔ isolates different saved legs even with the same flight number (259.973404ms)
  ✔ expires the original schedule even while partial refreshes keep succeeding (188.091643ms)
  ✔ migrates legacy saved data without upgrading inferred event times to reported actuals (136.847559ms)
✔ schedule outage resilience (6815.406224ms)
✔ tracked-flight shell identifies the flight with appearance controls and uses Home navigation (1.513439ms)
✔ tracked-flight search and recent chips remain off the flight shell (0.308635ms)
✔ fixed shell navigation follows content with Home first and five compact destinations (2.166619ms)
✔ briefing uses the page scroller and the welcome dialog keeps symmetric safe margins (0.836257ms)
✔ tracked-flight polling pauses while hidden and refreshes stale state on return (0.28355ms)
✔ fresh airborne fusion stays airborne through departure wrappers without provider calls (513.611219ms)
✔ ground observer makes no hidden/background requests and refreshes immediately on return (109.412292ms)
✔ only completed/actual old arrivals slow down, never scheduled arrival or departure gate (1.131741ms)
✔ visibility and Map selection are wired through to the ground observer (20.518102ms)
{"event":"fr24_upstream_request","timestamp":"2026-10-04T01:33:29.417Z","callsign":null,"registration":null,"endpoint":"/live/flight-positions/full","cache":"miss"}
{"event":"fr24_upstream_request","timestamp":"2026-10-04T01:33:29.417Z","callsign":null,"registration":"NTEST","endpoint":"/live/flight-positions/full","cache":"miss"}
{"event":"fr24_public_registration_fresher","requested":"AAL1","registration":"NTEST","routeOrigin":"ORD","routeDestination":"SEA","previousAgeSec":null,"candidateAgeSec":1}
{"event":"fr24_upstream_request","timestamp":"2026-10-04T01:33:35.417Z","callsign":null,"registration":"NTEST","endpoint":"/live/flight-positions/full","cache":"miss"}
{"event":"fr24_upstream_request","timestamp":"2026-10-04T01:34:05.417Z","callsign":null,"registration":"NTEST","endpoint":"/live/flight-positions/full","cache":"miss"}
{"event":"fr24_upstream_request","timestamp":"2026-10-04T01:34:05.417Z","callsign":null,"registration":null,"endpoint":"/live/flight-positions/full","cache":"miss"}
{"event":"fr24_public_registration_wrong_leg_rejected","requested":"AAL1","registration":"NTEST","routeOrigin":"ORD","routeDestination":"SEA","candidateOrigin":"LAX","candidateDestination":"SEA"}
{"event":"fr24_upstream_request","timestamp":"2026-10-04T01:34:35.417Z","callsign":null,"registration":null,"endpoint":"/live/flight-positions/full","cache":"miss"}
{"event":"fr24_upstream_request","timestamp":"2026-10-04T01:34:35.417Z","callsign":null,"registration":"NTEST","endpoint":"/live/flight-positions/full","cache":"miss"}
{"event":"fr24_public_registration_fresher","requested":"AAL1","registration":"NTEST","routeOrigin":"ORD","routeDestination":"SEA","previousAgeSec":null,"candidateAgeSec":1}
{"event":"fr24_upstream_request","timestamp":"2026-10-04T01:35:05.417Z","callsign":null,"registration":"NTEST","endpoint":"/live/flight-positions/full","cache":"miss"}
{"event":"fr24_upstream_request","timestamp":"2026-10-04T01:35:05.417Z","callsign":null,"registration":null,"endpoint":"/live/flight-positions/full","cache":"miss"}
{"event":"fr24_upstream_request","timestamp":"2026-10-04T01:35:35.417Z","callsign":null,"registration":null,"endpoint":"/live/flight-positions/full","cache":"miss"}
{"event":"fr24_upstream_request","timestamp":"2026-10-04T01:35:35.417Z","callsign":null,"registration":"NTEST","endpoint":"/live/flight-positions/full","cache":"miss"}
{"event":"fr24_public_registration_fresher","requested":"AAL1","registration":"NTEST","routeOrigin":"ORD","routeDestination":"SEA","previousAgeSec":null,"candidateAgeSec":1}
{"event":"fr24_upstream_request","timestamp":"2026-10-04T01:36:05.417Z","callsign":null,"registration":"NTEST","endpoint":"/live/flight-positions/full","cache":"miss"}
{"event":"fr24_upstream_request","timestamp":"2026-10-04T01:36:05.417Z","callsign":null,"registration":null,"endpoint":"/live/flight-positions/full","cache":"miss"}
{"event":"fr24_public_registration_fresher","requested":"AAL1","registration":"NTEST","routeOrigin":"ORD","routeDestination":"SEA","previousAgeSec":null,"candidateAgeSec":60}
{"event":"fr24_upstream_request","timestamp":"2026-10-04T01:36:35.417Z","callsign":null,"registration":"NTEST","endpoint":"/live/flight-positions/full","cache":"miss"}
{"event":"fr24_upstream_request","timestamp":"2026-10-04T01:37:05.417Z","callsign":null,"registration":null,"endpoint":"/live/flight-positions/full","cache":"miss"}
{"event":"fr24_upstream_request","timestamp":"2026-10-04T01:37:05.417Z","callsign":"AAL1","registration":null,"endpoint":"/live/flight-positions/full","cache":"miss"}
{"event":"fr24_public_operating_callsign_match","requested":"AAL2","operating":"AAL1"}
{"event":"fr24_upstream_request","timestamp":"2026-10-04T01:37:11.417Z","callsign":"AAL1","registration":null,"endpoint":"/live/flight-positions/full","cache":"miss"}
{"event":"fr24_upstream_request","timestamp":"2026-10-04T01:53:11.417Z","callsign":null,"registration":null,"endpoint":"/live/flight-positions/full","cache":"miss"}
{"event":"fr24_upstream_request","timestamp":"2026-10-04T01:53:11.417Z","callsign":null,"registration":"NTEST","endpoint":"/live/flight-positions/full","cache":"miss"}
{"event":"fr24_public_registration_fresher","requested":"AAL1","registration":"NTEST","routeOrigin":"ORD","routeDestination":"SEA","previousAgeSec":null,"candidateAgeSec":1}
{"event":"fr24_upstream_request","timestamp":"2026-10-04T01:53:17.417Z","callsign":null,"registration":null,"endpoint":"/live/flight-positions/full","cache":"miss"}
{"event":"fr24_upstream_request","timestamp":"2026-10-04T01:53:17.417Z","callsign":null,"registration":"NTEST","endpoint":"/live/flight-positions/full","cache":"miss"}
{"event":"fr24_public_registration_wrong_leg_rejected","requested":"AAL1","registration":"NTEST","routeOrigin":"ORD","routeDestination":"DEN","candidateOrigin":"ORD","candidateDestination":"SEA"}
✔ matched FR24 registration skips failed route lookup, but wrong leg/missing/stale/expired matches fall back (212.348111ms)
✔ injects before </head> (5.517713ms)
✔ injects the extensions script without a project id (5.275961ms)
✔ injects project id on the script and meta when provided (0.44938ms)
✔ does not duplicate grok:app_id (1.656715ms)
✔ omits x:creator tags without both creator values (3.338632ms)
✔ injects x:creator tags when both creator values are set (0.715546ms)
✔ escapes x:creator values (0.463108ms)
✔ does not duplicate x:creator tags (3.896618ms)
✔ platform chrome overwrites share-card metas and always sets og:title (3.352128ms)
✔ does not duplicate twitter:card or og:title (2.696499ms)
✔ a baked site.image is treated as a custom card (4.905609ms)
✔ baked identity does not need a workspace filesystem (0.589756ms)
✔ a public card file wins over a baked site without card=custom (0.828346ms)
✔ public/og.png wins when jpg is absent (0.566945ms)
✔ resolveOgCardAsset: disk file, then bake, then empty (placeholder) (0.589988ms)
✔ snapshotOgIdentity stamps card=custom from a public card file (1.118809ms)
✔ snapshotOgIdentity stamps banner from public/x-banner.jpg (0.735257ms)
✔ emits x:game:image for a public host when site.banner is set (0.413042ms)
✔ does not emit x:game:image without a public host or banner (1.387329ms)
✔ site title Grok App is a real name, not a sentinel (0.600097ms)
✔ published grok.me slug is still a title fallback (1.189351ms)
✔ rejects Vercel system hosts as og:image origins (0.390494ms)
✔ published VITE_PUBLIC_HOSTNAME wins over request Host for og:image (0.982852ms)
✔ vercel Host without a public hostname emits no og:image (4.414285ms)
✔ emits og:image for a public host and prefers a custom card (0.574482ms)
✔ placeholder og:image appends site.color when it is 6-digit hex (0.467011ms)
✔ document title entities are not double-escaped on og:title (0.311555ms)
✔ site.json title wins over the host slug (0.282536ms)
✔ injects into documents with no head element (4.349212ms)
✔ streaming injector matches </HEAD> case-insensitively (0.554128ms)
✔ does not duplicate the extensions script (0.331319ms)
✔ is idempotent (3.057984ms)
✔ uses the app name in the injected title tag (0.384758ms)
✔ streaming injector handles </head> split across chunks (9.449674ms)
✔ streaming injector passes post-head chunks through untouched (0.563131ms)
✔ streaming injector falls back when no </head> is seen (0.455052ms)
✔ detects install query (0.334682ms)
✔ filters non-document paths (0.90385ms)
✔ strips install params from the app link (0.223326ms)
✔ names the install page from host slug (0.198555ms)
✔ rejects hosts that are not plain slugs (0.099287ms)
✔ renders install page markup (0.33561ms)
✔ escapes host-derived values in the install page (0.933657ms)
✔ renders the manifest with the per-app name (0.315277ms)
✔ vite config keeps the nitro serverDir wiring (0.463412ms)
✔ nitro middleware and its bundled assets exist (1.375555ms)
✔ vite plugin bakes og identity as a virtual module (0.40177ms)
[inbound-diversion] history check {
  depth: 0,
  found: true,
  instanceMatches: true,
  aircraftMatches: true,
  diversionReported: false
}
[inbound-diversion] departure order { depth: 0, before: 80000, after: 100000 }
[inbound-diversion] history check {
  depth: 1,
  found: true,
  instanceMatches: true,
  aircraftMatches: true,
  diversionReported: true
}
[inbound-diversion] departure order { depth: 1, before: 60000, after: 80000 }
[inbound-diversion] history check {
  depth: 0,
  found: true,
  instanceMatches: true,
  aircraftMatches: true,
  diversionReported: true
}
[inbound-diversion] departure order { depth: 0, before: 60000, after: 80000 }
[inbound-diversion] history check {
  depth: 0,
  found: true,
  instanceMatches: true,
  aircraftMatches: false,
  diversionReported: false
}
[inbound-diversion] history check {
  depth: 0,
  found: true,
  instanceMatches: true,
  aircraftMatches: false,
  diversionReported: false
}
[inbound-diversion] history check {
  depth: 0,
  found: true,
  instanceMatches: false,
  aircraftMatches: true,
  diversionReported: false
}
[inbound-diversion] history check {
  depth: 0,
  found: true,
  instanceMatches: true,
  aircraftMatches: true,
  diversionReported: false
}
[inbound-diversion] departure order { depth: 0, before: 110000, after: 100000 }
[inbound-diversion] history check {
  depth: 0,
  found: true,
  instanceMatches: true,
  aircraftMatches: true,
  diversionReported: false
}
[inbound-diversion] departure order { depth: 0, before: -100000, after: 100000 }
[inbound-diversion] history check {
  depth: 0,
  found: false,
  instanceMatches: false,
  aircraftMatches: false,
  diversionReported: false
}
[inbound-diversion] history check {
  depth: 0,
  found: true,
  instanceMatches: true,
  aircraftMatches: true,
  diversionReported: false
}
[inbound-diversion] departure order { depth: 0, before: 80000, after: 100000 }
[inbound-diversion] history check {
  depth: 1,
  found: true,
  instanceMatches: true,
  aircraftMatches: true,
  diversionReported: false
}
[inbound-diversion] departure order { depth: 1, before: 60000, after: 80000 }
✔ DL650 carries DL773 diversion through DL307 using dated assigned-aircraft links (5.022488ms)
✔ direct inbound diversion also displays (0.566772ms)
✔ aircraft swap clears the warning (0.567807ms)
✔ wrong dated instance and reversed departures cannot establish history (0.827305ms)
✔ provider failure does not fabricate a diversion or fail flight loading (0.433844ms)
✔ lookup is bounded at two prior legs and rejects cycles (0.631652ms)
▶ Inbound iPhone Home Screen app
  ✔ ships a scoped standalone manifest with a light launch background (0.98289ms)
  ✔ declares Apple standalone metadata and edge-to-edge safe-area support (0.636847ms)
  ✔ uses opaque, correctly sized Home Screen icons (1.90812ms)
✔ Inbound iPhone Home Screen app (5.126432ms)
✔ _migrations keys on basename, not path (1.014913ms)
✔ a file already applied from another directory does not re-apply (0.926885ms)
✔ pending migrations are returned in name order (18.696302ms)
✔ non-.sql entries are dropped (readdir also yields the auth/ directory) (0.15036ms)
✔ the auth schema ships outside the globbed directory (4.408373ms)
✔ this workspace's auth schema copy is byte-identical to its source (0.268328ms)
✔ the copy check reads both files and catches an edit (1.364478ms)
✔ live timing is visible before arrival details and outside the disclosure (1.181993ms)
✔ timing uses two unboxed columns and an optional inline live position (0.506692ms)
✔ live flight card uses moderate compact spacing (0.243769ms)
✔ client cache rejects old unscheduled memories, retains takeoff evidence, and remembers schedules without pushback (6.207436ms)
✔ actual-only Flight details hides all Scheduled rows and planned duration, but shows actual landing and gate kind (27.805004ms)
✔ identical arrival clocks retain the same reported kind in header, timing, Flight details, Arrival help, and Briefing (133.72659ms)
✔ actual Overview weather, Weather timeline, and map alerts agree on light at 11 minutes and moderate at 228 (203.034061ms)
✔ parsePreviewArgs accepts the two actions (2.408227ms)
✔ parsePreviewArgs rejects missing, unknown and extra arguments (0.391967ms)
✔ parsePid reads a pidfile and rejects junk (0.445805ms)
✔ parsePgid reads the pgrp field past a comm containing spaces (0.384488ms)
✔ parseListenerInodes picks LISTEN sockets on the wanted port only (0.4835ms)
✔ parseListenerInodes reads the tcp6 dump the same way (1.076368ms)
✔ looksLikePreviewProcess matches the npm wrapper and its vite child (0.688912ms)
✔ looksLikePreviewProcess spares the sibling scripts and re-used pids (0.271101ms)
✔ previewOwners trusts port owners and dedupes the pidfile pid (0.302633ms)
✔ previewOwners adds a pidfile pid whose command line is still the preview (0.330408ms)
✔ previewOwners drops a stale pidfile pid re-used by another process (0.304027ms)
✔ previewOwners drops a pidfile pid that no longer exists (0.309774ms)
✔ previewOwners on a free port with no pidfile signals nothing (0.182869ms)
✔ stopOutcome fails when a pid survives or the port is still held (0.300246ms)
✔ stopOutcome reports a verified free port (0.242413ms)
✔ stopOutcome fails on a listener whose owner cannot be attributed (0.224683ms)
✔ terminatePids SIGTERMs live pids and skips dead ones (2.2926ms)
✔ terminatePids escalates to SIGKILL when SIGTERM is ignored (1.418188ms)
✔ terminatePids reports a pid that survives SIGKILL as stubborn (0.684738ms)
✔ terminatePids on a free port signals nothing (0.179842ms)
✔ validity preserves a UTC window across midnight (3.158725ms)
✔ compact forecast timestamps are displayed without inventing missing times (0.357629ms)
✔ warnings with different validity windows remain separate (0.399298ms)
✔ a storm already passed does not label a smooth remaining route (2.677477ms)
✔ a matching storm ahead survives deduplication of earlier route samples (0.512579ms)
✔ past storms cannot exhaust the six-marker limit (0.277381ms)
[aeroapi] key unavailable; using public feed
[flight-telemetry] {
  callsignRequested: 'UA219',
  callsign: 'UAL219',
  registration: 'N219UA',
  hex: 'a21900',
  destination: { iata: 'HNL', icao: 'PHNL', lat: 21.3187, lon: -157.9225 },
  livePosition: { lat: 24.95, lon: -153.1667 },
  altitudeFt: 36000,
  groundspeedKt: 462,
  onGround: false,
  track: 237,
  verticalRateFpm: null,
  phase: 'cruise',
  headingToDestinationDelta: 5.74751028259675,
  isFinalApproach: false,
  routeRemainingNm: 346.2215211039816,
  directToDestNm: 341.23417427770994,
  remainingNm: 346.2215211039816,
  etaMin: 47.469266664981845,
  currentStage: 'ride',
  arrivalStatus: 'airborne',
  ourLanded: false,
  positionProvider: 'flightaware-public',
  positionSeenAt: 1790983650.844,
  positionAgeSec: 1,
  flightawarePosition: null,
  fr24Position: null,
  adsbPosition: null,
  providerStatus: { flightaware: 'DISABLED', fr24: 'DISABLED' },
  providerEta: { flightaware: null, fr24: null },
  providerDistancesNm: {
    flightawareToFr24: null,
    flightawareToAdsb: null,
    fr24ToAdsb: null
  },
  fusionDisagreementNm: null,
  filedRouteDeviationNm: 23.969175968165754,
  displayPathSource: 'track'
}
[story-request] {"scheduleSource":"flightaware_public","fallbackOutcome":"not_needed","cacheStatus":"miss","event":"story_request","requested":"UA219","fresh":true,"durationMs":6148,"outcome":"ok","errorCategory":null}
[aeroapi] key unavailable; using public feed
[flightstats-schedule] {
  callsign: 'UAL219',
  date: '2026-10-02',
  origin: 'ORD',
  destination: 'HNL',
  status: 'departed',
  gateOut: 1790955180,
  gateIn: 1790987280,
  candidates: 1
}
[story-request] {"scheduleSource":"flightstats_public","fallbackOutcome":"flightstats_used","cacheStatus":"miss","event":"story_request","requested":"UA219","fresh":true,"durationMs":47,"outcome":"ok","errorCategory":null}
[aeroapi] key unavailable; using public feed
[flightstats-schedule] {
  callsign: 'UAL219',
  date: '2026-10-02',
  origin: 'ORD',
  destination: 'HNL',
  status: 'departed',
  gateOut: 1790955180,
  gateIn: 1790987280,
  candidates: 1
}
[story-request] {"scheduleSource":"flightstats_public","fallbackOutcome":"flightstats_used","cacheStatus":"miss","event":"story_request","requested":"UA219","fresh":true,"durationMs":64,"outcome":"ok","errorCategory":null}
[aeroapi] key unavailable; using public feed
[flight-telemetry] {
  callsignRequested: 'UA219',
  callsign: 'UAL219',
  registration: 'N219UA',
  hex: 'a21900',
  destination: { iata: 'HNL', icao: 'PHNL', lat: 21.3187, lon: -157.9225 },
  livePosition: null,
  altitudeFt: null,
  groundspeedKt: null,
  onGround: null,
  track: null,
  verticalRateFpm: null,
  phase: null,
  headingToDestinationDelta: null,
  isFinalApproach: false,
  routeRemainingNm: 346.2215211039816,
  directToDestNm: null,
  remainingNm: 346.2215211039816,
  etaMin: 49.4602173005688,
  currentStage: 'ride',
  arrivalStatus: 'airborne',
  ourLanded: false,
  positionProvider: 'fallback',
  positionSeenAt: null,
  positionAgeSec: null,
  flightawarePosition: null,
  fr24Position: null,
  adsbPosition: null,
  providerStatus: { flightaware: 'DISABLED', fr24: 'DISABLED' },
  providerEta: { flightaware: null, fr24: null },
  providerDistancesNm: {
    flightawareToFr24: null,
    flightawareToAdsb: null,
    fr24ToAdsb: null
  },
  fusionDisagreementNm: null,
  filedRouteDeviationNm: null,
  displayPathSource: 'track'
}
[story-request] {"scheduleSource":"flightaware_public","fallbackOutcome":"not_needed","cacheStatus":"miss","event":"story_request","requested":"UA219","fresh":true,"durationMs":58,"outcome":"ok","errorCategory":null}
[aeroapi] key unavailable; using public feed
[flight-telemetry] {
  callsignRequested: 'UA219',
  callsign: 'UAL219',
  registration: 'N219UA',
  hex: 'a21900',
  destination: { iata: 'HNL', icao: 'PHNL', lat: 21.3187, lon: -157.9225 },
  livePosition: null,
  altitudeFt: null,
  groundspeedKt: null,
  onGround: null,
  track: null,
  verticalRateFpm: null,
  phase: null,
  headingToDestinationDelta: null,
  isFinalApproach: false,
  routeRemainingNm: 346.2215211039816,
  directToDestNm: null,
  remainingNm: 346.2215211039816,
  etaMin: 49.4602173005688,
  currentStage: 'ride',
  arrivalStatus: 'airborne',
  ourLanded: false,
  positionProvider: 'fallback',
  positionSeenAt: null,
  positionAgeSec: null,
  flightawarePosition: null,
  fr24Position: null,
  adsbPosition: null,
  providerStatus: { flightaware: 'DISABLED', fr24: 'DISABLED' },
  providerEta: { flightaware: null, fr24: null },
  providerDistancesNm: {
    flightawareToFr24: null,
    flightawareToAdsb: null,
    fr24ToAdsb: null
  },
  fusionDisagreementNm: null,
  filedRouteDeviationNm: null,
  displayPathSource: 'track'
}
[story-request] {"scheduleSource":"flightaware_public","fallbackOutcome":"not_needed","cacheStatus":"miss","event":"story_request","requested":"UA219","fresh":true,"durationMs":50,"outcome":"ok","errorCategory":null}
[aeroapi] key unavailable; using public feed
[flight-telemetry] {
  callsignRequested: 'UA219',
  callsign: 'UAL219',
  registration: 'N219UA',
  hex: 'a21900',
  destination: { iata: 'HNL', icao: 'PHNL', lat: 21.3187, lon: -157.9225 },
  livePosition: null,
  altitudeFt: null,
  groundspeedKt: null,
  onGround: null,
  track: null,
  verticalRateFpm: null,
  phase: null,
  headingToDestinationDelta: null,
  isFinalApproach: false,
  routeRemainingNm: 346.2215211039816,
  directToDestNm: null,
  remainingNm: 346.2215211039816,
  etaMin: 49.4602173005688,
  currentStage: 'ride',
  arrivalStatus: 'airborne',
  ourLanded: false,
  positionProvider: 'fallback',
  positionSeenAt: null,
  positionAgeSec: null,
  flightawarePosition: null,
  fr24Position: null,
  adsbPosition: null,
  providerStatus: { flightaware: 'DISABLED', fr24: 'DISABLED' },
  providerEta: { flightaware: null, fr24: null },
  providerDistancesNm: {
    flightawareToFr24: null,
    flightawareToAdsb: null,
    fr24ToAdsb: null
  },
  fusionDisagreementNm: null,
  filedRouteDeviationNm: null,
  displayPathSource: 'track'
}
[story-request] {"scheduleSource":"flightaware_public","fallbackOutcome":"not_needed","cacheStatus":"miss","event":"story_request","requested":"UA219","fresh":true,"durationMs":52,"outcome":"ok","errorCategory":null}
[aeroapi] key unavailable; using public feed
[flight-telemetry] {
  callsignRequested: 'UA219',
  callsign: 'UAL219',
  registration: 'N219UA',
  hex: 'a21900',
  destination: { iata: 'HNL', icao: 'PHNL', lat: 21.3187, lon: -157.9225 },
  livePosition: { lat: 23, lon: -155 },
  altitudeFt: 30000,
  groundspeedKt: 450,
  onGround: false,
  track: 237,
  verticalRateFpm: null,
  phase: 'cruise',
  headingToDestinationDelta: 1.710246295575871,
  isFinalApproach: false,
  routeRemainingNm: 192.27727150053806,
  directToDestNm: 191.29887587427638,
  remainingNm: 192.27727150053806,
  etaMin: 25.636969533405075,
  currentStage: 'ride',
  arrivalStatus: 'airborne',
  ourLanded: false,
  positionProvider: 'flightaware-public',
  positionSeenAt: 1790990990.844,
  positionAgeSec: 1,
  flightawarePosition: null,
  fr24Position: null,
  adsbPosition: null,
  providerStatus: { flightaware: 'DISABLED', fr24: 'DISABLED' },
  providerEta: { flightaware: null, fr24: null },
  providerDistancesNm: {
    flightawareToFr24: null,
    flightawareToAdsb: null,
    fr24ToAdsb: null
  },
  fusionDisagreementNm: null,
  filedRouteDeviationNm: 43.10680414375789,
  displayPathSource: 'track'
}
[story-request] {"scheduleSource":"flightaware_public","fallbackOutcome":"not_needed","cacheStatus":"miss","event":"story_request","requested":"UA219","fresh":true,"durationMs":57,"outcome":"ok","errorCategory":null}
[aeroapi] key unavailable; using public feed
[schedule-fallback-unavailable] {
  callsign: 'UAL219',
  reason: 'Current flight route unavailable: schedule provider returned HTTP 402 (unidentified response; host=www.flightaware.com; server=absent; type=absent; bodyChars=0; branding=unidentifi'
}
[flight-telemetry] {
  callsignRequested: 'UA219',
  callsign: 'UAL219',
  registration: 'N219UA',
  hex: 'a21900',
  destination: { iata: 'HNL', icao: 'PHNL', lat: 21.3187, lon: -157.9225 },
  livePosition: { lat: 23, lon: -155 },
  altitudeFt: 30000,
  groundspeedKt: 450,
  onGround: false,
  track: 237,
  verticalRateFpm: null,
  phase: 'cruise',
  headingToDestinationDelta: 1.710246295575871,
  isFinalApproach: false,
  routeRemainingNm: 192.27727150053806,
  directToDestNm: 191.29887587427638,
  remainingNm: 192.27727150053806,
  etaMin: 25.636969533405075,
  currentStage: 'ride',
  arrivalStatus: 'airborne',
  ourLanded: false,
  positionProvider: 'adsb',
  positionSeenAt: 1790991000.844,
  positionAgeSec: 1,
  flightawarePosition: null,
  fr24Position: null,
  adsbPosition: {
    provider: 'adsb',
    flightId: null,
    callsign: 'UAL219',
    lat: 23,
    lon: -155,
    altFt: 30000,
    vertFpm: null,
    gsKt: 450,
    track: 237,
    onGround: false,
    seenAt: 1790991000.844,
    registration: 'N219UA',
    type: null,
    hex: 'a21900',
    confidence: 'high'
  },
  providerStatus: { flightaware: 'DISABLED', fr24: 'DISABLED' },
  providerEta: { flightaware: null, fr24: null },
  providerDistancesNm: {
    flightawareToFr24: null,
    flightawareToAdsb: null,
    fr24ToAdsb: null
  },
  fusionDisagreementNm: null,
  filedRouteDeviationNm: 43.10680414375789,
  displayPathSource: 'track'
}
[story-request] {"scheduleSource":"saved_resume","fallbackOutcome":"resume_used","cacheStatus":"miss","event":"story_request","requested":"UA219","fresh":true,"durationMs":40,"outcome":"ok","errorCategory":null}
[aeroapi] key unavailable; using public feed
[arrival-projection] {
  flight: 'UAL219',
  landKey: 'leg:v1:UAL219|2026-10-02|MCO|ORD',
  stateKey: 'leg:v1:UAL219|2026-10-02|MCO|ORD',
  instance: '3yaqo10m',
  entryGate: true,
  reason: 'started',
  persistence: 'ok',
  applied: true,
  geometrySource: 'observed_fix',
  displayPointCount: 42,
  stale: false,
  loadedVersion: 0,
  hadPrevious: false,
  runway: '10R',
  source: 'ATIS',
  side: 1,
  active: true,
  startedAt: 1790991001844,
  offPathStreak: 0,
  vertFpm: null,
  verticalRateSource: null,
  stageVertFpm: null,
  cursorNm: 0,
  plannedPoints: 41,
  directToThresholdNm: 13.055797838476495,
  phase: 'cruise',
  extrapolated: false,
  seenSec: 1,
  kind: 'downwind-base',
  remainingNm: 22.23411981046109,
  stageRemainingNm: 14.508207298373566
}
[flight-telemetry] {
  callsignRequested: 'UA219',
  callsign: 'UAL219',
  registration: 'N219UA',
  hex: 'a21900',
  destination: { iata: 'ORD', icao: 'KORD', lat: 41.9786, lon: -87.9048 },
  livePosition: { lat: 41.877462, lon: -88.199775 },
  altitudeFt: 4000,
  groundspeedKt: 210,
  onGround: false,
  track: 267.67,
  verticalRateFpm: null,
  phase: 'cruise',
  headingToDestinationDelta: 157.48860925143606,
  isFinalApproach: false,
  routeRemainingNm: 22.23411981046109,
  directToDestNm: 14.508207298373566,
  remainingNm: 22.23411981046109,
  etaMin: 6.35260566013174,
  currentStage: 'arrival',
  arrivalStatus: 'airborne',
  ourLanded: false,
  positionProvider: 'flightaware-public',
  positionSeenAt: 1790991000.844,
  positionAgeSec: 1,
  flightawarePosition: null,
  fr24Position: null,
  adsbPosition: null,
  providerStatus: { flightaware: 'DISABLED', fr24: 'DISABLED' },
  providerEta: { flightaware: null, fr24: null },
  providerDistancesNm: {
    flightawareToFr24: null,
    flightawareToAdsb: null,
    fr24ToAdsb: null
  },
  fusionDisagreementNm: null,
  filedRouteDeviationNm: 7.652401395130016e-13,
  displayPathSource: 'filed'
}
[story-request] {"scheduleSource":"flightaware_public","fallbackOutcome":"not_needed","cacheStatus":"miss","event":"story_request","requested":"UA219","fresh":true,"durationMs":49,"outcome":"ok","errorCategory":null}
[aeroapi] key unavailable; using public feed
[arrival-projection] {
  flight: 'UAL219',
  landKey: 'leg:v1:UAL219|2026-10-02|MCO|ORD',
  stateKey: 'leg:v1:UAL219|2026-10-02|MCO|ORD',
  instance: 'd4qalrvd',
  entryGate: false,
  reason: 'held-no-reliable-fix',
  persistence: 'ok',
  applied: true,
  geometrySource: 'last_known_fix',
  displayPointCount: 42,
  stale: true,
  loadedVersion: 1,
  hadPrevious: true,
  runway: '10R',
  source: 'ATIS',
  side: 1,
  active: true,
  startedAt: 1790991001844,
  offPathStreak: 0,
  vertFpm: null,
  verticalRateSource: null,
  stageVertFpm: null,
  cursorNm: 0,
  plannedPoints: 41,
  directToThresholdNm: null,
  phase: null,
  extrapolated: false,
  seenSec: null,
  kind: 'downwind-base',
  remainingNm: 22.23411981046109,
  stageRemainingNm: 22.23411981046109
}
[flight-telemetry] {
  callsignRequested: 'UA219',
  callsign: 'UAL219',
  registration: 'N219UA',
  hex: 'a21900',
  destination: { iata: 'ORD', icao: 'KORD', lat: 41.9786, lon: -87.9048 },
  livePosition: null,
  altitudeFt: null,
  groundspeedKt: null,
  onGround: null,
  track: null,
  verticalRateFpm: null,
  phase: null,
  headingToDestinationDelta: null,
  isFinalApproach: false,
  routeRemainingNm: 22.23411981046109,
  directToDestNm: null,
  remainingNm: 22.23411981046109,
  etaMin: 29.5,
  currentStage: 'ride',
  arrivalStatus: 'airborne',
  ourLanded: false,
  positionProvider: 'fallback',
  positionSeenAt: null,
  positionAgeSec: null,
  flightawarePosition: null,
  fr24Position: null,
  adsbPosition: null,
  providerStatus: { flightaware: 'DISABLED', fr24: 'DISABLED' },
  providerEta: { flightaware: null, fr24: null },
  providerDistancesNm: {
    flightawareToFr24: null,
    flightawareToAdsb: null,
    fr24ToAdsb: null
  },
  fusionDisagreementNm: null,
  filedRouteDeviationNm: null,
  displayPathSource: 'filed'
}
[story-request] {"scheduleSource":"flightaware_public","fallbackOutcome":"not_needed","cacheStatus":"miss","event":"story_request","requested":"UA219","fresh":true,"durationMs":39,"outcome":"ok","errorCategory":null}
✔ UA219 durable filed/track geometry and oceanic progress survive provider handoff, cold instances, reroute and recovery (7603.515707ms)
[flight-telemetry] {
  callsignRequested: 'UA219',
  callsign: 'UAL219',
  registration: 'N219UA',
  hex: 'a21900',
  destination: { iata: 'HNL', icao: 'PHNL', lat: 21.3187, lon: -157.9225 },
  livePosition: { lat: 24.95, lon: -153.1667 },
  altitudeFt: 36000,
  groundspeedKt: 462,
  onGround: false,
  track: 237,
  verticalRateFpm: null,
  phase: 'cruise',
  headingToDestinationDelta: 5.74751028259675,
  isFinalApproach: false,
  routeRemainingNm: 346.2215211039816,
  directToDestNm: 341.23417427770994,
  remainingNm: 346.2215211039816,
  etaMin: 47.469266664981845,
  currentStage: 'ride',
  arrivalStatus: 'airborne',
  ourLanded: false,
  positionProvider: 'flightaware-public',
  positionSeenAt: 1790983650.844,
  positionAgeSec: 1,
  flightawarePosition: null,
  fr24Position: null,
  adsbPosition: null,
  providerStatus: { flightaware: 'DISABLED', fr24: 'DISABLED' },
  providerEta: { flightaware: null, fr24: null },
  providerDistancesNm: {
    flightawareToFr24: null,
    flightawareToAdsb: null,
    fr24ToAdsb: null
  },
  fusionDisagreementNm: null,
  filedRouteDeviationNm: 23.969175968165754,
  displayPathSource: 'track'
}
[flight-telemetry] {
  callsignRequested: 'UA219',
  callsign: 'UAL219',
  registration: 'N219UA',
  hex: 'a21900',
  destination: { iata: 'HNL', icao: 'PHNL', lat: 21.3187, lon: -157.9225 },
  livePosition: { lat: 24.925, lon: -153.2167 },
  altitudeFt: 36000,
  groundspeedKt: 462,
  onGround: false,
  track: 237,
  verticalRateFpm: null,
  phase: 'cruise',
  headingToDestinationDelta: 5.8587141848439614,
  isFinalApproach: false,
  routeRemainingNm: 343.54831452715865,
  directToDestNm: 338.1721965491216,
  remainingNm: 343.54831452715865,
  etaMin: 46.969266664981845,
  currentStage: 'ride',
  arrivalStatus: 'airborne',
  ourLanded: false,
  positionProvider: 'flightaware-public',
  positionSeenAt: 1790983680.844,
  positionAgeSec: 1,
  flightawarePosition: null,
  fr24Position: null,
  adsbPosition: null,
  providerStatus: { flightaware: 'DISABLED', fr24: 'DISABLED' },
  providerEta: { flightaware: null, fr24: null },
  providerDistancesNm: {
    flightawareToFr24: null,
    flightawareToAdsb: null,
    fr24ToAdsb: null
  },
  fusionDisagreementNm: null,
  filedRouteDeviationNm: 27.67815694699043,
  displayPathSource: 'track'
}
[flight-telemetry] {
  callsignRequested: 'UA219',
  callsign: 'UAL219',
  registration: 'N219UA',
  hex: 'a21900',
  destination: { iata: 'HNL', icao: 'PHNL', lat: 21.3187, lon: -157.9225 },
  livePosition: { lat: 24.900000000000002, lon: -153.26670000000001 },
  altitudeFt: 36000,
  groundspeedKt: 462,
  onGround: false,
  track: 237,
  verticalRateFpm: null,
  phase: 'cruise',
  headingToDestinationDelta: 5.971798694037034,
  isFinalApproach: false,
  routeRemainingNm: 340.9166177443318,
  directToDestNm: 335.1108443774515,
  remainingNm: 340.9166177443318,
  etaMin: 46.469266664981845,
  currentStage: 'ride',
  arrivalStatus: 'airborne',
  ourLanded: false,
  positionProvider: 'flightaware-public',
  positionSeenAt: 1790983710.844,
  positionAgeSec: 1,
  flightawarePosition: null,
  fr24Position: null,
  adsbPosition: null,
  providerStatus: { flightaware: 'DISABLED', fr24: 'DISABLED' },
  providerEta: { flightaware: null, fr24: null },
  providerDistancesNm: {
    flightawareToFr24: null,
    flightawareToAdsb: null,
    fr24ToAdsb: null
  },
  fusionDisagreementNm: null,
  filedRouteDeviationNm: 31.547890578832877,
  displayPathSource: 'track'
}
[flight-telemetry] {
  callsignRequested: 'UA219',
  callsign: 'UAL219',
  registration: 'N219UA',
  hex: 'a21900',
  destination: { iata: 'HNL', icao: 'PHNL', lat: 21.3187, lon: -157.9225 },
  livePosition: { lat: 24.875000000000004, lon: -153.31670000000003 },
  altitudeFt: 36000,
  groundspeedKt: 462,
  onGround: false,
  track: 237,
  verticalRateFpm: null,
  phase: 'cruise',
  headingToDestinationDelta: 6.086815901437035,
  isFinalApproach: false,
  routeRemainingNm: 332.3828623283507,
  directToDestNm: 332.050149511478,
  remainingNm: 332.3828623283507,
  etaMin: 45.969266664981845,
  currentStage: 'ride',
  arrivalStatus: 'airborne',
  ourLanded: false,
  positionProvider: 'flightaware-public',
  positionSeenAt: 1790983740.844,
  positionAgeSec: 1,
  flightawarePosition: null,
  fr24Position: null,
  adsbPosition: null,
  providerStatus: { flightaware: 'DISABLED', fr24: 'DISABLED' },
  providerEta: { flightaware: null, fr24: null },
  providerDistancesNm: {
    flightawareToFr24: null,
    flightawareToAdsb: null,
    fr24ToAdsb: null
  },
  fusionDisagreementNm: null,
  filedRouteDeviationNm: 31.298191064891174,
  displayPathSource: 'track'
}
[flight-telemetry] {
  callsignRequested: 'UA219',
  callsign: 'UAL219',
  registration: 'N219UA',
  hex: 'a21900',
  destination: { iata: 'HNL', icao: 'PHNL', lat: 21.3187, lon: -157.9225 },
  livePosition: { lat: 24.850000000000005, lon: -153.36670000000004 },
  altitudeFt: 36000,
  groundspeedKt: 462,
  onGround: false,
  track: 237,
  verticalRateFpm: null,
  phase: 'cruise',
  headingToDestinationDelta: 6.2038197990600565,
  isFinalApproach: false,
  routeRemainingNm: 329.33673412844144,
  directToDestNm: 328.9901448558742,
  remainingNm: 329.33673412844144,
  etaMin: 45.469266664981845,
  currentStage: 'ride',
  arrivalStatus: 'airborne',
  ourLanded: false,
  positionProvider: 'flightaware-public',
  positionSeenAt: 1790983770.844,
  positionAgeSec: 1,
  flightawarePosition: null,
  fr24Position: null,
  adsbPosition: null,
  providerStatus: { flightaware: 'DISABLED', fr24: 'DISABLED' },
  providerEta: { flightaware: null, fr24: null },
  providerDistancesNm: {
    flightawareToFr24: null,
    flightawareToAdsb: null,
    fr24ToAdsb: null
  },
  fusionDisagreementNm: null,
  filedRouteDeviationNm: 28.251310295232663,
  displayPathSource: 'track'
}
[flight-telemetry] {
  callsignRequested: 'UA219',
  callsign: 'UAL219',
  registration: 'N219UA',
  hex: 'a21900',
  destination: { iata: 'HNL', icao: 'PHNL', lat: 21.3187, lon: -157.9225 },
  livePosition: { lat: 24.825000000000006, lon: -153.41670000000005 },
  altitudeFt: 36000,
  groundspeedKt: 462,
  onGround: false,
  track: 237,
  verticalRateFpm: null,
  phase: 'cruise',
  headingToDestinationDelta: 6.3228663658161395,
  isFinalApproach: false,
  routeRemainingNm: 326.9219044143338,
  directToDestNm: 325.9308645248121,
  remainingNm: 326.9219044143338,
  etaMin: 44.969266664981845,
  currentStage: 'ride',
  arrivalStatus: 'airborne',
  ourLanded: false,
  positionProvider: 'flightaware-public',
  positionSeenAt: 1790983800.844,
  positionAgeSec: 1,
  flightawarePosition: null,
  fr24Position: null,
  adsbPosition: null,
  providerStatus: { flightaware: 'DISABLED', fr24: 'DISABLED' },
  providerEta: { flightaware: null, fr24: null },
  providerDistancesNm: {
    flightawareToFr24: null,
    flightawareToAdsb: null,
    fr24ToAdsb: null
  },
  fusionDisagreementNm: null,
  filedRouteDeviationNm: 25.224866965332783,
  displayPathSource: 'track'
}
[flight-telemetry] {
  callsignRequested: 'UA219',
  callsign: 'UAL219',
  registration: 'N219UA',
  hex: 'a21900',
  destination: { iata: 'HNL', icao: 'PHNL', lat: 21.3187, lon: -157.9225 },
  livePosition: { lat: 24.800000000000008, lon: -153.46670000000006 },
  altitudeFt: 36000,
  groundspeedKt: 462,
  onGround: false,
  track: 237,
  verticalRateFpm: null,
  phase: 'cruise',
  headingToDestinationDelta: 6.444013658294693,
  isFinalApproach: false,
  routeRemainingNm: 323.90956317419005,
  directToDestNm: 322.87234389854325,
  remainingNm: 323.90956317419005,
  etaMin: 44.469266664981845,
  currentStage: 'ride',
  arrivalStatus: 'airborne',
  ourLanded: false,
  positionProvider: 'flightaware-public',
  positionSeenAt: 1790983830.844,
  positionAgeSec: 1,
  flightawarePosition: null,
  fr24Position: null,
  adsbPosition: null,
  providerStatus: { flightaware: 'DISABLED', fr24: 'DISABLED' },
  providerEta: { flightaware: null, fr24: null },
  providerDistancesNm: {
    flightawareToFr24: null,
    flightawareToAdsb: null,
    fr24ToAdsb: null
  },
  fusionDisagreementNm: null,
  filedRouteDeviationNm: 22.220565204689343,
  displayPathSource: 'track'
}
[flight-telemetry] {
  callsignRequested: 'UA219',
  callsign: 'UAL219',
  registration: 'N219UA',
  hex: 'a21900',
  destination: { iata: 'HNL', icao: 'PHNL', lat: 21.3187, lon: -157.9225 },
  livePosition: { lat: 24.77500000000001, lon: -153.51670000000007 },
  altitudeFt: 36000,
  groundspeedKt: 462,
  onGround: false,
  track: 237,
  verticalRateFpm: null,
  phase: 'cruise',
  headingToDestinationDelta: 6.56732190648404,
  isFinalApproach: false,
  routeRemainingNm: 320.9004490192491,
  directToDestNm: 319.8146196831457,
  remainingNm: 320.9004490192491,
  etaMin: 43.969266664981845,
  currentStage: 'ride',
  arrivalStatus: 'airborne',
  ourLanded: false,
  positionProvider: 'flightaware-public',
  positionSeenAt: 1790983860.844,
  positionAgeSec: 1,
  flightawarePosition: null,
  fr24Position: null,
  adsbPosition: null,
  providerStatus: { flightaware: 'DISABLED', fr24: 'DISABLED' },
  providerEta: { flightaware: null, fr24: null },
  providerDistancesNm: {
    flightawareToFr24: null,
    flightawareToAdsb: null,
    fr24ToAdsb: null
  },
  fusionDisagreementNm: null,
  filedRouteDeviationNm: 19.239943468113342,
  displayPathSource: 'track'
}
[flight-telemetry] {
  callsignRequested: 'UA219',
  callsign: 'UAL219',
  registration: 'N219UA',
  hex: 'a21900',
  destination: { iata: 'HNL', icao: 'PHNL', lat: 21.3187, lon: -157.9225 },
  livePosition: { lat: 24.75000000000001, lon: -153.56670000000008 },
  altitudeFt: 36000,
  groundspeedKt: 462,
  onGround: false,
  track: 237,
  verticalRateFpm: null,
  phase: 'cruise',
  headingToDestinationDelta: 6.692853614737146,
  isFinalApproach: false,
  routeRemainingNm: 319.5492961811051,
  directToDestNm: 316.7577299736441,
  remainingNm: 319.5492961811051,
  etaMin: 43.469266664981845,
  currentStage: 'ride',
  arrivalStatus: 'airborne',
  ourLanded: false,
  positionProvider: 'flightaware-public',
  positionSeenAt: 1790983890.844,
  positionAgeSec: 1,
  flightawarePosition: null,
  fr24Position: null,
  adsbPosition: null,
  providerStatus: { flightaware: 'DISABLED', fr24: 'DISABLED' },
  providerEta: { flightaware: null, fr24: null },
  providerDistancesNm: {
    flightawareToFr24: null,
    flightawareToAdsb: null,
    fr24ToAdsb: null
  },
  fusionDisagreementNm: null,
  filedRouteDeviationNm: 16.28420806582312,
  displayPathSource: 'track'
}
[flight-telemetry] {
  callsignRequested: 'UA219',
  callsign: 'UAL219',
  registration: 'N219UA',
  hex: 'a21900',
  destination: { iata: 'HNL', icao: 'PHNL', lat: 21.3187, lon: -157.9225 },
  livePosition: { lat: 24.725000000000012, lon: -153.6167000000001 },
  altitudeFt: 36000,
  groundspeedKt: 462,
  onGround: false,
  track: 237,
  verticalRateFpm: null,
  phase: 'cruise',
  headingToDestinationDelta: 6.820673668312679,
  isFinalApproach: false,
  routeRemainingNm: 316.65693133741814,
  directToDestNm: 313.70171432072345,
  remainingNm: 316.65693133741814,
  etaMin: 42.969266664981845,
  currentStage: 'ride',
  arrivalStatus: 'airborne',
  ourLanded: false,
  positionProvider: 'flightaware-public',
  positionSeenAt: 1790983920.844,
  positionAgeSec: 1,
  flightawarePosition: null,
  fr24Position: null,
  adsbPosition: null,
  providerStatus: { flightaware: 'DISABLED', fr24: 'DISABLED' },
  providerEta: { flightaware: null, fr24: null },
  providerDistancesNm: {
    flightawareToFr24: null,
    flightawareToAdsb: null,
    fr24ToAdsb: null
  },
  fusionDisagreementNm: null,
  filedRouteDeviationNm: 13.353997442708406,
  displayPathSource: 'track'
}
[flight-telemetry] {
  callsignRequested: 'UA219',
  callsign: 'UAL219',
  registration: 'N219UA',
  hex: 'a21900',
  destination: { iata: 'HNL', icao: 'PHNL', lat: 21.3187, lon: -157.9225 },
  livePosition: { lat: 24.725000000000012, lon: -153.6167000000001 },
  altitudeFt: 36000,
  groundspeedKt: 462,
  onGround: false,
  track: 237,
  verticalRateFpm: null,
  phase: 'cruise',
  headingToDestinationDelta: 6.820673668312679,
  isFinalApproach: false,
  routeRemainingNm: 316.65693133741814,
  directToDestNm: 313.70171432072345,
  remainingNm: 316.65693133741814,
  etaMin: 42.969266664981845,
  currentStage: 'ride',
  arrivalStatus: 'airborne',
  ourLanded: false,
  positionProvider: 'flightaware-public',
  positionSeenAt: 1790983920.844,
  positionAgeSec: 1,
  flightawarePosition: null,
  fr24Position: null,
  adsbPosition: null,
  providerStatus: { flightaware: 'DISABLED', fr24: 'DISABLED' },
  providerEta: { flightaware: null, fr24: null },
  providerDistancesNm: {
    flightawareToFr24: null,
    flightawareToAdsb: null,
    fr24ToAdsb: null
  },
  fusionDisagreementNm: null,
  filedRouteDeviationNm: 13.353997442708406,
  displayPathSource: 'track'
}
[flight-telemetry] {
  callsignRequested: 'UA219',
  callsign: 'UAL219',
  registration: 'N219UA',
  hex: 'a21900',
  destination: { iata: 'HNL', icao: 'PHNL', lat: 21.3187, lon: -157.9225 },
  livePosition: null,
  altitudeFt: null,
  groundspeedKt: null,
  onGround: null,
  track: null,
  verticalRateFpm: null,
  phase: null,
  headingToDestinationDelta: null,
  isFinalApproach: false,
  routeRemainingNm: 316.65693133741814,
  directToDestNm: null,
  remainingNm: 316.65693133741814,
  etaMin: 40.969266664981845,
  currentStage: 'ride',
  arrivalStatus: 'airborne',
  ourLanded: false,
  positionProvider: 'fallback',
  positionSeenAt: null,
  positionAgeSec: null,
  flightawarePosition: null,
  fr24Position: null,
  adsbPosition: null,
  providerStatus: { flightaware: 'DISABLED', fr24: 'DISABLED' },
  providerEta: { flightaware: null, fr24: null },
  providerDistancesNm: {
    flightawareToFr24: null,
    flightawareToAdsb: null,
    fr24ToAdsb: null
  },
  fusionDisagreementNm: null,
  filedRouteDeviationNm: null,
  displayPathSource: 'track'
}
[departure-telemetry] {
  callsignRequested: 'UA219',
  flightInstance: 'leg:v1:UAL219|2026-10-02|ORD|HNL',
  currentStage: 'origin_gate',
  pushLatched: false,
  taxiOutLatched: false,
  pushTimestamp: null,
  pushTimestampSource: null,
  firstDepartureMovement: false,
  rawTaxiHint: false,
  stageTaxiHint: false,
  taxiThresholdKt: 6,
  parkedObservedSec: 0,
  stationaryAtStand: true,
  awayFromPassengerGateArea: false,
  providerGateOut: { scheduled: 1790952900, estimated: null, actual: null },
  providerGateOutPublic: { scheduled: 1790952900, estimated: null, actual: null },
  groundspeedKt: 0,
  onGround: true,
  distanceFromParkedNm: 0,
  positionAgeSec: 1,
  positionSource: 'adsb'
}
[push-evidence] {"callsignRequested":"UA219","flightInstance":"leg:v1:UAL219|2026-10-02|ORD|HNL","flightaware":{"flightId":"UAL219-1790952900-schedule-0001","publicGateOut":{"scheduled":1790952900,"estimated":null,"actual":null},"aeroApiOut":null,"firstTrackMovement":null},"fr24":{"flightId":null,"status":"DISABLED","firstTrackMovement":null,"summaryOut":null},"adsb":{"firstTrackMovement":null,"positionAgeSec":1,"groundspeedKt":0,"distanceFromParkedNm":0},"inbound":{"parkedPosition":{"lat":41.9786,"lon":-87.9048,"at":1790952300000},"selectedPush":null,"pushLatch":null,"taxiOutLatch":null,"finalPushUnix":null,"finalPushSource":null,"phaseStatePersistenceOnLoad":"ok"}}
[departure-telemetry] {
  callsignRequested: 'UA219',
  flightInstance: 'leg:v1:UAL219|2026-10-02|ORD|HNL',
  currentStage: 'origin_gate',
  pushLatched: false,
  taxiOutLatched: false,
  pushTimestamp: null,
  pushTimestampSource: null,
  firstDepartureMovement: false,
  rawTaxiHint: false,
  stageTaxiHint: false,
  taxiThresholdKt: 6,
  parkedObservedSec: 0,
  stationaryAtStand: true,
  awayFromPassengerGateArea: false,
  providerGateOut: { scheduled: 1790952900, estimated: null, actual: null },
  providerGateOutPublic: { scheduled: 1790952900, estimated: null, actual: null },
  groundspeedKt: 0,
  onGround: true,
  distanceFromParkedNm: 0,
  positionAgeSec: 1,
  positionSource: 'adsb'
}
[push-evidence] {"callsignRequested":"UA219","flightInstance":"leg:v1:UAL219|2026-10-02|ORD|HNL","flightaware":{"flightId":"UAL219-1790952900-schedule-0001","publicGateOut":{"scheduled":1790952900,"estimated":null,"actual":null},"aeroApiOut":null,"firstTrackMovement":null},"fr24":{"flightId":null,"status":"DISABLED","firstTrackMovement":null,"summaryOut":null},"adsb":{"firstTrackMovement":null,"positionAgeSec":1,"groundspeedKt":0,"distanceFromParkedNm":0},"inbound":{"parkedPosition":{"lat":41.9786,"lon":-87.9048,"at":1790952330000},"selectedPush":null,"pushLatch":null,"taxiOutLatch":null,"finalPushUnix":null,"finalPushSource":null,"phaseStatePersistenceOnLoad":"ok"}}
[departure-telemetry] {
  callsignRequested: 'UA219',
  flightInstance: 'leg:v1:UAL219|2026-10-02|ORD|HNL',
  currentStage: 'origin_gate',
  pushLatched: false,
  taxiOutLatched: false,
  pushTimestamp: null,
  pushTimestampSource: null,
  firstDepartureMovement: false,
  rawTaxiHint: false,
  stageTaxiHint: false,
  taxiThresholdKt: 6,
  parkedObservedSec: 0,
  stationaryAtStand: true,
  awayFromPassengerGateArea: false,
  providerGateOut: { scheduled: 1790952900, estimated: null, actual: null },
  providerGateOutPublic: { scheduled: 1790952900, estimated: null, actual: null },
  groundspeedKt: 0,
  onGround: true,
  distanceFromParkedNm: 0,
  positionAgeSec: 1,
  positionSource: 'adsb'
}
[push-evidence] {"callsignRequested":"UA219","flightInstance":"leg:v1:UAL219|2026-10-02|ORD|HNL","flightaware":{"flightId":"UAL219-1790952900-schedule-0001","publicGateOut":{"scheduled":1790952900,"estimated":null,"actual":null},"aeroApiOut":null,"firstTrackMovement":null},"fr24":{"flightId":null,"status":"DISABLED","firstTrackMovement":null,"summaryOut":null},"adsb":{"firstTrackMovement":null,"positionAgeSec":1,"groundspeedKt":0,"distanceFromParkedNm":0},"inbound":{"parkedPosition":{"lat":41.9786,"lon":-87.9048,"at":1790952360000},"selectedPush":null,"pushLatch":null,"taxiOutLatch":null,"finalPushUnix":null,"finalPushSource":null,"phaseStatePersistenceOnLoad":"ok"}}
[departure-telemetry] {
  callsignRequested: 'UA219',
  flightInstance: 'leg:v1:UAL219|2026-10-02|ORD|HNL',
  currentStage: 'origin_gate',
  pushLatched: false,
  taxiOutLatched: false,
  pushTimestamp: null,
  pushTimestampSource: null,
  firstDepartureMovement: false,
  rawTaxiHint: false,
  stageTaxiHint: false,
  taxiThresholdKt: 6,
  parkedObservedSec: 0,
  stationaryAtStand: true,
  awayFromPassengerGateArea: false,
  providerGateOut: { scheduled: 1790952900, estimated: null, actual: null },
  providerGateOutPublic: { scheduled: 1790952900, estimated: null, actual: null },
  groundspeedKt: 0,
  onGround: true,
  distanceFromParkedNm: 0,
  positionAgeSec: 1,
  positionSource: 'adsb'
}
[push-evidence] {"callsignRequested":"UA219","flightInstance":"leg:v1:UAL219|2026-10-02|ORD|HNL","flightaware":{"flightId":"UAL219-1790952900-schedule-0001","publicGateOut":{"scheduled":1790952900,"estimated":null,"actual":null},"aeroApiOut":null,"firstTrackMovement":null},"fr24":{"flightId":null,"status":"DISABLED","firstTrackMovement":null,"summaryOut":null},"adsb":{"firstTrackMovement":null,"positionAgeSec":1,"groundspeedKt":0,"distanceFromParkedNm":0},"inbound":{"parkedPosition":{"lat":41.9786,"lon":-87.9048,"at":1790952390000},"selectedPush":null,"pushLatch":null,"taxiOutLatch":null,"finalPushUnix":null,"finalPushSource":null,"phaseStatePersistenceOnLoad":"ok"}}
[departure-telemetry] {
  callsignRequested: 'UA219',
  flightInstance: 'leg:v1:UAL219|2026-10-02|ORD|HNL',
  currentStage: 'origin_gate',
  pushLatched: false,
  taxiOutLatched: false,
  pushTimestamp: null,
  pushTimestampSource: null,
  firstDepartureMovement: false,
  rawTaxiHint: false,
  stageTaxiHint: false,
  taxiThresholdKt: 6,
  parkedObservedSec: 0,
  stationaryAtStand: true,
  awayFromPassengerGateArea: false,
  providerGateOut: { scheduled: 1790952900, estimated: null, actual: null },
  providerGateOutPublic: { scheduled: 1790952900, estimated: null, actual: null },
  groundspeedKt: 0,
  onGround: true,
  distanceFromParkedNm: 0,
  positionAgeSec: 1,
  positionSource: 'adsb'
}
[push-evidence] {"callsignRequested":"UA219","flightInstance":"leg:v1:UAL219|2026-10-02|ORD|HNL","flightaware":{"flightId":"UAL219-1790952900-schedule-0001","publicGateOut":{"scheduled":1790952900,"estimated":null,"actual":null},"aeroApiOut":null,"firstTrackMovement":null},"fr24":{"flightId":null,"status":"DISABLED","firstTrackMovement":null,"summaryOut":null},"adsb":{"firstTrackMovement":null,"positionAgeSec":1,"groundspeedKt":0,"distanceFromParkedNm":0},"inbound":{"parkedPosition":{"lat":41.9786,"lon":-87.9048,"at":1790952420000},"selectedPush":null,"pushLatch":null,"taxiOutLatch":null,"finalPushUnix":null,"finalPushSource":null,"phaseStatePersistenceOnLoad":"ok"}}
[departure-telemetry] {
  callsignRequested: 'UA219',
  flightInstance: 'leg:v1:UAL219|2026-10-02|ORD|HNL',
  currentStage: 'origin_gate',
  pushLatched: false,
  taxiOutLatched: false,
  pushTimestamp: null,
  pushTimestampSource: null,
  firstDepartureMovement: false,
  rawTaxiHint: false,
  stageTaxiHint: false,
  taxiThresholdKt: 6,
  parkedObservedSec: 0,
  stationaryAtStand: true,
  awayFromPassengerGateArea: false,
  providerGateOut: { scheduled: 1790952900, estimated: null, actual: null },
  providerGateOutPublic: { scheduled: 1790952900, estimated: null, actual: null },
  groundspeedKt: 0,
  onGround: true,
  distanceFromParkedNm: 0,
  positionAgeSec: 1,
  positionSource: 'adsb'
}
[push-evidence] {"callsignRequested":"UA219","flightInstance":"leg:v1:UAL219|2026-10-02|ORD|HNL","flightaware":{"flightId":"UAL219-1790952900-schedule-0001","publicGateOut":{"scheduled":1790952900,"estimated":null,"actual":null},"aeroApiOut":null,"firstTrackMovement":null},"fr24":{"flightId":null,"status":"DISABLED","firstTrackMovement":null,"summaryOut":null},"adsb":{"firstTrackMovement":null,"positionAgeSec":1,"groundspeedKt":0,"distanceFromParkedNm":0},"inbound":{"parkedPosition":{"lat":41.9786,"lon":-87.9048,"at":1790952450000},"selectedPush":null,"pushLatch":null,"taxiOutLatch":null,"finalPushUnix":null,"finalPushSource":null,"phaseStatePersistenceOnLoad":"ok"}}
[departure-telemetry] {
  callsignRequested: 'UA219',
  flightInstance: 'leg:v1:UAL219|2026-10-02|ORD|HNL',
  currentStage: 'origin_gate',
  pushLatched: false,
  taxiOutLatched: false,
  pushTimestamp: null,
  pushTimestampSource: null,
  firstDepartureMovement: false,
  rawTaxiHint: false,
  stageTaxiHint: false,
  taxiThresholdKt: 6,
  parkedObservedSec: 0,
  stationaryAtStand: true,
  awayFromPassengerGateArea: false,
  providerGateOut: { scheduled: 1790952900, estimated: null, actual: null },
  providerGateOutPublic: { scheduled: 1790952900, estimated: null, actual: null },
  groundspeedKt: 0,
  onGround: true,
  distanceFromParkedNm: 0,
  positionAgeSec: 1,
  positionSource: 'adsb'
}
[push-evidence] {"callsignRequested":"UA219","flightInstance":"leg:v1:UAL219|2026-10-02|ORD|HNL","flightaware":{"flightId":"UAL219-1790952900-schedule-0001","publicGateOut":{"scheduled":1790952900,"estimated":null,"actual":null},"aeroApiOut":null,"firstTrackMovement":null},"fr24":{"flightId":null,"status":"DISABLED","firstTrackMovement":null,"summaryOut":null},"adsb":{"firstTrackMovement":null,"positionAgeSec":1,"groundspeedKt":0,"distanceFromParkedNm":0},"inbound":{"parkedPosition":{"lat":41.9786,"lon":-87.9048,"at":1790952480000},"selectedPush":null,"pushLatch":null,"taxiOutLatch":null,"finalPushUnix":null,"finalPushSource":null,"phaseStatePersistenceOnLoad":"ok"}}
[departure-telemetry] {
  callsignRequested: 'UA219',
  flightInstance: 'leg:v1:UAL219|2026-10-02|ORD|HNL',
  currentStage: 'origin_gate',
  pushLatched: false,
  taxiOutLatched: false,
  pushTimestamp: null,
  pushTimestampSource: null,
  firstDepartureMovement: false,
  rawTaxiHint: false,
  stageTaxiHint: false,
  taxiThresholdKt: 6,
  parkedObservedSec: 0,
  stationaryAtStand: true,
  awayFromPassengerGateArea: false,
  providerGateOut: { scheduled: 1790952900, estimated: null, actual: null },
  providerGateOutPublic: { scheduled: 1790952900, estimated: null, actual: null },
  groundspeedKt: 0,
  onGround: true,
  distanceFromParkedNm: 0,
  positionAgeSec: 1,
  positionSource: 'adsb'
}
[push-evidence] {"callsignRequested":"UA219","flightInstance":"leg:v1:UAL219|2026-10-02|ORD|HNL","flightaware":{"flightId":"UAL219-1790952900-schedule-0001","publicGateOut":{"scheduled":1790952900,"estimated":null,"actual":null},"aeroApiOut":null,"firstTrackMovement":null},"fr24":{"flightId":null,"status":"DISABLED","firstTrackMovement":null,"summaryOut":null},"adsb":{"firstTrackMovement":null,"positionAgeSec":1,"groundspeedKt":0,"distanceFromParkedNm":0},"inbound":{"parkedPosition":{"lat":41.9786,"lon":-87.9048,"at":1790952510000},"selectedPush":null,"pushLatch":null,"taxiOutLatch":null,"finalPushUnix":null,"finalPushSource":null,"phaseStatePersistenceOnLoad":"ok"}}
[departure-telemetry] {
  callsignRequested: 'UA219',
  flightInstance: 'leg:v1:UAL219|2026-10-02|ORD|HNL',
  currentStage: 'origin_gate',
  pushLatched: false,
  taxiOutLatched: false,
  pushTimestamp: null,
  pushTimestampSource: null,
  firstDepartureMovement: false,
  rawTaxiHint: false,
  stageTaxiHint: false,
  taxiThresholdKt: 6,
  parkedObservedSec: 0,
  stationaryAtStand: true,
  awayFromPassengerGateArea: false,
  providerGateOut: { scheduled: 1790952900, estimated: null, actual: null },
  providerGateOutPublic: { scheduled: 1790952900, estimated: null, actual: null },
  groundspeedKt: 0,
  onGround: true,
  distanceFromParkedNm: 0,
  positionAgeSec: 1,
  positionSource: 'adsb'
}
[push-evidence] {"callsignRequested":"UA219","flightInstance":"leg:v1:UAL219|2026-10-02|ORD|HNL","flightaware":{"flightId":"UAL219-1790952900-schedule-0001","publicGateOut":{"scheduled":1790952900,"estimated":null,"actual":null},"aeroApiOut":null,"firstTrackMovement":null},"fr24":{"flightId":null,"status":"DISABLED","firstTrackMovement":null,"summaryOut":null},"adsb":{"firstTrackMovement":null,"positionAgeSec":1,"groundspeedKt":0,"distanceFromParkedNm":0},"inbound":{"parkedPosition":{"lat":41.9786,"lon":-87.9048,"at":1790952540000},"selectedPush":null,"pushLatch":null,"taxiOutLatch":null,"finalPushUnix":null,"finalPushSource":null,"phaseStatePersistenceOnLoad":"ok"}}
[departure-telemetry] {
  callsignRequested: 'UA219',
  flightInstance: 'leg:v1:UAL219|2026-10-02|ORD|HNL',
  currentStage: 'origin_gate',
  pushLatched: false,
  taxiOutLatched: false,
  pushTimestamp: null,
  pushTimestampSource: null,
  firstDepartureMovement: false,
  rawTaxiHint: false,
  stageTaxiHint: false,
  taxiThresholdKt: 6,
  parkedObservedSec: 0,
  stationaryAtStand: true,
  awayFromPassengerGateArea: false,
  providerGateOut: { scheduled: 1790952900, estimated: null, actual: null },
  providerGateOutPublic: { scheduled: 1790952900, estimated: null, actual: null },
  groundspeedKt: 0,
  onGround: true,
  distanceFromParkedNm: 0,
  positionAgeSec: 1,
  positionSource: 'adsb'
}
[push-evidence] {"callsignRequested":"UA219","flightInstance":"leg:v1:UAL219|2026-10-02|ORD|HNL","flightaware":{"flightId":"UAL219-1790952900-schedule-0001","publicGateOut":{"scheduled":1790952900,"estimated":null,"actual":null},"aeroApiOut":null,"firstTrackMovement":null},"fr24":{"flightId":null,"status":"DISABLED","firstTrackMovement":null,"summaryOut":null},"adsb":{"firstTrackMovement":null,"positionAgeSec":1,"groundspeedKt":0,"distanceFromParkedNm":0},"inbound":{"parkedPosition":{"lat":41.9786,"lon":-87.9048,"at":1790952570000},"selectedPush":null,"pushLatch":null,"taxiOutLatch":null,"finalPushUnix":null,"finalPushSource":null,"phaseStatePersistenceOnLoad":"ok"}}
[departure-telemetry] {
  callsignRequested: 'UA219',
  flightInstance: 'leg:v1:UAL219|2026-10-02|ORD|HNL',
  currentStage: 'origin_gate',
  pushLatched: false,
  taxiOutLatched: false,
  pushTimestamp: null,
  pushTimestampSource: null,
  firstDepartureMovement: false,
  rawTaxiHint: false,
  stageTaxiHint: false,
  taxiThresholdKt: 6,
  parkedObservedSec: 0,
  stationaryAtStand: true,
  awayFromPassengerGateArea: false,
  providerGateOut: { scheduled: 1790952900, estimated: null, actual: null },
  providerGateOutPublic: { scheduled: 1790952900, estimated: null, actual: null },
  groundspeedKt: 0,
  onGround: true,
  distanceFromParkedNm: 0,
  positionAgeSec: 1,
  positionSource: 'adsb'
}
[push-evidence] {"callsignRequested":"UA219","flightInstance":"leg:v1:UAL219|2026-10-02|ORD|HNL","flightaware":{"flightId":"UAL219-1790952900-schedule-0001","publicGateOut":{"scheduled":1790952900,"estimated":null,"actual":null},"aeroApiOut":null,"firstTrackMovement":null},"fr24":{"flightId":null,"status":"DISABLED","firstTrackMovement":null,"summaryOut":null},"adsb":{"firstTrackMovement":null,"positionAgeSec":1,"groundspeedKt":0,"distanceFromParkedNm":0},"inbound":{"parkedPosition":{"lat":41.9786,"lon":-87.9048,"at":1790952600000},"selectedPush":null,"pushLatch":null,"taxiOutLatch":null,"finalPushUnix":null,"finalPushSource":null,"phaseStatePersistenceOnLoad":"ok"}}
[departure-telemetry] {
  callsignRequested: 'UA219',
  flightInstance: 'leg:v1:UAL219|2026-10-02|ORD|HNL',
  currentStage: 'origin_gate',
  pushLatched: false,
  taxiOutLatched: false,
  pushTimestamp: null,
  pushTimestampSource: null,
  firstDepartureMovement: false,
  rawTaxiHint: false,
  stageTaxiHint: false,
  taxiThresholdKt: 6,
  parkedObservedSec: 0,
  stationaryAtStand: true,
  awayFromPassengerGateArea: false,
  providerGateOut: { scheduled: 1790952900, estimated: null, actual: null },
  providerGateOutPublic: { scheduled: 1790952900, estimated: null, actual: null },
  groundspeedKt: 0,
  onGround: true,
  distanceFromParkedNm: 0,
  positionAgeSec: 1,
  positionSource: 'adsb'
}
[push-evidence] {"callsignRequested":"UA219","flightInstance":"leg:v1:UAL219|2026-10-02|ORD|HNL","flightaware":{"flightId":"UAL219-1790952900-schedule-0001","publicGateOut":{"scheduled":1790952900,"estimated":null,"actual":null},"aeroApiOut":null,"firstTrackMovement":null},"fr24":{"flightId":null,"status":"DISABLED","firstTrackMovement":null,"summaryOut":null},"adsb":{"firstTrackMovement":null,"positionAgeSec":1,"groundspeedKt":0,"distanceFromParkedNm":0},"inbound":{"parkedPosition":{"lat":41.9786,"lon":-87.9048,"at":1790952630000},"selectedPush":null,"pushLatch":null,"taxiOutLatch":null,"finalPushUnix":null,"finalPushSource":null,"phaseStatePersistenceOnLoad":"ok"}}
[departure-telemetry] {
  callsignRequested: 'UA219',
  flightInstance: 'leg:v1:UAL219|2026-10-02|ORD|HNL',
  currentStage: 'origin_gate',
  pushLatched: false,
  taxiOutLatched: false,
  pushTimestamp: null,
  pushTimestampSource: null,
  firstDepartureMovement: false,
  rawTaxiHint: false,
  stageTaxiHint: false,
  taxiThresholdKt: 6,
  parkedObservedSec: 0,
  stationaryAtStand: true,
  awayFromPassengerGateArea: false,
  providerGateOut: { scheduled: 1790952900, estimated: null, actual: null },
  providerGateOutPublic: { scheduled: 1790952900, estimated: null, actual: null },
  groundspeedKt: 0,
  onGround: true,
  distanceFromParkedNm: 0,
  positionAgeSec: 1,
  positionSource: 'adsb'
}
[push-evidence] {"callsignRequested":"UA219","flightInstance":"leg:v1:UAL219|2026-10-02|ORD|HNL","flightaware":{"flightId":"UAL219-1790952900-schedule-0001","publicGateOut":{"scheduled":1790952900,"estimated":null,"actual":null},"aeroApiOut":null,"firstTrackMovement":null},"fr24":{"flightId":null,"status":"DISABLED","firstTrackMovement":null,"summaryOut":null},"adsb":{"firstTrackMovement":null,"positionAgeSec":1,"groundspeedKt":0,"distanceFromParkedNm":0},"inbound":{"parkedPosition":{"lat":41.9786,"lon":-87.9048,"at":1790952660000},"selectedPush":null,"pushLatch":null,"taxiOutLatch":null,"finalPushUnix":null,"finalPushSource":null,"phaseStatePersistenceOnLoad":"ok"}}
[departure-telemetry] {
  callsignRequested: 'UA219',
  flightInstance: 'leg:v1:UAL219|2026-10-02|ORD|HNL',
  currentStage: 'origin_gate',
  pushLatched: false,
  taxiOutLatched: false,
  pushTimestamp: null,
  pushTimestampSource: null,
  firstDepartureMovement: false,
  rawTaxiHint: false,
  stageTaxiHint: false,
  taxiThresholdKt: 6,
  parkedObservedSec: 0,
  stationaryAtStand: true,
  awayFromPassengerGateArea: false,
  providerGateOut: { scheduled: 1790952900, estimated: null, actual: null },
  providerGateOutPublic: { scheduled: 1790952900, estimated: null, actual: null },
  groundspeedKt: 0,
  onGround: true,
  distanceFromParkedNm: 0,
  positionAgeSec: 1,
  positionSource: 'adsb'
}
[push-evidence] {"callsignRequested":"UA219","flightInstance":"leg:v1:UAL219|2026-10-02|ORD|HNL","flightaware":{"flightId":"UAL219-1790952900-schedule-0001","publicGateOut":{"scheduled":1790952900,"estimated":null,"actual":null},"aeroApiOut":null,"firstTrackMovement":null},"fr24":{"flightId":null,"status":"DISABLED","firstTrackMovement":null,"summaryOut":null},"adsb":{"firstTrackMovement":null,"positionAgeSec":1,"groundspeedKt":0,"distanceFromParkedNm":0},"inbound":{"parkedPosition":{"lat":41.9786,"lon":-87.9048,"at":1790952690000},"selectedPush":null,"pushLatch":null,"taxiOutLatch":null,"finalPushUnix":null,"finalPushSource":null,"phaseStatePersistenceOnLoad":"ok"}}
[departure-telemetry] {
  callsignRequested: 'UA219',
  flightInstance: 'leg:v1:UAL219|2026-10-02|ORD|HNL',
  currentStage: 'origin_gate',
  pushLatched: false,
  taxiOutLatched: false,
  pushTimestamp: null,
  pushTimestampSource: null,
  firstDepartureMovement: false,
  rawTaxiHint: false,
  stageTaxiHint: false,
  taxiThresholdKt: 6,
  parkedObservedSec: 0,
  stationaryAtStand: true,
  awayFromPassengerGateArea: false,
  providerGateOut: { scheduled: 1790952900, estimated: null, actual: null },
  providerGateOutPublic: { scheduled: 1790952900, estimated: null, actual: null },
  groundspeedKt: 0,
  onGround: true,
  distanceFromParkedNm: 0,
  positionAgeSec: 1,
  positionSource: 'adsb'
}
[push-evidence] {"callsignRequested":"UA219","flightInstance":"leg:v1:UAL219|2026-10-02|ORD|HNL","flightaware":{"flightId":"UAL219-1790952900-schedule-0001","publicGateOut":{"scheduled":1790952900,"estimated":null,"actual":null},"aeroApiOut":null,"firstTrackMovement":null},"fr24":{"flightId":null,"status":"DISABLED","firstTrackMovement":null,"summaryOut":null},"adsb":{"firstTrackMovement":null,"positionAgeSec":1,"groundspeedKt":0,"distanceFromParkedNm":0},"inbound":{"parkedPosition":{"lat":41.9786,"lon":-87.9048,"at":1790952720000},"selectedPush":null,"pushLatch":null,"taxiOutLatch":null,"finalPushUnix":null,"finalPushSource":null,"phaseStatePersistenceOnLoad":"ok"}}
[departure-telemetry] {
  callsignRequested: 'UA219',
  flightInstance: 'leg:v1:UAL219|2026-10-02|ORD|HNL',
  currentStage: 'origin_gate',
  pushLatched: false,
  taxiOutLatched: false,
  pushTimestamp: null,
  pushTimestampSource: null,
  firstDepartureMovement: false,
  rawTaxiHint: false,
  stageTaxiHint: false,
  taxiThresholdKt: 6,
  parkedObservedSec: 0,
  stationaryAtStand: true,
  awayFromPassengerGateArea: false,
  providerGateOut: { scheduled: 1790952900, estimated: null, actual: null },
  providerGateOutPublic: { scheduled: 1790952900, estimated: null, actual: null },
  groundspeedKt: 0,
  onGround: true,
  distanceFromParkedNm: 0,
  positionAgeSec: 1,
  positionSource: 'adsb'
}
[push-evidence] {"callsignRequested":"UA219","flightInstance":"leg:v1:UAL219|2026-10-02|ORD|HNL","flightaware":{"flightId":"UAL219-1790952900-schedule-0001","publicGateOut":{"scheduled":1790952900,"estimated":null,"actual":null},"aeroApiOut":null,"firstTrackMovement":null},"fr24":{"flightId":null,"status":"DISABLED","firstTrackMovement":null,"summaryOut":null},"adsb":{"firstTrackMovement":null,"positionAgeSec":1,"groundspeedKt":0,"distanceFromParkedNm":0},"inbound":{"parkedPosition":{"lat":41.9786,"lon":-87.9048,"at":1790952750000},"selectedPush":null,"pushLatch":null,"taxiOutLatch":null,"finalPushUnix":null,"finalPushSource":null,"phaseStatePersistenceOnLoad":"ok"}}
[departure-telemetry] {
  callsignRequested: 'UA219',
  flightInstance: 'leg:v1:UAL219|2026-10-02|ORD|HNL',
  currentStage: 'origin_gate',
  pushLatched: false,
  taxiOutLatched: false,
  pushTimestamp: null,
  pushTimestampSource: null,
  firstDepartureMovement: false,
  rawTaxiHint: false,
  stageTaxiHint: false,
  taxiThresholdKt: 6,
  parkedObservedSec: 0,
  stationaryAtStand: true,
  awayFromPassengerGateArea: false,
  providerGateOut: { scheduled: 1790952900, estimated: null, actual: null },
  providerGateOutPublic: { scheduled: 1790952900, estimated: null, actual: null },
  groundspeedKt: 0,
  onGround: true,
  distanceFromParkedNm: 0,
  positionAgeSec: 1,
  positionSource: 'adsb'
}
[push-evidence] {"callsignRequested":"UA219","flightInstance":"leg:v1:UAL219|2026-10-02|ORD|HNL","flightaware":{"flightId":"UAL219-1790952900-schedule-0001","publicGateOut":{"scheduled":1790952900,"estimated":null,"actual":null},"aeroApiOut":null,"firstTrackMovement":null},"fr24":{"flightId":null,"status":"DISABLED","firstTrackMovement":null,"summaryOut":null},"adsb":{"firstTrackMovement":null,"positionAgeSec":1,"groundspeedKt":0,"distanceFromParkedNm":0},"inbound":{"parkedPosition":{"lat":41.9786,"lon":-87.9048,"at":1790952780000},"selectedPush":null,"pushLatch":null,"taxiOutLatch":null,"finalPushUnix":null,"finalPushSource":null,"phaseStatePersistenceOnLoad":"ok"}}
[departure-telemetry] {
  callsignRequested: 'UA219',
  flightInstance: 'leg:v1:UAL219|2026-10-02|ORD|HNL',
  currentStage: 'origin_gate',
  pushLatched: false,
  taxiOutLatched: false,
  pushTimestamp: null,
  pushTimestampSource: null,
  firstDepartureMovement: false,
  rawTaxiHint: false,
  stageTaxiHint: false,
  taxiThresholdKt: 6,
  parkedObservedSec: 0,
  stationaryAtStand: true,
  awayFromPassengerGateArea: false,
  providerGateOut: { scheduled: 1790952900, estimated: null, actual: null },
  providerGateOutPublic: { scheduled: 1790952900, estimated: null, actual: null },
  groundspeedKt: 0,
  onGround: true,
  distanceFromParkedNm: 0,
  positionAgeSec: 1,
  positionSource: 'adsb'
}
[push-evidence] {"callsignRequested":"UA219","flightInstance":"leg:v1:UAL219|2026-10-02|ORD|HNL","flightaware":{"flightId":"UAL219-1790952900-schedule-0001","publicGateOut":{"scheduled":1790952900,"estimated":null,"actual":null},"aeroApiOut":null,"firstTrackMovement":null},"fr24":{"flightId":null,"status":"DISABLED","firstTrackMovement":null,"summaryOut":null},"adsb":{"firstTrackMovement":null,"positionAgeSec":1,"groundspeedKt":0,"distanceFromParkedNm":0},"inbound":{"parkedPosition":{"lat":41.9786,"lon":-87.9048,"at":1790952810000},"selectedPush":null,"pushLatch":null,"taxiOutLatch":null,"finalPushUnix":null,"finalPushSource":null,"phaseStatePersistenceOnLoad":"ok"}}
[departure-telemetry] {
  callsignRequested: 'UA219',
  flightInstance: 'leg:v1:UAL219|2026-10-02|ORD|HNL',
  currentStage: 'origin_gate',
  pushLatched: false,
  taxiOutLatched: false,
  pushTimestamp: null,
  pushTimestampSource: null,
  firstDepartureMovement: false,
  rawTaxiHint: false,
  stageTaxiHint: false,
  taxiThresholdKt: 6,
  parkedObservedSec: 0,
  stationaryAtStand: true,
  awayFromPassengerGateArea: false,
  providerGateOut: { scheduled: 1790952900, estimated: null, actual: null },
  providerGateOutPublic: { scheduled: 1790952900, estimated: null, actual: null },
  groundspeedKt: 0,
  onGround: true,
  distanceFromParkedNm: 0,
  positionAgeSec: 1,
  positionSource: 'adsb'
}
[push-evidence] {"callsignRequested":"UA219","flightInstance":"leg:v1:UAL219|2026-10-02|ORD|HNL","flightaware":{"flightId":"UAL219-1790952900-schedule-0001","publicGateOut":{"scheduled":1790952900,"estimated":null,"actual":null},"aeroApiOut":null,"firstTrackMovement":null},"fr24":{"flightId":null,"status":"DISABLED","firstTrackMovement":null,"summaryOut":null},"adsb":{"firstTrackMovement":null,"positionAgeSec":1,"groundspeedKt":0,"distanceFromParkedNm":0},"inbound":{"parkedPosition":{"lat":41.9786,"lon":-87.9048,"at":1790952840000},"selectedPush":null,"pushLatch":null,"taxiOutLatch":null,"finalPushUnix":null,"finalPushSource":null,"phaseStatePersistenceOnLoad":"ok"}}
[departure-telemetry] {
  callsignRequested: 'UA219',
  flightInstance: 'leg:v1:UAL219|2026-10-02|ORD|HNL',
  currentStage: 'origin_gate',
  pushLatched: false,
  taxiOutLatched: false,
  pushTimestamp: null,
  pushTimestampSource: null,
  firstDepartureMovement: false,
  rawTaxiHint: false,
  stageTaxiHint: false,
  taxiThresholdKt: 6,
  parkedObservedSec: 0,
  stationaryAtStand: true,
  awayFromPassengerGateArea: false,
  providerGateOut: { scheduled: 1790952900, estimated: null, actual: null },
  providerGateOutPublic: { scheduled: 1790952900, estimated: null, actual: null },
  groundspeedKt: 0,
  onGround: true,
  distanceFromParkedNm: 0,
  positionAgeSec: 1,
  positionSource: 'adsb'
}
[push-evidence] {"callsignRequested":"UA219","flightInstance":"leg:v1:UAL219|2026-10-02|ORD|HNL","flightaware":{"flightId":"UAL219-1790952900-schedule-0001","publicGateOut":{"scheduled":1790952900,"estimated":null,"actual":null},"aeroApiOut":null,"firstTrackMovement":null},"fr24":{"flightId":null,"status":"DISABLED","firstTrackMovement":null,"summaryOut":null},"adsb":{"firstTrackMovement":null,"positionAgeSec":1,"groundspeedKt":0,"distanceFromParkedNm":0},"inbound":{"parkedPosition":{"lat":41.9786,"lon":-87.9048,"at":1790952870000},"selectedPush":null,"pushLatch":null,"taxiOutLatch":null,"finalPushUnix":null,"finalPushSource":null,"phaseStatePersistenceOnLoad":"ok"}}
✔ cold airborne and at-gate polls save route state only when changed, once per poll (7999.976601ms)
[aeroapi] key unavailable; using public feed
[schedule-fallback-unavailable] {
  callsign: 'UAL219',
  reason: 'Current flight route unavailable: schedule provider returned HTTP 402 (unidentified response; host=www.flightaware.com; server=absent; type=absent; bodyChars=0; branding=unidentifi'
}
{"event":"fr24_upstream_request","timestamp":"2026-10-02T14:54:00.000Z","callsign":null,"registration":null,"endpoint":"/live/flight-positions/full","cache":"miss"}
{"event":"fr24_flight_number_match","requested":"UAL219","flightNumber":"UA219","flightId":"fixture-fr24-219","callsign":"UAL219"}
{"event":"fr24_live_leg_fallback","requested":"UAL219","flightId":"fixture-fr24-219","origin":"ORD","destination":"HNL"}
{"event":"canonical_leg_key_unavailable","reason":"missing_scheduled","requested":"UAL219","ident":"UAL219","origin":"ORD","destination":"HNL","scheduledDeparture":null,"serviceDate":null}
[departure-telemetry] {
  callsignRequested: 'UA219',
  flightInstance: 'leg:unvalidated:UAL219|ORD|HNL|2026-10-02',
  currentStage: 'origin_gate',
  pushLatched: false,
  taxiOutLatched: false,
  pushTimestamp: null,
  pushTimestampSource: null,
  firstDepartureMovement: false,
  rawTaxiHint: false,
  stageTaxiHint: false,
  taxiThresholdKt: 6,
  parkedObservedSec: 0,
  stationaryAtStand: true,
  awayFromPassengerGateArea: false,
  providerGateOut: { scheduled: null, estimated: null, actual: null },
  providerGateOutPublic: { scheduled: null, estimated: null, actual: null },
  groundspeedKt: 0,
  onGround: true,
  distanceFromParkedNm: 0,
  positionAgeSec: 0,
  positionSource: 'fr24'
}
[push-evidence] {"callsignRequested":"UA219","flightInstance":"leg:unvalidated:UAL219|ORD|HNL|2026-10-02","flightaware":{"flightId":"fixture-fr24-219","publicGateOut":{"scheduled":null,"estimated":null,"actual":null},"aeroApiOut":null,"firstTrackMovement":null},"fr24":{"flightId":"fixture-fr24-219","status":"ACTIVE","firstTrackMovement":null,"summaryOut":{"scheduled":null,"estimated":null,"actual":null}},"adsb":{"firstTrackMovement":null,"positionAgeSec":0,"groundspeedKt":0,"distanceFromParkedNm":0},"inbound":{"parkedPosition":{"lat":41.9786,"lon":-87.9048,"at":1790952840000},"selectedPush":null,"pushLatch":null,"taxiOutLatch":null,"finalPushUnix":null,"finalPushSource":null,"phaseStatePersistenceOnLoad":"ok"}}
[story-request] {"scheduleSource":"fr24_live","fallbackOutcome":"fr24_used","cacheStatus":"miss","event":"story_request","requested":"UA219","fresh":true,"durationMs":220,"outcome":"ok","errorCategory":null}
[schedule-fallback-unavailable] {
  callsign: 'UAL219',
  reason: 'Current flight route unavailable: schedule provider returned HTTP 402 (unidentified response; host=www.flightaware.com; server=absent; type=absent; bodyChars=0; branding=unidentifi'
}
{"event":"fr24_upstream_request","timestamp":"2026-10-02T14:54:10.000Z","callsign":null,"registration":null,"endpoint":"/live/flight-positions/full","cache":"miss"}
{"event":"fr24_live_leg_fallback","requested":"UAL219","flightId":"fixture-fr24-219","origin":"ORD","destination":"HNL"}
{"event":"canonical_leg_key_unavailable","reason":"missing_scheduled","requested":"UAL219","ident":"UAL219","origin":"ORD","destination":"HNL","scheduledDeparture":null,"serviceDate":null}
[departure-telemetry] {
  callsignRequested: 'UA219',
  flightInstance: 'leg:unvalidated:UAL219|ORD|HNL|2026-10-02',
  currentStage: 'push',
  pushLatched: true,
  taxiOutLatched: false,
  pushTimestamp: 1790952850,
  pushTimestampSource: 'live_detected',
  firstDepartureMovement: true,
  rawTaxiHint: false,
  stageTaxiHint: false,
  taxiThresholdKt: 6,
  parkedObservedSec: 10,
  stationaryAtStand: false,
  awayFromPassengerGateArea: false,
  providerGateOut: { scheduled: null, estimated: null, actual: null },
  providerGateOutPublic: { scheduled: null, estimated: null, actual: null },
  groundspeedKt: 4,
  onGround: true,
  distanceFromParkedNm: 0.05356051193641675,
  positionAgeSec: 0,
  positionSource: 'fr24'
}
[push-evidence] {"callsignRequested":"UA219","flightInstance":"leg:unvalidated:UAL219|ORD|HNL|2026-10-02","flightaware":{"flightId":"fixture-fr24-219","publicGateOut":{"scheduled":null,"estimated":null,"actual":null},"aeroApiOut":null,"firstTrackMovement":null},"fr24":{"flightId":"fixture-fr24-219","status":"ACTIVE","firstTrackMovement":null,"summaryOut":{"scheduled":null,"estimated":null,"actual":null}},"adsb":{"firstTrackMovement":null,"positionAgeSec":0,"groundspeedKt":4,"distanceFromParkedNm":0.05356051193641675},"inbound":{"parkedPosition":{"lat":41.9786,"lon":-87.9048,"at":1790952840000},"selectedPush":null,"pushLatch":{"unix":1790952850,"source":"live_detected","live":true,"at":1790952850},"taxiOutLatch":null,"finalPushUnix":1790952850,"finalPushSource":"live_detected","phaseStatePersistenceOnLoad":"ok"}}
[story-request] {"scheduleSource":"fr24_live","fallbackOutcome":"fr24_used","cacheStatus":"miss","event":"story_request","requested":"UA219","fresh":true,"durationMs":92,"outcome":"ok","errorCategory":null}
[aeroapi] key unavailable; using public feed
[schedule-fallback-unavailable] {
  callsign: 'UAL219',
  reason: 'Current flight route unavailable: schedule provider returned HTTP 402 (unidentified response; host=www.flightaware.com; server=absent; type=absent; bodyChars=0; branding=unidentifi'
}
{"event":"fr24_upstream_request","timestamp":"2026-10-02T14:54:20.000Z","callsign":null,"registration":null,"endpoint":"/live/flight-positions/full","cache":"miss"}
{"event":"fr24_flight_number_match","requested":"UAL219","flightNumber":"UA219","flightId":"fixture-fr24-219","callsign":"UAL219"}
{"event":"fr24_live_leg_fallback","requested":"UAL219","flightId":"fixture-fr24-219","origin":"ORD","destination":"HNL"}
{"event":"canonical_leg_key_unavailable","reason":"missing_scheduled","requested":"UAL219","ident":"UAL219","origin":"ORD","destination":"HNL","scheduledDeparture":null,"serviceDate":null}
[departure-telemetry] {
  callsignRequested: 'UA219',
  flightInstance: 'leg:unvalidated:UAL219|ORD|HNL|2026-10-02',
  currentStage: 'taxi',
  pushLatched: true,
  taxiOutLatched: true,
  pushTimestamp: 1790952850,
  pushTimestampSource: 'live_detected',
  firstDepartureMovement: false,
  rawTaxiHint: true,
  stageTaxiHint: true,
  taxiThresholdKt: 6,
  parkedObservedSec: 0,
  stationaryAtStand: false,
  awayFromPassengerGateArea: false,
  providerGateOut: { scheduled: null, estimated: null, actual: null },
  providerGateOutPublic: { scheduled: null, estimated: null, actual: null },
  groundspeedKt: 15,
  onGround: true,
  distanceFromParkedNm: null,
  positionAgeSec: 0,
  positionSource: 'fr24'
}
[push-evidence] {"callsignRequested":"UA219","flightInstance":"leg:unvalidated:UAL219|ORD|HNL|2026-10-02","flightaware":{"flightId":"fixture-fr24-219","publicGateOut":{"scheduled":null,"estimated":null,"actual":null},"aeroApiOut":null,"firstTrackMovement":null},"fr24":{"flightId":"fixture-fr24-219","status":"ACTIVE","firstTrackMovement":null,"summaryOut":{"scheduled":null,"estimated":null,"actual":null}},"adsb":{"firstTrackMovement":null,"positionAgeSec":0,"groundspeedKt":15,"distanceFromParkedNm":null},"inbound":{"parkedPosition":null,"selectedPush":null,"pushLatch":{"unix":1790952850,"source":"live_detected","live":true,"at":1790952860},"taxiOutLatch":{"at":1790952860},"finalPushUnix":1790952850,"finalPushSource":"live_detected","phaseStatePersistenceOnLoad":"ok"}}
[story-request] {"scheduleSource":"fr24_live","fallbackOutcome":"fr24_used","cacheStatus":"miss","event":"story_request","requested":"UA219","fresh":true,"durationMs":127,"outcome":"ok","errorCategory":null}
[aeroapi] key unavailable; using public feed
[schedule-fallback-unavailable] {
  callsign: 'UAL219',
  reason: 'Current flight route unavailable: schedule provider returned HTTP 402 (unidentified response; host=www.flightaware.com; server=absent; type=absent; bodyChars=0; branding=unidentifi'
}
{"event":"fr24_upstream_request","timestamp":"2026-10-02T14:54:20.000Z","callsign":null,"registration":null,"endpoint":"/live/flight-positions/full","cache":"miss"}
{"event":"fr24_flight_number_match","requested":"UAL219","flightNumber":"UA219","flightId":"fixture-fr24-219","callsign":"UAL219"}
{"event":"fr24_live_leg_fallback","requested":"UAL219","flightId":"fixture-fr24-219","origin":"ORD","destination":"HNL"}
{"event":"canonical_leg_key_unavailable","reason":"missing_scheduled","requested":"UAL219","ident":"UAL219","origin":"ORD","destination":"HNL","scheduledDeparture":null,"serviceDate":null}
[departure-telemetry] {
  callsignRequested: 'UA219',
  flightInstance: 'leg:unvalidated:UAL219|ORD|HNL|2026-10-02',
  currentStage: 'taxi',
  pushLatched: true,
  taxiOutLatched: true,
  pushTimestamp: 1790952850,
  pushTimestampSource: 'live_detected',
  firstDepartureMovement: false,
  rawTaxiHint: true,
  stageTaxiHint: true,
  taxiThresholdKt: 6,
  parkedObservedSec: 0,
  stationaryAtStand: false,
  awayFromPassengerGateArea: false,
  providerGateOut: { scheduled: null, estimated: null, actual: null },
  providerGateOutPublic: { scheduled: null, estimated: null, actual: null },
  groundspeedKt: 15,
  onGround: true,
  distanceFromParkedNm: null,
  positionAgeSec: 0,
  positionSource: 'fr24'
}
[push-evidence] {"callsignRequested":"UA219","flightInstance":"leg:unvalidated:UAL219|ORD|HNL|2026-10-02","flightaware":{"flightId":"fixture-fr24-219","publicGateOut":{"scheduled":null,"estimated":null,"actual":null},"aeroApiOut":null,"firstTrackMovement":null},"fr24":{"flightId":"fixture-fr24-219","status":"ACTIVE","firstTrackMovement":null,"summaryOut":{"scheduled":null,"estimated":null,"actual":null}},"adsb":{"firstTrackMovement":null,"positionAgeSec":0,"groundspeedKt":15,"distanceFromParkedNm":null},"inbound":{"parkedPosition":null,"selectedPush":null,"pushLatch":{"unix":1790952850,"source":"live_detected","live":true,"at":1790952860},"taxiOutLatch":{"at":1790952860},"finalPushUnix":1790952850,"finalPushSource":"live_detected","phaseStatePersistenceOnLoad":"ok"}}
[story-request] {"scheduleSource":"fr24_live","fallbackOutcome":"fr24_used","cacheStatus":"miss","event":"story_request","requested":"UA219","fresh":true,"durationMs":56,"outcome":"ok","errorCategory":null}
{"event":"fr24_upstream_request","timestamp":"2026-10-02T14:55:30.000Z","callsign":null,"registration":null,"endpoint":"/live/flight-positions/full","cache":"miss"}
{"event":"fr24_flight_number_match","requested":"UAL219","flightNumber":"UA219","flightId":"fixture-fr24-219","callsign":"UAL219"}
[departure-telemetry] {
  callsignRequested: 'UA219',
  flightInstance: 'leg:v1:UAL219|2026-10-02|ORD|HNL',
  currentStage: 'taxi',
  pushLatched: true,
  taxiOutLatched: true,
  pushTimestamp: 1790952850,
  pushTimestampSource: 'live_detected',
  firstDepartureMovement: false,
  rawTaxiHint: true,
  stageTaxiHint: true,
  taxiThresholdKt: 6,
  parkedObservedSec: 0,
  stationaryAtStand: false,
  awayFromPassengerGateArea: false,
  providerGateOut: { scheduled: 1790952900, estimated: null, actual: null },
  providerGateOutPublic: { scheduled: 1790952900, estimated: null, actual: null },
  groundspeedKt: 15,
  onGround: true,
  distanceFromParkedNm: null,
  positionAgeSec: 0,
  positionSource: 'fr24'
}
[push-evidence] {"callsignRequested":"UA219","flightInstance":"leg:v1:UAL219|2026-10-02|ORD|HNL","flightaware":{"flightId":"UAL219-1790952900-schedule-0001","publicGateOut":{"scheduled":1790952900,"estimated":null,"actual":null},"aeroApiOut":null,"firstTrackMovement":null},"fr24":{"flightId":"fixture-fr24-219","status":"ACTIVE","firstTrackMovement":null,"summaryOut":{"scheduled":null,"estimated":null,"actual":null}},"adsb":{"firstTrackMovement":null,"positionAgeSec":0,"groundspeedKt":15,"distanceFromParkedNm":null},"inbound":{"parkedPosition":null,"selectedPush":null,"pushLatch":{"unix":1790952850,"source":"live_detected","live":true,"at":1790952930},"taxiOutLatch":{"at":1790952930},"finalPushUnix":1790952850,"finalPushSource":"live_detected","phaseStatePersistenceOnLoad":"ok"}}
[story-request] {"scheduleSource":"flightaware_public","fallbackOutcome":"not_needed","cacheStatus":"miss","event":"story_request","requested":"UA219","fresh":true,"durationMs":59,"outcome":"ok","errorCategory":null}
[flightstats-schedule] {
  callsign: 'UAL219',
  date: '2026-10-02',
  origin: 'ORD',
  destination: 'HNL',
  status: 'departed',
  gateOut: 1790955180,
  gateIn: 1790987280,
  candidates: 1
}
{"event":"fr24_upstream_request","timestamp":"2026-10-02T14:55:40.000Z","callsign":null,"registration":null,"endpoint":"/live/flight-positions/full","cache":"miss"}
{"event":"fr24_flight_number_match","requested":"UAL219","flightNumber":"UA219","flightId":"fixture-fr24-219","callsign":"UAL219"}
[departure-telemetry] {
  callsignRequested: 'UA219',
  flightInstance: 'leg:v1:UAL219|2026-10-02|ORD|HNL',
  currentStage: 'taxi',
  pushLatched: true,
  taxiOutLatched: true,
  pushTimestamp: 1790952850,
  pushTimestampSource: 'live_detected',
  firstDepartureMovement: false,
  rawTaxiHint: true,
  stageTaxiHint: true,
  taxiThresholdKt: 6,
  parkedObservedSec: 0,
  stationaryAtStand: false,
  awayFromPassengerGateArea: false,
  providerGateOut: { scheduled: 1790954100, estimated: null, actual: 1790955180 },
  providerGateOutPublic: { scheduled: 1790954100, estimated: null, actual: 1790955180 },
  groundspeedKt: 15,
  onGround: true,
  distanceFromParkedNm: null,
  positionAgeSec: 0,
  positionSource: 'fr24'
}
[push-evidence] {"callsignRequested":"UA219","flightInstance":"leg:v1:UAL219|2026-10-02|ORD|HNL","flightaware":{"flightId":null,"publicGateOut":{"scheduled":1790954100,"estimated":null,"actual":1790955180},"aeroApiOut":null,"firstTrackMovement":null},"fr24":{"flightId":"fixture-fr24-219","status":"ACTIVE","firstTrackMovement":null,"summaryOut":{"scheduled":null,"estimated":null,"actual":null}},"adsb":{"firstTrackMovement":null,"positionAgeSec":0,"groundspeedKt":15,"distanceFromParkedNm":null},"inbound":{"parkedPosition":null,"selectedPush":null,"pushLatch":{"unix":1790952850,"source":"live_detected","live":true,"at":1790952940},"taxiOutLatch":{"at":1790952940},"finalPushUnix":1790952850,"finalPushSource":"live_detected","phaseStatePersistenceOnLoad":"ok"}}
[story-request] {"scheduleSource":"flightstats_public","fallbackOutcome":"flightstats_used","cacheStatus":"miss","event":"story_request","requested":"UA219","fresh":true,"durationMs":40,"outcome":"ok","errorCategory":null}
{"event":"fr24_upstream_request","timestamp":"2026-10-02T14:56:50.000Z","callsign":null,"registration":null,"endpoint":"/live/flight-positions/full","cache":"miss"}
[departure-telemetry] {
  callsignRequested: 'UA219',
  flightInstance: 'leg:v1:UAL219|2026-10-02|ORD|HNL',
  currentStage: 'taxi',
  pushLatched: true,
  taxiOutLatched: true,
  pushTimestamp: 1790952850,
  pushTimestampSource: 'live_detected',
  firstDepartureMovement: false,
  rawTaxiHint: true,
  stageTaxiHint: true,
  taxiThresholdKt: 6,
  parkedObservedSec: 0,
  stationaryAtStand: false,
  awayFromPassengerGateArea: false,
  providerGateOut: { scheduled: 1790952900, estimated: null, actual: null },
  providerGateOutPublic: { scheduled: 1790952900, estimated: null, actual: null },
  groundspeedKt: 15,
  onGround: true,
  distanceFromParkedNm: null,
  positionAgeSec: 0,
  positionSource: 'fr24'
}
[push-evidence] {"callsignRequested":"UA219","flightInstance":"leg:v1:UAL219|2026-10-02|ORD|HNL","flightaware":{"flightId":"UAL219-1790952900-schedule-0001","publicGateOut":{"scheduled":1790952900,"estimated":null,"actual":null},"aeroApiOut":null,"firstTrackMovement":null},"fr24":{"flightId":"fixture-fr24-219","status":"ACTIVE","firstTrackMovement":null,"summaryOut":{"scheduled":null,"estimated":null,"actual":null}},"adsb":{"firstTrackMovement":null,"positionAgeSec":0,"groundspeedKt":15,"distanceFromParkedNm":null},"inbound":{"parkedPosition":null,"selectedPush":null,"pushLatch":{"unix":1790952850,"source":"live_detected","live":true,"at":1790953010},"taxiOutLatch":{"at":1790953010},"finalPushUnix":1790952850,"finalPushSource":"live_detected","phaseStatePersistenceOnLoad":"ok"}}
[story-request] {"scheduleSource":"flightaware_public","fallbackOutcome":"not_needed","cacheStatus":"miss","event":"story_request","requested":"UA219","fresh":true,"durationMs":37,"outcome":"ok","errorCategory":null}
✔ FR24-only no schedule: cold taxi stories have null originals and no Scheduled rows in all five views (5241.010934ms)
✔ FR24 estimated/actual-only timestamps never seed original schedules (3.989595ms)
✔ late join uses the true reference kind; no reference or an existing taxi checkpoint keeps the detection (2.333917ms)
✔ push sanitization uses schedule or explicit estimate without promoting kinds; no reference retains even a future detection (10.549033ms)
✔ legacy resume scheduled stamps require an explicit scheduled kind and never trust contaminated originals (6.829096ms)
✔ real schedule memory survives provider-ID/fallback/back and partial stamps; eight-hour slip never promotes an estimate (3.008975ms)
✔ original memories isolate different-day and different-route legs (0.326205ms)
✔ client schedule and briefing keys plus baggage/history dates are stable before/after original clearing (7.395544ms)
✔ existing saved briefing history is retained when the dated state key becomes the primary key (1.231945ms)
✔ preview: a successful sign-out clears the token, then redirects (2.353458ms)
✔ preview: a rejected sign-out still clears the token and redirects (0.288588ms)
✔ preview: a sign-out that throws synchronously still clears and redirects (0.237252ms)
✔ preview: a sign-out that never settles clears and redirects once the wait expires (14.114289ms)
✔ preview: no bearer means nothing to invalidate, so no request is made (0.423564ms)
✔ preview: a stored bearer is still invalidated server-side (0.211889ms)
✔ deployed: a confirmed sign-out clears the token, then redirects (0.343642ms)
✔ deployed: a sign-out that never settles throws and does NOT redirect (22.675815ms)
✔ deployed: a rejected sign-out throws and does NOT redirect (0.694893ms)
✔ deployed: the timeout is distinguishable from a rejection (21.464825ms)
✔ settleWithin reports the outcome and never rejects (19.7768ms)
✔ settleWithin waits its full window, then gives up rather than hanging (1.178199ms)
✔ pre-sign-in: the preview clear gives up at the preview bound (1.782524ms)
✔ pre-sign-in: a deployed session gets the deployed window, not the preview one (0.831135ms)
✔ pre-sign-in: a failed clear never blocks sign-in (0.328866ms)
✔ pre-sign-in: the preview skips the request when there is no bearer (0.175408ms)
✔ every sign-out bound comes from one rule (0.124897ms)
✔ the defaults are bounded, and deployed waits longer than preview (0.506213ms)
✔ observed airborne without a clock shows approximate elapsed and nonzero distance, keeping actual Takeoff empty (691.730383ms)
✔ taxiing movement and a taxi hold use the same direct Taxiing out label (24.503962ms)
✔ UA219 oceanic gap retains a provider ETA and labels it estimated, never a reset route ETA (4.432857ms)
✔ DL4820 surface takeoff roll activates Taxi, then confirmed airborne activates Flight without a takeoff clock (7.255092ms)
✔ wrappers and display retain the floor with missing, expired, or conflicting surface fixes, no provider requests (474.537225ms)
✔ resume preserves confirmed actual without upgrading estimates, strips ground checkpoint, validates exact date/route key (7.428708ms)
✔ previous server evidence carries only the same dated key through a DB outage response (0.490201ms)
✔ server revocation prevents a prior provider story or resume from reapplying the floor; observed proof survives (1.438887ms)
[aeroapi] key unavailable; using public feed
[flight-telemetry] {
  callsignRequested: 'UA219',
  callsign: 'UAL219',
  registration: 'N219UA',
  hex: 'a21900',
  destination: { iata: 'HNL', icao: 'PHNL', lat: 21.3187, lon: -157.9225 },
  livePosition: { lat: 24.95, lon: -153.1667 },
  altitudeFt: 36000,
  groundspeedKt: 462,
  onGround: false,
  track: 237,
  verticalRateFpm: null,
  phase: 'cruise',
  headingToDestinationDelta: 5.74751028259675,
  isFinalApproach: false,
  routeRemainingNm: 343.7217891419603,
  directToDestNm: 341.23417427770994,
  remainingNm: 343.7217891419603,
  etaMin: 47.469266664981845,
  currentStage: 'ride',
  arrivalStatus: 'airborne',
  ourLanded: false,
  positionProvider: 'flightaware-public',
  positionSeenAt: 1790983588,
  positionAgeSec: 63.84400010108948,
  flightawarePosition: null,
  fr24Position: null,
  adsbPosition: null,
  providerStatus: { flightaware: 'DISABLED', fr24: 'DISABLED' },
  providerEta: { flightaware: null, fr24: null },
  providerDistancesNm: {
    flightawareToFr24: null,
    flightawareToAdsb: null,
    fr24ToAdsb: null
  },
  fusionDisagreementNm: null,
  filedRouteDeviationNm: 45.04414723586649,
  displayPathSource: 'direct'
}
[story-request] {"scheduleSource":"flightaware_public","fallbackOutcome":"not_needed","cacheStatus":"miss","event":"story_request","requested":"UA219","fresh":true,"durationMs":118,"outcome":"ok","errorCategory":null}
[aeroapi] key unavailable; using public feed
[flightstats-schedule] {
  callsign: 'UAL219',
  date: '2026-10-02',
  origin: 'ORD',
  destination: 'HNL',
  status: 'departed',
  gateOut: 1790955180,
  gateIn: 1790987280,
  candidates: 1
}
[story-request] {"scheduleSource":"flightstats_public","fallbackOutcome":"flightstats_used","cacheStatus":"miss","event":"story_request","requested":"UA219","fresh":true,"durationMs":54,"outcome":"ok","errorCategory":null}
[aeroapi] key unavailable; using public feed
[flightstats-schedule] {
  callsign: 'UAL219',
  date: '2026-10-02',
  origin: 'ORD',
  destination: 'HNL',
  status: 'departed',
  gateOut: 1790955180,
  gateIn: 1790987280,
  candidates: 1
}
[story-request] {"scheduleSource":"flightstats_public","fallbackOutcome":"flightstats_used","cacheStatus":"miss","event":"story_request","requested":"UA219","fresh":true,"durationMs":35,"outcome":"ok","errorCategory":null}
[aeroapi] key unavailable; using public feed
[flightstats-schedule] {
  callsign: 'UAL219',
  date: '2026-10-02',
  origin: 'ORD',
  destination: 'HNL',
  status: 'departed',
  gateOut: 1790955180,
  gateIn: 1790987280,
  candidates: 1
}
[story-request] {"scheduleSource":"flightstats_public","fallbackOutcome":"flightstats_used","cacheStatus":"miss","event":"story_request","requested":"UA219","fresh":true,"durationMs":44,"outcome":"ok","errorCategory":null}
[aeroapi] key unavailable; using public feed
[flight-telemetry] {
  callsignRequested: 'UA219',
  callsign: 'UAL219',
  registration: 'N219UA',
  hex: 'a21900',
  destination: { iata: 'HNL', icao: 'PHNL', lat: 21.3187, lon: -157.9225 },
  livePosition: null,
  altitudeFt: null,
  groundspeedKt: null,
  onGround: null,
  track: null,
  verticalRateFpm: null,
  phase: null,
  headingToDestinationDelta: null,
  isFinalApproach: false,
  routeRemainingNm: 343.7217891419603,
  directToDestNm: null,
  remainingNm: 343.7217891419603,
  etaMin: 49.103112734565755,
  currentStage: 'ride',
  arrivalStatus: 'airborne',
  ourLanded: false,
  positionProvider: 'fallback',
  positionSeenAt: null,
  positionAgeSec: null,
  flightawarePosition: null,
  fr24Position: null,
  adsbPosition: null,
  providerStatus: { flightaware: 'DISABLED', fr24: 'DISABLED' },
  providerEta: { flightaware: null, fr24: null },
  providerDistancesNm: {
    flightawareToFr24: null,
    flightawareToAdsb: null,
    fr24ToAdsb: null
  },
  fusionDisagreementNm: null,
  filedRouteDeviationNm: null,
  displayPathSource: 'direct'
}
[story-request] {"scheduleSource":"flightaware_public","fallbackOutcome":"not_needed","cacheStatus":"miss","event":"story_request","requested":"UA219","fresh":true,"durationMs":43,"outcome":"ok","errorCategory":null}
[flightstats-schedule] {
  callsign: 'UAL219',
  date: '2026-10-02',
  origin: 'ORD',
  destination: 'HNL',
  status: 'departed',
  gateOut: 1790955180,
  gateIn: 1790987280,
  candidates: 1
}
[flight-phase-state] load failed Error: fixture DB unavailable
    at pg.query (file:///workspace/scratch/83746901af9a/inbound-route-enrichment/scripts/takeoff-floor-replay.test.mjs:110:49)
    at file:///workspace/scratch/edf34a5d3bf1/inbound/node_modules/.takeoff-replay-vl9OGD/story.mjs?instance=5:2809:20
    at sql (file:///workspace/scratch/edf34a5d3bf1/inbound/node_modules/.takeoff-replay-vl9OGD/story.mjs?instance=5:2755:10)
    at read (file:///workspace/scratch/edf34a5d3bf1/inbound/node_modules/.takeoff-replay-vl9OGD/story.mjs?instance=5:2875:51)
    at async load (file:///workspace/scratch/edf34a5d3bf1/inbound/node_modules/.takeoff-replay-vl9OGD/story.mjs?instance=5:2913:18)
    at async buildStory (file:///workspace/scratch/edf34a5d3bf1/inbound/node_modules/.takeoff-replay-vl9OGD/story.mjs?instance=5:10272:22)
    at async loadFlightStoryCore (file:///workspace/scratch/edf34a5d3bf1/inbound/node_modules/.takeoff-replay-vl9OGD/story.mjs?instance=5:11679:11)
    at async file:///workspace/scratch/edf34a5d3bf1/inbound/node_modules/.takeoff-replay-vl9OGD/story.mjs?instance=5:2633:19
    at async TestContext.<anonymous> (file:///workspace/scratch/83746901af9a/inbound-route-enrichment/scripts/takeoff-floor-replay.test.mjs:114:26)
    at async Test.run (node:internal/test_runner/test:1389:7)
[flight-phase-state] save failed Error: fixture DB unavailable
    at pg.query (file:///workspace/scratch/83746901af9a/inbound-route-enrichment/scripts/takeoff-floor-replay.test.mjs:110:49)
    at file:///workspace/scratch/edf34a5d3bf1/inbound/node_modules/.takeoff-replay-vl9OGD/story.mjs?instance=5:2809:20
    at sql (file:///workspace/scratch/edf34a5d3bf1/inbound/node_modules/.takeoff-replay-vl9OGD/story.mjs?instance=5:2755:10)
    at read (file:///workspace/scratch/edf34a5d3bf1/inbound/node_modules/.takeoff-replay-vl9OGD/story.mjs?instance=5:2875:51)
    at async save (file:///workspace/scratch/edf34a5d3bf1/inbound/node_modules/.takeoff-replay-vl9OGD/story.mjs?instance=5:2892:52)
    at async buildStory (file:///workspace/scratch/edf34a5d3bf1/inbound/node_modules/.takeoff-replay-vl9OGD/story.mjs?instance=5:11264:22)
    at async loadFlightStoryCore (file:///workspace/scratch/edf34a5d3bf1/inbound/node_modules/.takeoff-replay-vl9OGD/story.mjs?instance=5:11679:11)
    at async file:///workspace/scratch/edf34a5d3bf1/inbound/node_modules/.takeoff-replay-vl9OGD/story.mjs?instance=5:2633:19
    at async TestContext.<anonymous> (file:///workspace/scratch/83746901af9a/inbound-route-enrichment/scripts/takeoff-floor-replay.test.mjs:114:26)
    at async Test.run (node:internal/test_runner/test:1389:7)
[story-request] {"scheduleSource":"flightstats_public","fallbackOutcome":"flightstats_used","cacheStatus":"miss","event":"story_request","requested":"UA219","fresh":true,"durationMs":28,"outcome":"ok","errorCategory":null}
[aeroapi] key unavailable; using public feed
[flightstats-schedule] {
  callsign: 'UAL219',
  date: '2026-10-02',
  origin: 'ORD',
  destination: 'HNL',
  status: 'departed',
  gateOut: 1790955180,
  gateIn: 1790987280,
  candidates: 1
}
[flight-phase-state] load failed Error: fixture DB unavailable
    at pg.query (file:///workspace/scratch/83746901af9a/inbound-route-enrichment/scripts/takeoff-floor-replay.test.mjs:110:49)
    at file:///workspace/scratch/edf34a5d3bf1/inbound/node_modules/.takeoff-replay-vl9OGD/story.mjs?instance=6:2809:20
    at sql (file:///workspace/scratch/edf34a5d3bf1/inbound/node_modules/.takeoff-replay-vl9OGD/story.mjs?instance=6:2755:10)
    at read (file:///workspace/scratch/edf34a5d3bf1/inbound/node_modules/.takeoff-replay-vl9OGD/story.mjs?instance=6:2875:51)
    at async load (file:///workspace/scratch/edf34a5d3bf1/inbound/node_modules/.takeoff-replay-vl9OGD/story.mjs?instance=6:2913:18)
    at async buildStory (file:///workspace/scratch/edf34a5d3bf1/inbound/node_modules/.takeoff-replay-vl9OGD/story.mjs?instance=6:10272:22)
    at async loadFlightStoryCore (file:///workspace/scratch/edf34a5d3bf1/inbound/node_modules/.takeoff-replay-vl9OGD/story.mjs?instance=6:11679:11)
    at async file:///workspace/scratch/edf34a5d3bf1/inbound/node_modules/.takeoff-replay-vl9OGD/story.mjs?instance=6:2633:19
    at async TestContext.<anonymous> (file:///workspace/scratch/83746901af9a/inbound-route-enrichment/scripts/takeoff-floor-replay.test.mjs:116:26)
    at async Test.run (node:internal/test_runner/test:1389:7)
[flight-phase-state] save failed Error: fixture DB unavailable
    at pg.query (file:///workspace/scratch/83746901af9a/inbound-route-enrichment/scripts/takeoff-floor-replay.test.mjs:110:49)
    at file:///workspace/scratch/edf34a5d3bf1/inbound/node_modules/.takeoff-replay-vl9OGD/story.mjs?instance=6:2809:20
    at sql (file:///workspace/scratch/edf34a5d3bf1/inbound/node_modules/.takeoff-replay-vl9OGD/story.mjs?instance=6:2755:10)
    at read (file:///workspace/scratch/edf34a5d3bf1/inbound/node_modules/.takeoff-replay-vl9OGD/story.mjs?instance=6:2875:51)
    at async save (file:///workspace/scratch/edf34a5d3bf1/inbound/node_modules/.takeoff-replay-vl9OGD/story.mjs?instance=6:2892:52)
    at async buildStory (file:///workspace/scratch/edf34a5d3bf1/inbound/node_modules/.takeoff-replay-vl9OGD/story.mjs?instance=6:11264:22)
    at async loadFlightStoryCore (file:///workspace/scratch/edf34a5d3bf1/inbound/node_modules/.takeoff-replay-vl9OGD/story.mjs?instance=6:11679:11)
    at async file:///workspace/scratch/edf34a5d3bf1/inbound/node_modules/.takeoff-replay-vl9OGD/story.mjs?instance=6:2633:19
    at async TestContext.<anonymous> (file:///workspace/scratch/83746901af9a/inbound-route-enrichment/scripts/takeoff-floor-replay.test.mjs:116:26)
    at async Test.run (node:internal/test_runner/test:1389:7)
[departure-telemetry] {
  callsignRequested: 'UA219',
  flightInstance: 'leg:v1:UAL219|2026-10-02|ORD|HNL',
  currentStage: 'push',
  pushLatched: true,
  taxiOutLatched: false,
  pushTimestamp: 1790955180,
  pushTimestampSource: 'provider_actual',
  firstDepartureMovement: false,
  rawTaxiHint: false,
  stageTaxiHint: false,
  taxiThresholdKt: 6,
  parkedObservedSec: 0,
  stationaryAtStand: false,
  awayFromPassengerGateArea: false,
  providerGateOut: { scheduled: 1790954100, estimated: null, actual: 1790955180 },
  providerGateOutPublic: { scheduled: 1790954100, estimated: null, actual: 1790955180 },
  groundspeedKt: null,
  onGround: null,
  distanceFromParkedNm: null,
  positionAgeSec: null,
  positionSource: 'fallback'
}
[push-evidence] {"callsignRequested":"UA219","flightInstance":"leg:v1:UAL219|2026-10-02|ORD|HNL","flightaware":{"flightId":null,"publicGateOut":{"scheduled":1790954100,"estimated":null,"actual":1790955180},"aeroApiOut":null,"firstTrackMovement":null},"fr24":{"flightId":null,"status":"DISABLED","firstTrackMovement":null,"summaryOut":null},"adsb":{"firstTrackMovement":null,"positionAgeSec":null,"groundspeedKt":null,"distanceFromParkedNm":null},"inbound":{"parkedPosition":null,"selectedPush":{"unix":1790955180,"source":"provider_actual","evidence":null},"pushLatch":{"unix":1790955180,"source":"provider_actual","live":true,"at":1790994471.415},"taxiOutLatch":null,"finalPushUnix":1790955180,"finalPushSource":"provider_actual","phaseStatePersistenceOnLoad":"read_failed"}}
[story-request] {"scheduleSource":"flightstats_public","fallbackOutcome":"flightstats_used","cacheStatus":"miss","event":"story_request","requested":"UA219","fresh":true,"durationMs":52,"outcome":"ok","errorCategory":null}
[aeroapi] key unavailable; using public feed
[flight-phase-state] load failed Error: fixture DB unavailable
    at pg.query (file:///workspace/scratch/83746901af9a/inbound-route-enrichment/scripts/takeoff-floor-replay.test.mjs:110:49)
    at file:///workspace/scratch/edf34a5d3bf1/inbound/node_modules/.takeoff-replay-vl9OGD/story.mjs?instance=7:2809:20
    at sql (file:///workspace/scratch/edf34a5d3bf1/inbound/node_modules/.takeoff-replay-vl9OGD/story.mjs?instance=7:2755:10)
    at read (file:///workspace/scratch/edf34a5d3bf1/inbound/node_modules/.takeoff-replay-vl9OGD/story.mjs?instance=7:2875:51)
    at async load (file:///workspace/scratch/edf34a5d3bf1/inbound/node_modules/.takeoff-replay-vl9OGD/story.mjs?instance=7:2913:18)
    at async buildStory (file:///workspace/scratch/edf34a5d3bf1/inbound/node_modules/.takeoff-replay-vl9OGD/story.mjs?instance=7:10272:22)
    at async loadFlightStoryCore (file:///workspace/scratch/edf34a5d3bf1/inbound/node_modules/.takeoff-replay-vl9OGD/story.mjs?instance=7:11679:11)
    at async file:///workspace/scratch/edf34a5d3bf1/inbound/node_modules/.takeoff-replay-vl9OGD/story.mjs?instance=7:2633:19
    at async TestContext.<anonymous> (file:///workspace/scratch/83746901af9a/inbound-route-enrichment/scripts/takeoff-floor-replay.test.mjs:122:27)
    at async Test.run (node:internal/test_runner/test:1389:7)
[flight-phase-state] save failed Error: fixture DB unavailable
    at pg.query (file:///workspace/scratch/83746901af9a/inbound-route-enrichment/scripts/takeoff-floor-replay.test.mjs:110:49)
    at file:///workspace/scratch/edf34a5d3bf1/inbound/node_modules/.takeoff-replay-vl9OGD/story.mjs?instance=7:2809:20
    at sql (file:///workspace/scratch/edf34a5d3bf1/inbound/node_modules/.takeoff-replay-vl9OGD/story.mjs?instance=7:2755:10)
    at read (file:///workspace/scratch/edf34a5d3bf1/inbound/node_modules/.takeoff-replay-vl9OGD/story.mjs?instance=7:2875:51)
    at async save (file:///workspace/scratch/edf34a5d3bf1/inbound/node_modules/.takeoff-replay-vl9OGD/story.mjs?instance=7:2892:52)
    at async buildStory (file:///workspace/scratch/edf34a5d3bf1/inbound/node_modules/.takeoff-replay-vl9OGD/story.mjs?instance=7:11264:22)
    at async loadFlightStoryCore (file:///workspace/scratch/edf34a5d3bf1/inbound/node_modules/.takeoff-replay-vl9OGD/story.mjs?instance=7:11679:11)
    at async file:///workspace/scratch/edf34a5d3bf1/inbound/node_modules/.takeoff-replay-vl9OGD/story.mjs?instance=7:2633:19
    at async TestContext.<anonymous> (file:///workspace/scratch/83746901af9a/inbound-route-enrichment/scripts/takeoff-floor-replay.test.mjs:122:27)
    at async Test.run (node:internal/test_runner/test:1389:7)
[flight-telemetry] {
  callsignRequested: 'UA219',
  callsign: 'UAL219',
  registration: 'N219UA',
  hex: 'a21900',
  destination: { iata: 'HNL', icao: 'PHNL', lat: 21.3187, lon: -157.9225 },
  livePosition: null,
  altitudeFt: null,
  groundspeedKt: null,
  onGround: null,
  track: null,
  verticalRateFpm: null,
  phase: null,
  headingToDestinationDelta: null,
  isFinalApproach: false,
  routeRemainingNm: 343.7217891419603,
  directToDestNm: null,
  remainingNm: 343.7217891419603,
  etaMin: 49.103112734565755,
  currentStage: 'ride',
  arrivalStatus: 'airborne',
  ourLanded: false,
  positionProvider: 'fallback',
  positionSeenAt: null,
  positionAgeSec: null,
  flightawarePosition: null,
  fr24Position: null,
  adsbPosition: null,
  providerStatus: { flightaware: 'DISABLED', fr24: 'DISABLED' },
  providerEta: { flightaware: null, fr24: null },
  providerDistancesNm: {
    flightawareToFr24: null,
    flightawareToAdsb: null,
    fr24ToAdsb: null
  },
  fusionDisagreementNm: null,
  filedRouteDeviationNm: null,
  displayPathSource: 'direct'
}
[story-request] {"scheduleSource":"flightaware_public","fallbackOutcome":"not_needed","cacheStatus":"miss","event":"story_request","requested":"UA219","fresh":true,"durationMs":35,"outcome":"ok","errorCategory":null}
[aeroapi] key unavailable; using public feed
[flight-telemetry] {
  callsignRequested: 'UA219',
  callsign: 'UAL219',
  registration: 'N219UA',
  hex: 'a21900',
  destination: { iata: 'HNL', icao: 'PHNL', lat: 21.3187, lon: -157.9225 },
  livePosition: { lat: 24.95, lon: -153.1667 },
  altitudeFt: 36000,
  groundspeedKt: 462,
  onGround: false,
  track: 237,
  verticalRateFpm: null,
  phase: 'cruise',
  headingToDestinationDelta: 5.74751028259675,
  isFinalApproach: false,
  routeRemainingNm: 343.72178914196104,
  directToDestNm: 341.23417427770994,
  remainingNm: 343.72178914196104,
  etaMin: 47.469266664981845,
  currentStage: 'ride',
  arrivalStatus: 'airborne',
  ourLanded: false,
  positionProvider: 'flightaware-public',
  positionSeenAt: 1790983650.844,
  positionAgeSec: 1,
  flightawarePosition: null,
  fr24Position: null,
  adsbPosition: null,
  providerStatus: { flightaware: 'DISABLED', fr24: 'DISABLED' },
  providerEta: { flightaware: null, fr24: null },
  providerDistancesNm: {
    flightawareToFr24: null,
    flightawareToAdsb: null,
    fr24ToAdsb: null
  },
  fusionDisagreementNm: null,
  filedRouteDeviationNm: 45.04414723586649,
  displayPathSource: 'track'
}
[story-request] {"scheduleSource":"flightaware_public","fallbackOutcome":"not_needed","cacheStatus":"miss","event":"story_request","requested":"UA219","fresh":true,"durationMs":52,"outcome":"ok","errorCategory":null}
[aeroapi] key unavailable; using public feed
[flightstats-schedule] {
  callsign: 'UAL219',
  date: '2026-10-02',
  origin: 'ORD',
  destination: 'HNL',
  status: 'departed',
  gateOut: 1790955180,
  gateIn: 1790987280,
  candidates: 1
}
[story-request] {"scheduleSource":"flightstats_public","fallbackOutcome":"flightstats_used","cacheStatus":"miss","event":"story_request","requested":"UA219","fresh":true,"durationMs":50,"outcome":"ok","errorCategory":null}
[aeroapi] key unavailable; using public feed
[flight-telemetry] {
  callsignRequested: 'UA219',
  callsign: 'UAL219',
  registration: 'N219UA',
  hex: 'a21900',
  destination: { iata: 'HNL', icao: 'PHNL', lat: 21.3187, lon: -157.9225 },
  livePosition: null,
  altitudeFt: null,
  groundspeedKt: null,
  onGround: null,
  track: null,
  verticalRateFpm: null,
  phase: null,
  headingToDestinationDelta: null,
  isFinalApproach: false,
  routeRemainingNm: 343.72178914196104,
  directToDestNm: null,
  remainingNm: 343.72178914196104,
  etaMin: 47.469266664981845,
  currentStage: 'ride',
  arrivalStatus: 'airborne',
  ourLanded: false,
  positionProvider: 'fallback',
  positionSeenAt: null,
  positionAgeSec: null,
  flightawarePosition: null,
  fr24Position: null,
  adsbPosition: null,
  providerStatus: { flightaware: 'DISABLED', fr24: 'DISABLED' },
  providerEta: { flightaware: null, fr24: null },
  providerDistancesNm: {
    flightawareToFr24: null,
    flightawareToAdsb: null,
    fr24ToAdsb: null
  },
  fusionDisagreementNm: null,
  filedRouteDeviationNm: null,
  displayPathSource: 'track'
}
[story-request] {"scheduleSource":"flightaware_public","fallbackOutcome":"not_needed","cacheStatus":"miss","event":"story_request","requested":"UA219","fresh":true,"durationMs":57,"outcome":"ok","errorCategory":null}
[aeroapi] key unavailable; using public feed
[departure-telemetry] {
  callsignRequested: 'UA219',
  flightInstance: 'leg:v1:UAL219|2026-10-02|ORD|HNL',
  currentStage: 'taxi',
  pushLatched: true,
  taxiOutLatched: true,
  pushTimestamp: 1790983351.844,
  pushTimestampSource: 'provider_actual',
  firstDepartureMovement: false,
  rawTaxiHint: true,
  stageTaxiHint: true,
  taxiThresholdKt: 6,
  parkedObservedSec: 0,
  stationaryAtStand: false,
  awayFromPassengerGateArea: false,
  providerGateOut: { scheduled: 1790952900, estimated: null, actual: 1790983351.844 },
  providerGateOutPublic: { scheduled: 1790952900, estimated: null, actual: 1790983351.844 },
  groundspeedKt: 14,
  onGround: true,
  distanceFromParkedNm: null,
  positionAgeSec: 1,
  positionSource: 'adsb'
}
[push-evidence] {"callsignRequested":"UA219","flightInstance":"leg:v1:UAL219|2026-10-02|ORD|HNL","flightaware":{"flightId":"UAL219-1790952900-schedule-0001","publicGateOut":{"scheduled":1790952900,"estimated":null,"actual":1790983351.844},"aeroApiOut":null,"firstTrackMovement":null},"fr24":{"flightId":null,"status":"DISABLED","firstTrackMovement":null,"summaryOut":null},"adsb":{"firstTrackMovement":null,"positionAgeSec":1,"groundspeedKt":14,"distanceFromParkedNm":null},"inbound":{"parkedPosition":null,"selectedPush":{"unix":1790983351.844,"source":"provider_actual","evidence":null},"pushLatch":{"unix":1790983351.844,"source":"provider_actual","live":true,"at":1790983661.844},"taxiOutLatch":{"at":1790983661.844},"finalPushUnix":1790983351.844,"finalPushSource":"provider_actual","phaseStatePersistenceOnLoad":"ok"}}
[flight-telemetry] {
  callsignRequested: 'UA219',
  callsign: 'UAL219',
  registration: 'N219UA',
  hex: 'a21900',
  destination: { iata: 'HNL', icao: 'PHNL', lat: 21.3187, lon: -157.9225 },
  livePosition: { lat: 41.9786, lon: -87.9048 },
  altitudeFt: 0,
  groundspeedKt: 14,
  onGround: true,
  track: null,
  verticalRateFpm: null,
  phase: 'taxi',
  headingToDestinationDelta: null,
  isFinalApproach: false,
  routeRemainingNm: 3682.0550994217842,
  directToDestNm: null,
  remainingNm: 3682.0550994217842,
  etaMin: 47.30259999831517,
  currentStage: 'taxi',
  arrivalStatus: 'airborne',
  ourLanded: false,
  positionProvider: 'adsb',
  positionSeenAt: 1790983660.844,
  positionAgeSec: 1,
  flightawarePosition: null,
  fr24Position: null,
  adsbPosition: {
    provider: 'adsb',
    flightId: null,
    callsign: 'UAL219',
    lat: 41.9786,
    lon: -87.9048,
    altFt: 0,
    vertFpm: null,
    gsKt: 14,
    track: null,
    onGround: true,
    seenAt: 1790983660.844,
    registration: 'N219UA',
    type: null,
    hex: 'a21900',
    confidence: 'high'
  },
  providerStatus: { flightaware: 'DISABLED', fr24: 'DISABLED' },
  providerEta: { flightaware: null, fr24: null },
  providerDistancesNm: {
    flightawareToFr24: null,
    flightawareToAdsb: null,
    fr24ToAdsb: null
  },
  fusionDisagreementNm: null,
  filedRouteDeviationNm: 1.2685677560137642e-12,
  displayPathSource: 'track'
}
[story-request] {"scheduleSource":"flightaware_public","fallbackOutcome":"not_needed","cacheStatus":"miss","event":"story_request","requested":"UA219","fresh":true,"durationMs":60,"outcome":"ok","errorCategory":null}
[aeroapi] key unavailable; using public feed
[departure-telemetry] {
  callsignRequested: 'UA219',
  flightInstance: 'leg:v1:UAL219|2026-10-02|ORD|HNL',
  currentStage: 'taxi',
  pushLatched: true,
  taxiOutLatched: true,
  pushTimestamp: 1790983351.844,
  pushTimestampSource: 'provider_actual',
  firstDepartureMovement: false,
  rawTaxiHint: false,
  stageTaxiHint: false,
  taxiThresholdKt: 6,
  parkedObservedSec: 0,
  stationaryAtStand: false,
  awayFromPassengerGateArea: false,
  providerGateOut: { scheduled: 1790952900, estimated: null, actual: 1790983351.844 },
  providerGateOutPublic: { scheduled: 1790952900, estimated: null, actual: 1790983351.844 },
  groundspeedKt: null,
  onGround: null,
  distanceFromParkedNm: null,
  positionAgeSec: null,
  positionSource: 'fallback'
}
[push-evidence] {"callsignRequested":"UA219","flightInstance":"leg:v1:UAL219|2026-10-02|ORD|HNL","flightaware":{"flightId":"UAL219-1790952900-schedule-0001","publicGateOut":{"scheduled":1790952900,"estimated":null,"actual":1790983351.844},"aeroApiOut":null,"firstTrackMovement":null},"fr24":{"flightId":null,"status":"DISABLED","firstTrackMovement":null,"summaryOut":null},"adsb":{"firstTrackMovement":null,"positionAgeSec":null,"groundspeedKt":null,"distanceFromParkedNm":null},"inbound":{"parkedPosition":null,"selectedPush":{"unix":1790983351.844,"source":"provider_actual","evidence":null},"pushLatch":{"unix":1790983351.844,"source":"provider_actual","live":true,"at":1790983671.844},"taxiOutLatch":{"at":1790983661.844},"finalPushUnix":1790983351.844,"finalPushSource":"provider_actual","phaseStatePersistenceOnLoad":"ok"}}
[flight-telemetry] {
  callsignRequested: 'UA219',
  callsign: 'UAL219',
  registration: 'N219UA',
  hex: 'a21900',
  destination: { iata: 'HNL', icao: 'PHNL', lat: 21.3187, lon: -157.9225 },
  livePosition: null,
  altitudeFt: null,
  groundspeedKt: null,
  onGround: null,
  track: null,
  verticalRateFpm: null,
  phase: null,
  headingToDestinationDelta: null,
  isFinalApproach: false,
  routeRemainingNm: 3682.0550994217842,
  directToDestNm: null,
  remainingNm: 3682.0550994217842,
  etaMin: 47.13593333164851,
  currentStage: 'taxi',
  arrivalStatus: 'airborne',
  ourLanded: false,
  positionProvider: 'fallback',
  positionSeenAt: null,
  positionAgeSec: null,
  flightawarePosition: null,
  fr24Position: null,
  adsbPosition: null,
  providerStatus: { flightaware: 'DISABLED', fr24: 'DISABLED' },
  providerEta: { flightaware: null, fr24: null },
  providerDistancesNm: {
    flightawareToFr24: null,
    flightawareToAdsb: null,
    fr24ToAdsb: null
  },
  fusionDisagreementNm: null,
  filedRouteDeviationNm: null,
  displayPathSource: 'track'
}
[story-request] {"scheduleSource":"flightaware_public","fallbackOutcome":"not_needed","cacheStatus":"miss","event":"story_request","requested":"UA219","fresh":true,"durationMs":74,"outcome":"ok","errorCategory":null}
[aeroapi] key unavailable; using public feed
[flight-telemetry] {
  callsignRequested: 'UA219',
  callsign: 'UAL219',
  registration: 'N219UA',
  hex: 'a21900',
  destination: { iata: 'HNL', icao: 'PHNL', lat: 21.3187, lon: -157.9225 },
  livePosition: { lat: 24.95, lon: -153.1667 },
  altitudeFt: 36000,
  groundspeedKt: 462,
  onGround: false,
  track: 237,
  verticalRateFpm: null,
  phase: 'cruise',
  headingToDestinationDelta: 5.74751028259675,
  isFinalApproach: false,
  routeRemainingNm: 343.72178914196104,
  directToDestNm: 341.23417427770994,
  remainingNm: 343.72178914196104,
  etaMin: 47.13593333164851,
  currentStage: 'ride',
  arrivalStatus: 'airborne',
  ourLanded: false,
  positionProvider: 'flightaware-public',
  positionSeenAt: 1790983670.844,
  positionAgeSec: 1,
  flightawarePosition: null,
  fr24Position: null,
  adsbPosition: null,
  providerStatus: { flightaware: 'DISABLED', fr24: 'DISABLED' },
  providerEta: { flightaware: null, fr24: null },
  providerDistancesNm: {
    flightawareToFr24: null,
    flightawareToAdsb: null,
    fr24ToAdsb: null
  },
  fusionDisagreementNm: null,
  filedRouteDeviationNm: 45.04414723586649,
  displayPathSource: 'track'
}
[story-request] {"scheduleSource":"flightaware_public","fallbackOutcome":"not_needed","cacheStatus":"miss","event":"story_request","requested":"UA219","fresh":true,"durationMs":60,"outcome":"ok","errorCategory":null}
[aeroapi] key unavailable; using public feed
[flight-telemetry] {
  callsignRequested: 'UA219',
  callsign: 'UAL219',
  registration: 'N219UA',
  hex: 'a21900',
  destination: { iata: 'HNL', icao: 'PHNL', lat: 21.3187, lon: -157.9225 },
  livePosition: null,
  altitudeFt: null,
  groundspeedKt: null,
  onGround: null,
  track: null,
  verticalRateFpm: null,
  phase: null,
  headingToDestinationDelta: null,
  isFinalApproach: false,
  routeRemainingNm: 343.72178914196104,
  directToDestNm: null,
  remainingNm: 343.72178914196104,
  etaMin: 47.13593333164851,
  currentStage: 'ride',
  arrivalStatus: 'airborne',
  ourLanded: false,
  positionProvider: 'fallback',
  positionSeenAt: null,
  positionAgeSec: null,
  flightawarePosition: null,
  fr24Position: null,
  adsbPosition: null,
  providerStatus: { flightaware: 'DISABLED', fr24: 'DISABLED' },
  providerEta: { flightaware: null, fr24: null },
  providerDistancesNm: {
    flightawareToFr24: null,
    flightawareToAdsb: null,
    fr24ToAdsb: null
  },
  fusionDisagreementNm: null,
  filedRouteDeviationNm: null,
  displayPathSource: 'track'
}
[story-request] {"scheduleSource":"flightaware_public","fallbackOutcome":"not_needed","cacheStatus":"miss","event":"story_request","requested":"UA219","fresh":true,"durationMs":52,"outcome":"ok","errorCategory":null}
[aeroapi] key unavailable; using public feed
[departure-telemetry] {
  callsignRequested: 'UA219',
  flightInstance: 'leg:v1:UAL219|2026-10-02|ORD|HNL',
  currentStage: 'ride',
  pushLatched: true,
  taxiOutLatched: true,
  pushTimestamp: 1790955180,
  pushTimestampSource: 'provider_actual',
  firstDepartureMovement: false,
  rawTaxiHint: true,
  stageTaxiHint: true,
  taxiThresholdKt: 6,
  parkedObservedSec: 0,
  stationaryAtStand: false,
  awayFromPassengerGateArea: false,
  providerGateOut: { scheduled: 1790952900, estimated: null, actual: 1790955180 },
  providerGateOutPublic: { scheduled: 1790952900, estimated: null, actual: 1790955180 },
  groundspeedKt: 14,
  onGround: true,
  distanceFromParkedNm: null,
  positionAgeSec: 1,
  positionSource: 'adsb'
}
[push-evidence] {"callsignRequested":"UA219","flightInstance":"leg:v1:UAL219|2026-10-02|ORD|HNL","flightaware":{"flightId":"UAL219-1790952900-schedule-0001","publicGateOut":{"scheduled":1790952900,"estimated":null,"actual":1790955180},"aeroApiOut":null,"firstTrackMovement":null},"fr24":{"flightId":null,"status":"DISABLED","firstTrackMovement":null,"summaryOut":null},"adsb":{"firstTrackMovement":null,"positionAgeSec":1,"groundspeedKt":14,"distanceFromParkedNm":null},"inbound":{"parkedPosition":null,"selectedPush":{"unix":1790955180,"source":"provider_actual","evidence":null},"pushLatch":{"unix":1790955180,"source":"provider_actual","live":true,"at":1790983671.844},"taxiOutLatch":{"at":1790983671.844},"finalPushUnix":1790955180,"finalPushSource":"provider_actual","phaseStatePersistenceOnLoad":"ok"}}
[flight-telemetry] {
  callsignRequested: 'UA219',
  callsign: 'UAL219',
  registration: 'N219UA',
  hex: 'a21900',
  destination: { iata: 'HNL', icao: 'PHNL', lat: 21.3187, lon: -157.9225 },
  livePosition: { lat: 41.9786, lon: -87.9048 },
  altitudeFt: 0,
  groundspeedKt: 14,
  onGround: true,
  track: null,
  verticalRateFpm: null,
  phase: 'taxi',
  headingToDestinationDelta: null,
  isFinalApproach: false,
  routeRemainingNm: 343.72178914196104,
  directToDestNm: null,
  remainingNm: 343.72178914196104,
  etaMin: 47.13593333164851,
  currentStage: 'ride',
  arrivalStatus: 'airborne',
  ourLanded: false,
  positionProvider: 'adsb',
  positionSeenAt: 1790983670.844,
  positionAgeSec: 1,
  flightawarePosition: null,
  fr24Position: null,
  adsbPosition: {
    provider: 'adsb',
    flightId: null,
    callsign: 'UAL219',
    lat: 41.9786,
    lon: -87.9048,
    altFt: 0,
    vertFpm: null,
    gsKt: 14,
    track: null,
    onGround: true,
    seenAt: 1790983670.844,
    registration: 'N219UA',
    type: null,
    hex: 'a21900',
    confidence: 'high'
  },
  providerStatus: { flightaware: 'DISABLED', fr24: 'DISABLED' },
  providerEta: { flightaware: null, fr24: null },
  providerDistancesNm: {
    flightawareToFr24: null,
    flightawareToAdsb: null,
    fr24ToAdsb: null
  },
  fusionDisagreementNm: null,
  filedRouteDeviationNm: 1.2685677560137642e-12,
  displayPathSource: 'track'
}
[story-request] {"scheduleSource":"flightaware_public","fallbackOutcome":"not_needed","cacheStatus":"miss","event":"story_request","requested":"UA219","fresh":true,"durationMs":47,"outcome":"ok","errorCategory":null}
[aeroapi] key unavailable; using public feed
[flight-telemetry] {
  callsignRequested: 'UA219',
  callsign: 'UAL219',
  registration: 'N219UA',
  hex: 'a21900',
  destination: { iata: 'HNL', icao: 'PHNL', lat: 21.3187, lon: -157.9225 },
  livePosition: null,
  altitudeFt: null,
  groundspeedKt: null,
  onGround: null,
  track: null,
  verticalRateFpm: null,
  phase: null,
  headingToDestinationDelta: null,
  isFinalApproach: false,
  routeRemainingNm: 343.72178914196104,
  directToDestNm: null,
  remainingNm: 343.72178914196104,
  etaMin: 47.13593333164851,
  currentStage: 'ride',
  arrivalStatus: 'airborne',
  ourLanded: false,
  positionProvider: 'fallback',
  positionSeenAt: null,
  positionAgeSec: null,
  flightawarePosition: null,
  fr24Position: null,
  adsbPosition: null,
  providerStatus: { flightaware: 'DISABLED', fr24: 'DISABLED' },
  providerEta: { flightaware: null, fr24: null },
  providerDistancesNm: {
    flightawareToFr24: null,
    flightawareToAdsb: null,
    fr24ToAdsb: null
  },
  fusionDisagreementNm: null,
  filedRouteDeviationNm: null,
  displayPathSource: 'track'
}
[story-request] {"scheduleSource":"flightaware_public","fallbackOutcome":"not_needed","cacheStatus":"miss","event":"story_request","requested":"UA219","fresh":true,"durationMs":41,"outcome":"ok","errorCategory":null}
[aeroapi] key unavailable; using public feed
[departure-telemetry] {
  callsignRequested: 'UA219',
  flightInstance: 'leg:v1:UAL219|2026-10-02|ORD|HNL',
  currentStage: 'ride',
  pushLatched: true,
  taxiOutLatched: true,
  pushTimestamp: 1790955180,
  pushTimestampSource: 'provider_actual',
  firstDepartureMovement: false,
  rawTaxiHint: true,
  stageTaxiHint: true,
  taxiThresholdKt: 6,
  parkedObservedSec: 0,
  stationaryAtStand: false,
  awayFromPassengerGateArea: false,
  providerGateOut: { scheduled: 1790952900, estimated: null, actual: 1790955180 },
  providerGateOutPublic: { scheduled: 1790952900, estimated: null, actual: 1790955180 },
  groundspeedKt: 14,
  onGround: true,
  distanceFromParkedNm: null,
  positionAgeSec: 1,
  positionSource: 'adsb'
}
[push-evidence] {"callsignRequested":"UA219","flightInstance":"leg:v1:UAL219|2026-10-02|ORD|HNL","flightaware":{"flightId":"UAL219-1790952900-schedule-0001","publicGateOut":{"scheduled":1790952900,"estimated":null,"actual":1790955180},"aeroApiOut":null,"firstTrackMovement":null},"fr24":{"flightId":null,"status":"DISABLED","firstTrackMovement":null,"summaryOut":null},"adsb":{"firstTrackMovement":null,"positionAgeSec":1,"groundspeedKt":14,"distanceFromParkedNm":null},"inbound":{"parkedPosition":null,"selectedPush":{"unix":1790955180,"source":"provider_actual","evidence":null},"pushLatch":{"unix":1790955180,"source":"provider_actual","live":true,"at":1790983671.844},"taxiOutLatch":{"at":1790983671.844},"finalPushUnix":1790955180,"finalPushSource":"provider_actual","phaseStatePersistenceOnLoad":"ok"}}
[flight-telemetry] {
  callsignRequested: 'UA219',
  callsign: 'UAL219',
  registration: 'N219UA',
  hex: 'a21900',
  destination: { iata: 'HNL', icao: 'PHNL', lat: 21.3187, lon: -157.9225 },
  livePosition: { lat: 41.9786, lon: -87.9048 },
  altitudeFt: 0,
  groundspeedKt: 14,
  onGround: true,
  track: null,
  verticalRateFpm: null,
  phase: 'taxi',
  headingToDestinationDelta: null,
  isFinalApproach: false,
  routeRemainingNm: 343.72178914196104,
  directToDestNm: null,
  remainingNm: 343.72178914196104,
  etaMin: 47.13593333164851,
  currentStage: 'ride',
  arrivalStatus: 'airborne',
  ourLanded: false,
  positionProvider: 'adsb',
  positionSeenAt: 1790983670.844,
  positionAgeSec: 1,
  flightawarePosition: null,
  fr24Position: null,
  adsbPosition: {
    provider: 'adsb',
    flightId: null,
    callsign: 'UAL219',
    lat: 41.9786,
    lon: -87.9048,
    altFt: 0,
    vertFpm: null,
    gsKt: 14,
    track: null,
    onGround: true,
    seenAt: 1790983670.844,
    registration: 'N219UA',
    type: null,
    hex: 'a21900',
    confidence: 'high'
  },
  providerStatus: { flightaware: 'DISABLED', fr24: 'DISABLED' },
  providerEta: { flightaware: null, fr24: null },
  providerDistancesNm: {
    flightawareToFr24: null,
    flightawareToAdsb: null,
    fr24ToAdsb: null
  },
  fusionDisagreementNm: null,
  filedRouteDeviationNm: 1.2685677560137642e-12,
  displayPathSource: 'track'
}
[story-request] {"scheduleSource":"flightaware_public","fallbackOutcome":"not_needed","cacheStatus":"miss","event":"story_request","requested":"UA219","fresh":true,"durationMs":50,"outcome":"ok","errorCategory":null}
[aeroapi] key unavailable; using public feed
[flightstats-schedule] {
  callsign: 'UAL219',
  date: '2026-10-02',
  origin: 'ORD',
  destination: 'HNL',
  status: 'departed',
  gateOut: 1790955180,
  gateIn: 1790987280,
  candidates: 1
}
[departure-telemetry] {
  callsignRequested: 'UA219',
  flightInstance: 'leg:v1:UAL219|2026-10-02|ORD|HNL',
  currentStage: 'push',
  pushLatched: true,
  taxiOutLatched: false,
  pushTimestamp: 1790955180,
  pushTimestampSource: 'provider_actual',
  firstDepartureMovement: false,
  rawTaxiHint: false,
  stageTaxiHint: false,
  taxiThresholdKt: 6,
  parkedObservedSec: 0,
  stationaryAtStand: false,
  awayFromPassengerGateArea: false,
  providerGateOut: { scheduled: 1790954100, estimated: null, actual: 1790955180 },
  providerGateOutPublic: { scheduled: 1790954100, estimated: null, actual: 1790955180 },
  groundspeedKt: null,
  onGround: null,
  distanceFromParkedNm: null,
  positionAgeSec: null,
  positionSource: 'fallback'
}
[push-evidence] {"callsignRequested":"UA219","flightInstance":"leg:v1:UAL219|2026-10-02|ORD|HNL","flightaware":{"flightId":null,"publicGateOut":{"scheduled":1790954100,"estimated":null,"actual":1790955180},"aeroApiOut":null,"firstTrackMovement":null},"fr24":{"flightId":null,"status":"DISABLED","firstTrackMovement":null,"summaryOut":null},"adsb":{"firstTrackMovement":null,"positionAgeSec":null,"groundspeedKt":null,"distanceFromParkedNm":null},"inbound":{"parkedPosition":null,"selectedPush":{"unix":1790955180,"source":"provider_actual","evidence":null},"pushLatch":{"unix":1790955180,"source":"provider_actual","live":true,"at":1790983671.844},"taxiOutLatch":null,"finalPushUnix":1790955180,"finalPushSource":"provider_actual","phaseStatePersistenceOnLoad":"ok"}}
[story-request] {"scheduleSource":"flightstats_public","fallbackOutcome":"flightstats_used","cacheStatus":"miss","event":"story_request","requested":"UA219","fresh":true,"durationMs":43,"outcome":"ok","errorCategory":null}
[aeroapi] key unavailable; using public feed
[schedule-fallback-unavailable] {
  callsign: 'UAL219',
  reason: 'Current flight route unavailable: schedule provider returned HTTP 402 (unidentified response; host=www.flightaware.com; server=absent; type=absent; bodyChars=0; branding=unidentifi'
}
[departure-telemetry] {
  callsignRequested: 'UA219',
  flightInstance: 'resume:2d34234002406a39092e8338243280f49f88568c5d08e949576230e0ab9f3b55:leg:v1:UAL219|2026-10-02|ORD|HNL',
  currentStage: 'push',
  pushLatched: true,
  taxiOutLatched: false,
  pushTimestamp: 1790955180,
  pushTimestampSource: 'provider_actual',
  firstDepartureMovement: false,
  rawTaxiHint: false,
  stageTaxiHint: false,
  taxiThresholdKt: 6,
  parkedObservedSec: 0,
  stationaryAtStand: false,
  awayFromPassengerGateArea: false,
  providerGateOut: { scheduled: 1790952900, estimated: null, actual: 1790955180 },
  providerGateOutPublic: { scheduled: 1790952900, estimated: null, actual: 1790955180 },
  groundspeedKt: 0,
  onGround: true,
  distanceFromParkedNm: null,
  positionAgeSec: 1,
  positionSource: 'adsb'
}
[push-evidence] {"callsignRequested":"UA219","flightInstance":"resume:2d34234002406a39092e8338243280f49f88568c5d08e949576230e0ab9f3b55:leg:v1:UAL219|2026-10-02|ORD|HNL","flightaware":{"flightId":null,"publicGateOut":{"scheduled":1790952900,"estimated":null,"actual":1790955180},"aeroApiOut":null,"firstTrackMovement":null},"fr24":{"flightId":null,"status":"DISABLED","firstTrackMovement":null,"summaryOut":null},"adsb":{"firstTrackMovement":null,"positionAgeSec":1,"groundspeedKt":0,"distanceFromParkedNm":null},"inbound":{"parkedPosition":null,"selectedPush":{"unix":1790955180,"source":"provider_actual","evidence":null},"pushLatch":{"unix":1790955180,"source":"provider_actual","live":true,"at":1790983671.844},"taxiOutLatch":null,"finalPushUnix":1790955180,"finalPushSource":"provider_actual","phaseStatePersistenceOnLoad":"ok"}}
[flight-telemetry] {
  callsignRequested: 'UA219',
  callsign: 'UAL219',
  registration: 'N219UA',
  hex: 'a21900',
  destination: { iata: 'HNL', icao: 'PHNL', lat: 21.3187, lon: -157.9225 },
  livePosition: { lat: 41.9786, lon: -87.9048 },
  altitudeFt: 0,
  groundspeedKt: 0,
  onGround: true,
  track: null,
  verticalRateFpm: null,
  phase: 'parked',
  headingToDestinationDelta: null,
  isFinalApproach: false,
  routeRemainingNm: 3682.0550994217842,
  directToDestNm: null,
  remainingNm: 3682.0550994217842,
  etaMin: 47.13593333164851,
  currentStage: 'push',
  arrivalStatus: 'airborne',
  ourLanded: false,
  positionProvider: 'adsb',
  positionSeenAt: 1790983670.844,
  positionAgeSec: 1,
  flightawarePosition: null,
  fr24Position: null,
  adsbPosition: {
    provider: 'adsb',
    flightId: null,
    callsign: 'UAL219',
    lat: 41.9786,
    lon: -87.9048,
    altFt: 0,
    vertFpm: null,
    gsKt: 0,
    track: null,
    onGround: true,
    seenAt: 1790983670.844,
    registration: 'N219UA',
    type: null,
    hex: 'a21900',
    confidence: 'high'
  },
  providerStatus: { flightaware: 'DISABLED', fr24: 'DISABLED' },
  providerEta: { flightaware: null, fr24: null },
  providerDistancesNm: {
    flightawareToFr24: null,
    flightawareToAdsb: null,
    fr24ToAdsb: null
  },
  fusionDisagreementNm: null,
  filedRouteDeviationNm: 1.2685677560137642e-12,
  displayPathSource: 'track'
}
[story-request] {"scheduleSource":"saved_resume","fallbackOutcome":"resume_used","cacheStatus":"miss","event":"story_request","requested":"UA219","fresh":true,"durationMs":38,"outcome":"ok","errorCategory":null}
✔ UA219 actual takeoff survives provider-ID to FlightStats fallback to provider-ID, cold start and >2h gap (6265.273292ms)
✔ replay wall clock keeps Date.now, new Date and Date() together as a historical replay advances (2.713367ms)
✔ replay wall clock preserves explicit Date arguments, statics, subclasses and instanceof (0.595927ms)
✔ keeps VITE_-prefixed string entries (1.820027ms)
✔ drops non-VITE keys, non-string values and malformed documents (0.220242ms)
✔ a missing app-env.json is a clean no-op (0.495251ms)
✔ reads the app env from a workspace (0.335627ms)
✔ an explicit process-env override wins over the file (0.476703ms)
✔ the template ships auth off (0.346069ms)
✔ vite loadEnv resolves the wrapped value (0.411349ms)
✔ the wrapped command runs with the app env applied (305.971965ms)
✔ the wrapped command sees an explicit override, not the file value (338.494193ms)
✔ the wrapper propagates the command's exit code (401.0485ms)
✔ a signal-killed command is never reported as success (349.519689ms)
✔ the CLI still runs when invoked through a symlinked path (465.061238ms)
✔ parseWriteAtomicArgs needs exactly a staged file and a target (3.165675ms)
✔ stagingError refuses a temp inside public/ and a no-op move (1.368837ms)
✔ handOver replaces the target and clears the staged file (1.880161ms)
✔ handOver creates a missing target directory (0.769664ms)
✔ an interrupted pass leaves the target on its old bytes, temp-free (1.233945ms)
✔ a failed hand-over creates no directory for the target it never wrote (0.600231ms)
✔ a staged file on another filesystem is refused, not copied (0.90292ms)
✔ cli: hands the file over, and refuses a temp staged in public/ (297.804113ms)
✔ cli: relative paths follow the script's root, not the caller's cwd (176.310611ms)
✔ every hand-over the og skill prints is one this script accepts (3.866754ms)
✔ cli: a missing staged file fails without touching the target (151.266179ms)
▶ stale reject
  ✔ rejects an airside observation older than the stale window (1.662178ms)
  ✔ keeps a fresh airside observation (0.446683ms)
✔ stale reject (3.046897ms)
▶ teleport reject
  ✔ rejects a multi-NM jump in a couple of seconds (0.429398ms)
  ✔ keeps the previous track when a later feed teleports (0.672496ms)
✔ teleport reject (1.371527ms)
▶ fresher provider wins
  ✔ picks the observation with the lower seen_pos (0.322971ms)
✔ fresher provider wins (0.445241ms)
▶ hex stickiness
  ✔ keeps the locked hex when it is still fresh (0.535285ms)
  ✔ swaps only when the locked hex is stale and an exact match is nearby (0.204879ms)
✔ hex stickiness (1.0189ms)
▶ extrapolated flag
  ✔ marks a short coast-ahead as extrapolated (0.500966ms)
  ✔ does not extrapolate after the gap window (0.247658ms)
  ✔ keeps a few-minute-old oceanic cruise ping (0.26829ms)
  ✔ stops projecting an enroute track after a short gap (0.187143ms)
  ✔ never repeatedly projects an extrapolated point or rejects a real fix (0.218219ms)
✔ extrapolated flag (1.615678ms)
✔ single cruise jitter cannot confirm climb/descent; a 30-second altitude trend can (1.402561ms)
✔ cruise jitter, repeated timestamps, stale fixes and missing evidence remain unconfirmed (0.923277ms)
✔ provider-only rates need a sustained window, and opposing altitude evidence wins (0.203827ms)
✔ AGL and destination geometry distinguish approach from departure level-off (0.212047ms)
✔ warm evidence is isolated by dated leg/route and ignores reordered samples (0.205652ms)
▶ callTool failure memo
  ✔ replays an identical failure within the memo window without refetching (15.783485ms)
  ✔ keys by token identity so a reminted token shares the memo entry (8.088071ms)
  ✔ sweeps expired entries on write so unique keys do not accumulate (8.212773ms)
  ✔ never memoizes login-required 401s (7.599118ms)
✔ callTool failure memo (42.541849ms)
▶ callTool in the workspace preview vs deployed
  ✔ returns pending (no loginRequired) when the preview has no token yet (5.776397ms)
  ✔ returns a plain error (no sign-in CTA) when a deployed app has no token (0.687567ms)
  ✔ treats a gate 401 in the preview as pending and parks the rejected token (5.409933ms)
  ✔ keeps loginRequired for a gate 401 on a deployed app (0.88255ms)
✔ callTool in the workspace preview vs deployed (13.805333ms)
▶ callTool
  ✔ resolves ok:false for non-serializable args instead of rejecting (3.859153ms)
✔ callTool (4.041118ms)
▶ isLoginRequired
  ✔ is true only for login-required failures (0.264719ms)
✔ isLoginRequired (0.364225ms)
▶ redirectToLoginIfRequired
  ✔ no-ops when login is not required (2.178499ms)
  ✔ navigates to the server-built loginUrl in the browser (0.323876ms)
  ✔ opens a new tab instead of navigating when framed (0.186478ms)
  ✔ falls back to navigation when framed and the popup is blocked (0.134341ms)
  ✔ returns false when the result has no loginUrl (0.183547ms)
  ✔ returns false on the server (no window) (0.16714ms)
✔ redirectToLoginIfRequired (3.459721ms)
▶ GoogleCalendarTools
  ✔ does not expose a list_events name (0.152388ms)
✔ GoogleCalendarTools (0.240376ms)
▶ classifyCallToolError
  ✔ returns null for successful results (0.446417ms)
  ✔ classifies a pending preview token as pending before any other kind (0.252306ms)
  ✔ classifies a deployed missing token as error, not a login CTA (0.128433ms)
  ✔ classifies gate loginRequired without a missing-token message as login (0.099532ms)
  ✔ classifies not_connected and failed_precondition (0.15834ms)
  ✔ classifies scope_denied without claiming a missing grant (0.165801ms)
  ✔ classifies access_denied (0.126756ms)
  ✔ falls back to a generic error with the raw message (0.189162ms)
✔ classifyCallToolError (1.97932ms)
▶ readinessProbeDelayMs
  ✔ backs off through the schedule and then holds the last delay (2.266874ms)
  ✔ clamps a negative attempt to the first delay (0.462815ms)
✔ readinessProbeDelayMs (4.499673ms)
▶ readinessProbeExhausted
  ✔ gives up only once the total wait budget has elapsed (0.300069ms)
✔ readinessProbeExhausted (0.58841ms)
✔ one missing-position poll holds the durable plan from the last real fix, explicitly stale (26.68508ms)
✔ legacy held cursor can render geometry without claiming a real aircraft observation (0.830393ms)
✔ landing and two distinct off-path fixes still stop rendering a held plan (1.334958ms)
✔ runway change resets geometry and entry gate still prevents a new plan (5.169992ms)
✔ ATIS arrival lists, approach assignments, combined LDG/DEP and no bulletin (6.406794ms)
✔ multiple arrival runways choose the aircraft side and remain stable between polls (7.95144ms)
✔ provider fallback, confirmed actual priority, wind fallback, calm/variable/unknown states (0.435791ms)
✔ aligned aircraft passes FAF and ends exactly at threshold without a loop (0.819689ms)
✔ opposite side produces downwind, a smoothed base, and a longer path (0.739044ms)
✔ side produces downwind, a smoothed base, and a longer path (0.408376ms)
✔ patterns require a fresh descending/approach fix near destination, never ground or landed (0.381939ms)
✔ displaced landing threshold is moved forward along the true runway heading (0.169933ms)
✔ level downwind keeps the started pattern even without approach phase (12.875029ms)
✔ one extrapolated or 120-second fix holds the exact last pattern (6.863495ms)
✔ held side survives crossing centerline, and base/final consume rather than redraw the loop (10.533619ms)
✔ real AA5012 past-FAF downwind extends base beyond the aircraft (0.534138ms)
✔ two distinct fresh fixes more than 8nm off path reject, one or duplicate fix does not (1.422067ms)
✔ new reported runway resets side; landing ends the projection (7.804326ms)
✔ UAL2207 observed final fixes consume steadily instead of growing and snapping (3.993818ms)
✔ UAL2207 straight-in remaining path stays within 1nm of the threshold distance (2.364873ms)
✔ UAL2207 displayed planned points never lie behind the observed aircraft (8.790481ms)
✔ UAL2207 cursor never moves backward across JSON cold-instance reloads (10.6941ms)
✔ passing the threshold keeps a consumed projection at zero until landing (9.667161ms)
✔ short planned legs use perpendicular distance, not distance to their start (0.285683ms)
✔ level low downwind enters without vertical rate or a stage approach phase; cruise fly-over does not (5.060359ms)
✔ altitude delta persists before runway entry, then derives arrival-only descent on a cold instance (0.68043ms)
✔ nearby parallel final cannot consume base while the aircraft is still on downwind (0.866349ms)
✔ old durable jsonb rows upgrade without losing runway, side or activation (6.642007ms)
[arrival-atis] fetch fallback { airport: 'KERR', held: false, error: 'Error: offline' }
✔ five-minute airport cache coalesces calls and rejects stale/failed bulletins (20.361475ms)
[arrival-atis] fetch fallback { airport: 'KORD', held: true, error: 'Error: ATIS timeout' }
[arrival-atis] fetch fallback { airport: 'KORD', held: false, error: 'Error: ATIS timeout' }
[arrival-state] load failed Error: DB down
    at file:///workspace/scratch/83746901af9a/inbound-route-enrichment/src/lib/arrival-state-store.server.test.ts:53:64
    at Object.load (file:///workspace/scratch/83746901af9a/inbound-route-enrichment/src/lib/arrival-state-store.server.ts:17:27)
    at TestContext.<anonymous> (file:///workspace/scratch/83746901af9a/inbound-route-enrichment/src/lib/arrival-state-store.server.test.ts:54:32)
    at async Test.run (node:internal/test_runner/test:1389:7)
    at async startSubtestAfterBootstrap (node:internal/test_runner/harness:387:3)
[arrival-state] save failed Error: DB down
    at file:///workspace/scratch/83746901af9a/inbound-route-enrichment/src/lib/arrival-state-store.server.test.ts:53:64
    at Object.save (file:///workspace/scratch/83746901af9a/inbound-route-enrichment/src/lib/arrival-state-store.server.ts:45:27)
    at TestContext.<anonymous> (file:///workspace/scratch/83746901af9a/inbound-route-enrichment/src/lib/arrival-state-store.server.test.ts:55:32)
    at async Test.run (node:internal/test_runner/test:1389:7)
    at async startSubtestAfterBootstrap (node:internal/test_runner/harness:387:3)
[arrival-state] load failed Error: DB down
    at file:///workspace/scratch/83746901af9a/inbound-route-enrichment/src/lib/arrival-state-store.server.test.ts:53:64
    at Object.load (file:///workspace/scratch/83746901af9a/inbound-route-enrichment/src/lib/arrival-state-store.server.ts:17:27)
    at TestContext.<anonymous> (file:///workspace/scratch/83746901af9a/inbound-route-enrichment/src/lib/arrival-state-store.server.test.ts:56:36)
    at async Test.run (node:internal/test_runner/test:1389:7)
    at async startSubtestAfterBootstrap (node:internal/test_runner/harness:387:3)
✔ durable runway/side across cold instances, optimistic race, ATIS last-good cache and outage fallback (3509.012026ms)
▶ verifyGateIdentityToken
  ✔ returns the identity for a valid token (87.096357ms)
  ✔ omits optional claims as nulls (3.706739ms)
  ✔ rejects a wrong audience (8.54023ms)
  ✔ rejects a wrong issuer (2.518846ms)
  ✔ rejects an expired token (6.303417ms)
  ✔ rejects a token without exp (2.104481ms)
  ✔ rejects a token signed by a different key with the same kid (3.920861ms)
  ✔ refetches the JWKS when the kid rotates (10.45009ms)
✔ verifyGateIdentityToken (128.49173ms)
▶ gateIdentityFromHeaders
  ✔ verifies the header token end to end and fails closed without it (23.441568ms)
  ✔ activates on a deployed-shaped request without GROK_GATE_ORIGIN (20.405281ms)
  ✔ verifies a preview-audience token with no gate env vars via the loopback default (14.871288ms)
  ✔ rejects a wrong-issuer token in the loopback default mode (2.930581ms)
  ✔ verifies a preview-audience token when only GROK_GATE_ORIGIN is set (1.829753ms)
  ✔ rejects a preview-audience token when GROK_PROJECT_ID is set (4.158074ms)
  ✔ rejects an app-audience token in preview mode (17.065499ms)
✔ gateIdentityFromHeaders (87.603719ms)
▶ gateIdentityEnabled
  ✔ is enabled by default with no gate env vars (0.130587ms)
  ✔ is disabled when VITE_AUTH_ENABLED is false (0.079635ms)
✔ gateIdentityEnabled (0.320089ms)
▶ gateTokenAudience
  ✔ pins app:<id> when GROK_PROJECT_ID is set, even alongside GROK_GATE_ORIGIN (0.081628ms)
  ✔ pins preview when GROK_PROJECT_ID is unset (0.047484ms)
✔ gateTokenAudience (0.216867ms)
▶ gateIdentityUserInfo
  ✔ falls back to a synthetic email and name for sub-only claims (0.172457ms)
  ✔ keeps real claims, lowercasing the email and marking it verified (0.103475ms)
✔ gateIdentityUserInfo (0.384023ms)
▶ sessionBoundToGateIdentity
  ✔ keeps the session when it is bound to the same gate sub (0.202785ms)
  ✔ rotates when the session belongs to a different gate sub (0.059914ms)
  ✔ rotates when the session user has no gate-bound account (0.043192ms)
✔ sessionBoundToGateIdentity (0.405801ms)
▶ resolveSignInGateState
  ✔ is pending while the session check is in flight, user or not (1.37373ms)
  ✔ is signed_in once a user is present (0.355526ms)
  ✔ is signed_out only after the check resolved with no user (0.213509ms)
✔ resolveSignInGateState (8.049943ms)
▶ briefing update log
  ✔ does not seed the passenger timeline with audit-only entries (10.994999ms)
  ✔ logs taxi, takeoff, and landing in everyday words (28.562179ms)
  ✔ logs a delay but ignores a routine 12-minute arrival adjustment (1.573148ms)
  ✔ ignores tiny schedule jitter (1.736866ms)
  ✔ logs material turbulence and thunderstorms without aviation codes (1.83465ms)
  ✔ ignores light-smooth chop chatter and dest-category flips (1.340434ms)
  ✔ uses was → now when turbulence eases (0.894988ms)
  ✔ ride briefing uses miles and does not mix airborne with no-signal (0.972809ms)
  ✔ separates landed from at-the-gate in the arrival brief (0.756344ms)
  ✔ does not repeat the same line (0.713756ms)
  ✔ does not add manual refreshes to the passenger timeline (0.418365ms)
  ✔ caps the log (18.58238ms)
  ✔ maps airport delay programs into plain words (0.62297ms)
✔ briefing update log (79.201126ms)
▶ on the move briefing
  ✔ describes a recorded departure without obsolete inbound or future push wording (1.729233ms)
✔ on the move briefing (2.114661ms)
✔ does not call an estimated movement time a reported departure (4.384001ms)
✔ refreshes current text even for changes below the history thresholds (0.372654ms)
▶ UAL219 curated briefing regression
  ✔ keeps one canonical pushback event when better evidence corrects its time (2.355079ms)
  ✔ does not describe the previous inbound leg as the current aircraft during final approach (2.966297ms)
  ✔ supersedes obsolete departure estimates after actual pushback and takeoff (0.870426ms)
  ✔ does not persist minor arrival or taxi estimate fluctuations (0.602135ms)
  ✔ collapses opposite arrival estimates and removes them after landing (5.060962ms)
✔ UAL219 curated briefing regression (12.60054ms)
▶ Overview record migration
  ✔ keeps completed trip events in the Briefing chronology with passenger labels (1.73715ms)
  ✔ logs meaningful gate changes and removes the standalone Overview Records card (1.431637ms)
  ✔ keeps live timing and arrival facts visible while secondary facts stay in disclosures (1.394052ms)
  ✔ keeps guarded live altitude and speed in the timing section and Refresh in the summary (4.996878ms)
✔ Overview record migration (9.867258ms)
▶ Briefing refresh feedback
  ✔ reports no change without adding a timeline entry (1.019613ms)
  ✔ recognizes a meaningful new update and keeps feedback out of history (0.663956ms)
  ✔ keeps a failed refresh distinct from no-change feedback (0.167376ms)
  ✔ shows a meaningful local update even if optional remote copy fails (0.282562ms)
✔ Briefing refresh feedback (2.554049ms)
▶ UA2762 approach status fluctuations
  ✔ does not record another takeoff when approach is reassessed as flight (2.815415ms)
  ✔ labels legacy stage entries without claiming physical takeoff or touchdown (0.157043ms)
✔ UA2762 approach status fluctuations (3.117962ms)
✔ validated actual takeoff confirms; scheduled, estimated and Departed alone do not (3.395609ms)
✔ fresh compatible airborne AGL or speed confirms without inventing an event time (1.456275ms)
✔ reject future clocks, wrong service dates/routes, conflicting identity, and device claims (1.058086ms)
✔ floor raises every pre-departure stage, preserves arrival stages and a go-around ride (0.286884ms)
✔ premature provider stamp with a fresh matched origin surface fix has no active latch (1.180225ms)
✔ provider stamp without any position latches immediately (0.212285ms)
✔ early origin surface fix revokes provider-only proof through the ten-minute boundary (0.685059ms)
✔ observed airborne proof survives surface conflict, including provider actual upgrades (0.721746ms)
✔ only real, fresh, positively matched origin surface fixes contradict a provider clock (1.076506ms)
▶ official provider normalization
  ✔ normalizes FR24 live kinematics (1.150961ms)
  ✔ retains FR24 vertical rate for display while one unconfirmed sample stays cruise (0.746594ms)
  ✔ normalizes AeroAPI operational times and position (0.687265ms)
✔ official provider normalization (4.405863ms)
▶ position confidence fusion
  ✔ uses consensus and rejects a spatial outlier (1.513609ms)
  ✔ falls back when airborne providers are stale or absent (0.37293ms)
  ✔ protects sticky aircraft identity (0.252396ms)
  ✔ uses a fresh identity-compatible FR24 ground fix as the preferred surface source (5.55962ms)
  ✔ falls back to the best validated ground provider when FR24 is missing (0.446004ms)
  ✔ does not use a stale FR24 surface fix and resumes normal fusion once airborne (0.382774ms)
  ✔ shares the 30-second surface boundary with the story wrapper (0.83332ms)
  ✔ lets a much newer airborne fix beat a 25-second FR24 ground fix (0.315919ms)
  ✔ retains the FR24 ground preference when its fix is only two seconds older (0.303997ms)
  ✔ does not resurrect stale ground data when airborne data is absent or invalid (0.319388ms)
  ✔ requires matching identity, clear airborne evidence, and more than ten seconds of freshness advantage (0.520295ms)
✔ position confidence fusion (11.849006ms)
▶ same-number consecutive-leg selection
  ✔ keeps the arrived-but-not-gated leg ahead of the next same-number departure (0.398946ms)
✔ same-number consecutive-leg selection (0.601566ms)
▶ AA2668 touchdown ETA regression
  ✔ collapses from live geometry despite a stale provider ETA (1.504442ms)
  ✔ cannot expose a stale provider ETA at fresh touchdown geometry (0.219238ms)
✔ AA2668 touchdown ETA regression (1.921368ms)
{"event":"canonical_leg_key_unavailable","reason":"missing_scheduled","requested":"DL4820","ident":"EDV4820","origin":"MDW","destination":"MSP","scheduledDeparture":null,"serviceDate":null}
{"event":"canonical_leg_key_unavailable","reason":"missing_scheduled","requested":"DL4820","ident":"DAL4820","origin":"MDW","destination":"MSP","scheduledDeparture":null,"serviceDate":null}
{"event":"canonical_leg_key_unavailable","reason":"missing_scheduled","requested":"DL4820","ident":"EDV4820","origin":"MDW","destination":"MSP","scheduledDeparture":null,"serviceDate":null}
✔ FR24-only EDV/DAL alternation keeps one writable fallback row across cold stores and folds old alias state (2790.250417ms)
✔ EDV/DAL alternation keeps push/taxi/takeoff and arrival in one requested row across cold stores and late alias updates (2011.514543ms)
✔ validated alias folds isolate dates/routes and preserve CAS winners under concurrent cold loads (1880.849812ms)
✔ legacy provider row carries forward; handoff and cold stores use one canonical row, legacy untouched (2328.365392ms)
✔ fallback cold start carries old origKey forward; existing canonical state takes precedence (2691.891235ms)
✔ fallback-only cold start discovers dated provider rows, leaving opaque and tomorrow's rows untouched (3173.100247ms)
✔ simultaneous cold carry-forward and stale phase saves retain CAS/mergeForward (3019.706941ms)
✔ arrival carry-forward never overwrites a concurrent canonical winner (2946.0759ms)
✔ next-day and different-route polls do not carry old state forward (2776.525234ms)
✔ UA219 provider handoff fixture selects the same durable leg without changing stage logic (2.286235ms)
{"event":"canonical_leg_key_unavailable","reason":"missing_scheduled","requested":"UA219","ident":"UAL219","origin":"ORD","destination":"HNL","scheduledDeparture":null,"serviceDate":null}
✔ unvalidated FR24 state survives cold stores, folds forward, and reconciles later schedule gaps (2870.90367ms)
✔ fallback rows isolate different days/routes and UTC date is validated against scheduled clock (2818.701076ms)
{"event":"canonical_leg_key_unavailable","reason":"missing_scheduled","requested":"UA219","ident":"UAL219","origin":"ORD","destination":"HNL","scheduledDeparture":null,"serviceDate":null}
{"event":"canonical_leg_key_unavailable","reason":"missing_scheduled","requested":"UA219","ident":"UAL219","origin":"ORD","destination":"HNL","scheduledDeparture":null,"serviceDate":null}
{"event":"canonical_leg_key_unavailable","reason":"missing_scheduled","requested":"UA219","ident":"UAL219","origin":"ORD","destination":"HNL","scheduledDeparture":null,"serviceDate":null}
{"event":"canonical_leg_key_unavailable","reason":"missing_scheduled","requested":"UA219","ident":"UAL219","origin":"ORD","destination":"HNL","scheduledDeparture":null,"serviceDate":null}
{"event":"canonical_leg_key_unavailable","reason":"route_mismatch","requested":"UA219","ident":"UAL219","origin":"ORD","destination":"LAX","scheduledDeparture":null,"serviceDate":null}
{"event":"canonical_leg_key_unavailable","reason":"missing_scheduled","requested":"UA219","ident":"UAL219","origin":"ORD","destination":"HNL","scheduledDeparture":null,"serviceDate":null}
✔ schedule-less push/taxi and arrival survive midnight in cold stores, only from a recent same-route row (2758.408156ms)
[flight-phase-state] save conflict retry also lost the race { landKey: 'leg:v1:UAL219|2026-10-02|ORD|HNL' }
✔ confirmed takeoff survives concurrent stale CAS writes and same-version omissions (2785.169729ms)
✔ confirmed takeoff never crosses a scheduled service day or route (2837.238069ms)
✔ early provider revocation survives stale CAS, omissions and legacy folds; observed races remain permanent (3626.950042ms)
{"event":"canonical_leg_key_unavailable","reason":"service_date_mismatch","requested":"UA219","ident":"UAL219","origin":"ORD","destination":"HNL","scheduledDeparture":1790952900,"serviceDate":"2026-10-03"}
{"event":"canonical_leg_key_unavailable","reason":"route_mismatch","requested":"UA219","ident":"UAL219","origin":"ORD","destination":"HNL","scheduledDeparture":1790952900,"serviceDate":"2026-10-02"}
{"event":"canonical_leg_key_unavailable","reason":"missing_scheduled","requested":"UA219","ident":"UAL219","origin":"ORD","destination":"HNL","scheduledDeparture":null,"serviceDate":"2026-10-02"}
{"event":"canonical_leg_key_unavailable","reason":"service_date_mismatch","requested":"DL4820","ident":"EDV4820","origin":"MDW","destination":"MSP","scheduledDeparture":1791054000,"serviceDate":"2026-10-04"}
{"event":"canonical_leg_key_unavailable","reason":"route_mismatch","requested":"DL4820","ident":"EDV4820","origin":"MDW","destination":"MSP","scheduledDeparture":1791054000,"serviceDate":"2026-10-03"}
{"event":"canonical_leg_key_unavailable","reason":"service_date_mismatch","requested":"DL4820","ident":"DAL4820","origin":"MDW","destination":"MSP","scheduledDeparture":1791054000,"serviceDate":"2026-10-04"}
{"event":"canonical_leg_key_unavailable","reason":"route_mismatch","requested":"DL4820","ident":"DAL4820","origin":"MDW","destination":"MSP","scheduledDeparture":1791054000,"serviceDate":"2026-10-03"}
{"event":"canonical_leg_key_unavailable","reason":"service_date_mismatch","requested":"DL4820","ident":"9E4820","origin":"MDW","destination":"MSP","scheduledDeparture":1791054000,"serviceDate":"2026-10-04"}
{"event":"canonical_leg_key_unavailable","reason":"route_mismatch","requested":"DL4820","ident":"9E4820","origin":"MDW","destination":"MSP","scheduledDeparture":1791054000,"serviceDate":"2026-10-03"}
{"event":"canonical_leg_key_unavailable","reason":"route_mismatch","requested":"UA219","ident":"UAL219","origin":"ORD","destination":"MSY","scheduledDeparture":1790952900,"serviceDate":"2026-10-02"}
{"event":"canonical_leg_key_unavailable","reason":"route_mismatch","requested":"DL4820","ident":"EDV4820","origin":"MDW","destination":"MSP","scheduledDeparture":null,"serviceDate":null}
{"event":"canonical_leg_key_unavailable","reason":"missing_scheduled","requested":"UA219","ident":"UAL219","origin":"ORD","destination":"HNL","scheduledDeparture":null,"serviceDate":"2026-10-02"}
✔ provider-ID -> dated fallback -> provider-ID uses the same canonical IATA leg key (23.155672ms)
✔ next day's same flight number has a different key (0.557422ms)
✔ different routes have different keys (0.374787ms)
✔ scheduled departure date uses origin local time, not UTC or delayed actual time (0.42667ms)
✔ reject mismatched service date/route and missing scheduled departure (1.40126ms)
✔ requested carrier and normalized number select the key, regardless of provider carrier (0.980755ms)
✔ DL4820 uses DAL across EDV/DAL provider alternation and only folds validated same-leg aliases (3.449069ms)
✔ provider aliases use the validated origin-local day, including a UTC date boundary (0.894391ms)
✔ already resolved provider airports outside the local catalog retain durable identity (0.688151ms)
✔ each unavailable canonical key logs its specific reason and selects separate durable fallback (2.319966ms)
✔ unvalidated key preserves origKey's scheduled/estimated/actual/now UTC date source (0.21305ms)
✔ schedule-less identity prefers the request and folds only same-day/route provider fallback aliases (0.357571ms)
✔ device-only fallback and canonical resumes never write or carry legacy into shared rows (1.016301ms)
▶ regional codeshare idents
  ✔ maps marketed Delta Connection 9E to Endeavor EDV (1.659938ms)
  ✔ keeps marketed DL5305 as DAL5305, not the regional operator (0.412038ms)
  ✔ parses operator callsign EDV5305 when the passenger types that (0.269891ms)
  ✔ maps other US regionals used as codeshares (0.203117ms)
  ✔ still treats a DL5305 story as the flight the passenger asked for (0.360602ms)
✔ regional codeshare idents (4.7652ms)
▶ airline identity isolation
  ✔ resolves both Allegiant formats without switching to American (0.583882ms)
  ✔ rejects a wrong airline even when the original query was echoed (0.373319ms)
✔ airline identity isolation (3.602365ms)
▶ mergeForward
  ✔ keeps a present push when the other side has none (1.715268ms)
  ✔ keeps a present taxiOut when the other side has none (0.225966ms)
  ✔ prefers the earlier push when both sides have one and neither is provider_actual (0.140548ms)
  ✔ prefers a provider_actual push over a later-or-earlier track/live detection (0.175102ms)
  ✔ falls back to earliest-wins between two provider_actual records (0.823794ms)
  ✔ prefers the numerically later taxiOut when both sides have one (0.206243ms)
  ✔ resolves push and taxiOut independently, never all-or-nothing (0.190407ms)
  ✔ returns an empty state when both sides are empty (0.255535ms)
✔ mergeForward (5.96642ms)
▶ phaseStateEqual
  ✔ treats two empty states as equal (2.304263ms)
  ✔ treats identical non-empty states as equal (0.240675ms)
  ✔ treats a changed push as not equal (0.108885ms)
  ✔ treats a changed taxiOut as not equal (0.086096ms)
  ✔ treats a present vs. absent field as not equal (0.13605ms)
✔ phaseStateEqual (3.240924ms)
▶ confirmed takeoff merge
  ✔ never erases confirmation with an empty or stale ground state (0.173704ms)
  ✔ keeps provider actual time over observed and the first confirmation, in either order (0.21936ms)
  ✔ observations keep a null event time and confirmations merge associatively (0.223345ms)
  ✔ revoked stamps cannot return through a merge, corrected stamps can, and observed proof is retained (0.559908ms)
✔ confirmed takeoff merge (1.382247ms)
✔ leaving aborts the pending transport, removes only this story, and cannot schedule retries after focus/reconnect (42.454822ms)
✔ a not-found query makes one request and stays stopped on focus/reconnect; explicit retry can recover (21.333703ms)
✔ verified not-found stops; empty/402/ambiguous-404 source failures retain bounded retries (1.742498ms)
✔ an initial temporary outage makes at most five requests and focus/reconnect cannot reset the budget (22.218841ms)
✔ the existing 35-second transport deadline aborts, and an already-cancelled search never starts (3.492953ms)
✔ every server/wrapper stage has an explicit progress and pager mapping (3.034966ms)
✔ origin-local canonical day keeps baggage, airline and history identities stable when originals are cleared (28.882291ms)
✔ eight-hour slip retains the operational fallback rule independent of original schedule memory (0.603464ms)
✔ legacy posted clocks and validated dates work without original fields; wrong-route keys cannot choose a date (0.576227ms)
✔ same flight tomorrow and a different route have separate history identities (0.324333ms)
✔ canonical state identity matches diversion alerts through provider-ID handoff with null originals (1.417335ms)
▶ passenger miles
  ✔ rounds the same way for a long remaining distance (28.808972ms)
  ✔ handles short remaining distance (0.60653ms)
  ✔ still exports formatNm for airside distances (0.329434ms)
✔ passenger miles (32.030154ms)
▶ long-route cache subsample
  ✔ keeps Hawaii to Chicago connected after even thinning (4.69359ms)
✔ long-route cache subsample (4.98946ms)
✔ Chicago acquisition reuses the three existing free providers and the one covering 50nm geometry (15.118739ms)
✔ accepted boundary preserves real motion, altitude, vertical rate, metadata and opaque IDs (1.063051ms)
✔ normalization never invents a missing or invalid track, speed, altitude or vertical rate (1.983337ms)
✔ real response latency advances source age without resetting the authoritative fix timestamp (0.449277ms)
✔ Nearby opt-in observed fusion preserves a fast real fix while a slower provider finishes (1.179906ms)
✔ strict existing32s airborne and45s ground rules reject stale and future fixes (2.307026ms)
✔ conflicting current callsigns or registrations are rejected after existing fusion (1.975907ms)
✔ persisted previous observation rejects cold-instance teleport and regressed timestamp (0.899259ms)
✔ current evidence requirement rejects warm old and fusion-extrapolated positions (0.734319ms)
✔ normalization crops to covering collection and preserves ground/vehicle evidence for ranking boundary (0.533124ms)
✔ opaque IDs persist within one aircraft session and change when accepted callsign changes (0.627774ms)
✔ optional identity omissions preserve private session continuity without fabricating current identity (0.780973ms)
✔ session identity continuity expires after120s observed gap and new identity gets new opaque IDs (0.498439ms)
✔ overlong identifiers are unknown rather than truncated into invented callsigns or registrations (0.380934ms)
✔ successful empty is truly empty despite previously remembered fusion tracks (1.45539ms)
✔ partial usable acquisition publishes partial; partial empty and rejected-only are coverage failures (3.572013ms)
✔ status-aware failures and malformed payloads preserve health backoff and legacy behavior (2.44921ms)
✔ extracted existing interesting signal is behavior-equivalent for all known frame types and years (0.847751ms)
✔ private acquisition does not call paid or per-flight APIs and legacy fixture code remains disconnected (0.767412ms)
✔ 100 independent viewers use one SQL lease and one three-call acquisition cycle (4069.774738ms)
✔ Failure preserves last-safe positions, advances backoff, and cannot stampede (2848.437465ms)
✔ Demand and private ticks stop at activity expiry, then reactivate; cleanup stays bounded (2044.442503ms)
✔ Successful empty and partial are distinct from failure; original fix age controls serving (2264.129473ms)
✔ Database coordination errors stop acquisition rather than falling back per viewer (1.455447ms)
✔ Private Chicago, ORD and MDW entry points reuse the same accepted collection and recalculate their views (2231.246396ms)
✔ A publication racing view construction keeps shared incumbents and returns the new telemetry version (2637.680717ms)
✔ Nearby display motion uses accepted ground track and knots with spherical distance (2.766758ms)
✔ Spherical extrapolation remains bounded and wraps the antimeridian at high latitude (0.442134ms)
✔ Prediction stops at 25 seconds and stays fixed through stale and expired telemetry (0.513981ms)
✔ Missing or invalid motion, unknown ground state and derived anchors never extrapolate (0.576514ms)
✔ Invalid anchor/time has no display position and tolerated clock skew cannot move backward (0.600239ms)
✔ A new authoritative fix replaces a large prediction disagreement without mutation or vertical invention (1.191235ms)
✔ Cold Nearby polls agree with main on one-sample jitter and sustained altitude movement (16.619379ms)
✔ Cold jitter evidence is bounded and flat altitude overrides instantaneous provider rates (17.23424ms)
✔ Repeated authoritative timestamps retain old proof without manufacturing new proof (1.154525ms)
✔ Session change or expired continuity drops phase evidence; identity omissions preserve it (1.262931ms)
✔ Geometric provider rates are preserved when barometric rates are unavailable (1.160744ms)
✔ Dense accepted collections with phase evidence stay within the existing durable byte cap (127.150109ms)
✔ 100 independent engines share one cold aircraft acquisition and zero viewer-triggered route lookups (10361.074632ms)
✔ 100 explicit route workers collapse callsigns and share two-per-collection/six-per-rolling-minute SQL budgets (18482.132627ms)
✔ Concurrent provider outage uses shared negative retry protection and cannot remove or destabilize accepted aircraft (4740.102348ms)
✔ Radar immediately returns accepted telemetry while optional route reads are blocked or failing (100.372589ms)
✔ Chicago, ORD and MDW share route hints and one collection, without a worker configured by default (131.397057ms)
✔ Route-neutral construction selects twelve eligible aircraft and retains all five current incumbents (19.312466ms)
✔ Enrichment pool ignores existing route weights and excludes old, conflicting and ineligible observations (13.091522ms)
✔ Positive cache overlays private copies only while negative, malformed and expired hints leave routes unknown (5.48195ms)
✔ Only the bounded pool receives cache overlays; unknown routes remain eligible and populate Radar (69.0991ms)
✔ Generic hint expiry is logical; a fresh telemetry snapshot needs fresh evidence after expiry (0.821263ms)
✔ Existing Inbound confirmed or hint evidence wins a route disagreement without mutation (0.701077ms)
✔ Confirmed routes require every existing dated identity and freshness binding (0.921659ms)
✔ Callsign or session changes do not inherit cached aliases or confirmed dated bindings (1.526543ms)
✔ Existing hint and confirmed weights are exactly five/fifteen with association only for confirmation (1.406645ms)
✔ Route transitions use the existing five-slot board, ninety-second hold and twenty-point margin (2.120984ms)
✔ At most one competitive replacement and deterministic ties survive concurrent-route score transitions (1.166429ms)
✔ Featured route display uses only safe route fields and an optional matching generic airline label (1.193994ms)
✔ Enriched Radar retains accepted track, excludes all private route/evidence fields and stops motion at twenty-five seconds (2.245337ms)
✔ Viewer cache reads never call a fake provider; explicit construction consumes at most two missing keys (13.014909ms)
✔ Lookup failures and wrong callsigns publish negative retry protection without removing accepted aircraft (4.33388ms)
✔ Cache outage and stale or failed aircraft snapshots do no provider work (7.824293ms)
✔ Negative expiry can become a positive hint, then accepted dated confirmation, while the incumbent board stays stable (5.277869ms)
✔ Route DDL creates only bounded mutable hint/budget tables, is idempotent, and stays opt-in (4831.112204ms)
✔ SQL enforces route fields, positive/negative maximum TTL, environment and six-start budget bounds (3017.115665ms)
✔ 100 cold shared callers collapse the same callsign to one lease and one charged lookup (3555.674443ms)
✔ Budget allows two per actual collection cycle and six per rolling minute, including exact boundary (2843.20216ms)
✔ Positive and negative cache reuse survives collection refresh; failure retries after sixty seconds (2900.370074ms)
✔ Crashes, stale owners and duplicate writers are fenced without a retry stampede (2995.181155ms)
✔ Claims require the current fresh active successful collection and isolate environments (2835.587272ms)
✔ Cleanup cannot erase cycle or rolling quota; collection recreation has a new actual snapshot cycle (2723.131688ms)
✔ Concurrent cleanup and claims after collection recreation preserve two winners and the shared budget (2464.449719ms)
✔ Per-environment row cap includes pending hints and expired rows are pruned on claim (3087.733736ms)
✔ Database-clock claims resample time after waiting for the budget lock path (1926.502366ms)
✔ Default route store ignores caller clocks; missing shared DB and malformed publications fail closed (1901.847412ms)
✔ Observed callsign normalization preserves operating identity without marketing aliases (3.277372ms)
✔ Observed callsign normalization rejects malformed and oversized identities (0.744843ms)
✔ Positive route hint records only generic evidence and the original normalized callsign (3.905399ms)
✔ A positive route hint may contain one endpoint but cannot invent a missing endpoint (1.445878ms)
✔ A negative route hint has no route or airline information and a 60-second TTL (0.504588ms)
✔ Generic callsign route lookup can never claim a confirmed occurrence (0.54185ms)
✔ Route hints reject malformed endpoint codes instead of parsing route strings (1.357933ms)
✔ Lookup shape rejects missing, extra, raw-provider and dated-occurrence fields (0.574352ms)
✔ Lookup accepts only the exact normalized observed key and valid outcomes (0.866503ms)
✔ Safe Unicode airline labels are preserved within the display text bound (1.096072ms)
✔ Airline labels reject padding, empty text, control characters, markup and URLs (0.61419ms)
✔ Private source class is bounded ASCII classification rather than a provider URL or payload (2.819419ms)
✔ Serialized hint shape requires both timestamps and excludes extra private payloads (1.822208ms)
✔ Serialized route timestamps must be valid bounded ISO instants (2.059906ms)
✔ Positive and negative TTL limits include the exact maximum and reject any excess (1.355155ms)
✔ Logical hint expiry is strict and does not revive a positive or negative entry (0.764133ms)
✔ Unusable route evidence is ignored and future timestamps have only the existing one-second tolerance (7.386602ms)
✔ Cold SQL stores preserve bounded phase evidence and use main's sustained classifier (4499.402539ms)
✔ Publication rejects oversized, malformed, repeated, reordered or expired private phase evidence (3169.286998ms)
✔ Dense normalized phase snapshots fit the actual SQL JSONB byte constraint (3204.269935ms)
✔ Nearby migration applies only two bounded current-state tables to disposable PGlite (2475.037279ms)
✔ 100 independent cold stores share one SQL lease and one gated provider acquisition (3161.900032ms)
✔ lease fencing rejects late writers, duplicate publication, failure and owner ABA (2759.276067ms)
✔ failure preserves last-safe data/version, backs off 20/40/80/120 and resets on success (2596.787078ms)
✔ activity expires, requests reactivate, logical expiry precedes scoped cleanup (2424.383632ms)
✔ shared ranked views use collection/version CAS and preserve outage slots (2722.398209ms)
✔ invalid publication and unavailable shared DB never bypass coordination (3005.670131ms)
✔ default coordination uses the database clock even when callers supply a future clock (1668.504257ms)
✔ Radar can contain 100 accepted symbols while featured remains the same four/five prefix (86.060667ms)
✔ Renderer boundary preserves accepted anchors and telemetry while omitting private/provider/token data (1.670939ms)
✔ Unidentified accepted aircraft populate Radar with a neutral ident and no invented track (0.991019ms)
✔ Existing ranking eligibility rejects vehicles, ground aircraft, unsafe positions and conflicts (1.356871ms)
✔ Ranking deduplication selects the newest telemetry for Radar as well as featured cards (2.257561ms)
✔ Chicago, ORD and MDW reuse one collection but independently calculate proximity, crop and ranking (9.917496ms)
✔ Last-safe stale reads preserve featured order and report actual age without advancing accepted positions (2.56038ms)
✔ Telemetry and publication hard cutoffs remove old aircraft even when cached ranking state remains (0.610101ms)
✔ View assembly is pure and byte-bounded even when a private radar identifier is unexpectedly oversized (0.908097ms)
▶ passenger next-event lifecycle
  ✔ never sends final approach back to a departure event (1.391293ms)
  ✔ follows arrival stages monotonically (0.294614ms)
✔ passenger next-event lifecycle (3.743909ms)
▶ passenger airport presentation
  ✔ uses observations rather than publishing flight categories (2.094843ms)
  ✔ formats the UA219 gate event in Honolulu time, not the current wall clock (36.914324ms)
✔ passenger airport presentation (39.634163ms)
✔ Nearby fixture: healthyChicago (4.157585ms)
✔ Nearby fixture: ord (2.547714ms)
✔ Nearby fixture: mdw (0.647977ms)
✔ Nearby fixture: fourCardBoard (0.473461ms)
✔ Nearby fixture: fewerThanFour (0.497366ms)
✔ Nearby fixture: unknownRoute (0.35388ms)
✔ Nearby fixture: routeHint (0.464213ms)
✔ Nearby fixture: confirmedRoute (0.359372ms)
✔ Nearby fixture: extrapolatedPosition (1.131115ms)
✔ Nearby fixture: partialCoverage (9.49938ms)
✔ Nearby fixture: staleLastKnown (0.576831ms)
✔ Nearby fixture: emptySuccess (0.296693ms)
✔ Nearby fixture: feedUnavailable (0.364215ms)
✔ Nearby fixture: warming (0.3211ms)
✔ Nearby fixture: missingArea (0.229053ms)
✔ Nearby fixture: invalidArea (0.168226ms)
✔ Detail fixture: predeparture (1.022625ms)
✔ Detail fixture: pushbackDetected (1.998879ms)
✔ Detail fixture: taxiOut (6.79286ms)
✔ Detail fixture: takeoffRoll (6.219852ms)
✔ Detail fixture: airborne (1.848646ms)
✔ Detail fixture: arrival (0.818308ms)
✔ Detail fixture: finalApproach (0.860415ms)
✔ Detail fixture: landedTaxiIn (1.395129ms)
✔ Detail fixture: atGate (0.795364ms)
✔ Detail fixture: cancelled (1.177593ms)
✔ Detail fixture: diverted (1.933405ms)
✔ Detail fixture: stalePosition (0.947684ms)
✔ Detail fixture: noPosition (0.852445ms)
✔ Detail fixture: inferredLanding (0.965453ms)
✔ Detail fixture: providerActualLanding (0.970184ms)
✔ Detail fixture: unknownTimeProvenance (0.952358ms)
✔ Result fixture: resolved (1.082014ms)
✔ Result fixture: ambiguous (1.753146ms)
✔ Result fixture: notFound (0.241402ms)
✔ Result fixture: unavailable (0.160887ms)
✔ Result fixture: expired (0.080039ms)
✔ Result fixture: unsupported (0.264971ms)
✔ Result fixture: invalidRequest (0.099693ms)
✔ Result fixture: repeatedSameDay (0.464143ms)
✔ Strict request variants reject unknown and mixed properties at every level (4.94331ms)
✔ Dates, UTC instants, IANA zones and handle formats validate (1.013563ms)
✔ Nulls stay null; missing fact is not a false, zero, empty, or value:null (3.004987ms)
✔ Every public numeric kind rejects NaN/infinities and out-of-range coordinates (11.000487ms)
✔ Five-card/candidate, 128-point, UTF-8 payload and text bounds (16.707791ms)
✔ Nearby status invariants distinguish empty, outage, invalid and last-known (5.239105ms)
✔ All detailed result statuses enforce their discriminated invariants (4.977559ms)
✔ Route, selection, provenance, source attribution and unknown-position invariants (2.883662ms)
✔ Repeated same-day operations remain explicit choices with distinct handles (1.9865ms)
✔ Unsupported/missing area resolution is entirely synchronous, before acquisition (1.766063ms)
✔ Exported versioned JSON schemas prohibit additional properties recursively (22.820836ms)
✔ All approved aliases resolve inside Inbound with exact defaults (4.165727ms)
✔ Unsupported aliases/radii/limits/point input fail safely without clamping (2.928774ms)
✔ Nine views fit the proposed Chicago covering circle and re-crop independently (5.111083ms)
✔ Distance is nautical miles from area reference; statute conversion is display-only (1.283334ms)
✔ View key excludes per-viewer limit, identity and position options (0.499049ms)
✔ Foundation and fixture proof import no provider, live story, DB runtime, or current web UI (4.075071ms)
✔ Deployment is exactly three audited files byte-identical to the fixture build (588.522459ms)
✔ Negative safety fixtures reject outbound clients, forbidden modules, dynamic code, endpoints and credentials (3660.175638ms)
{"fixtureOnly":true,"method":"initialize","toolCalls":0,"egressPolicy":"static-isolation"}
{"fixtureOnly":true,"method":"tools/list","toolCalls":0,"egressPolicy":"static-isolation"}
{"fixtureOnly":true,"method":"resources/list","toolCalls":0,"egressPolicy":"static-isolation"}
{"fixtureOnly":true,"method":"resources/read","toolCalls":0,"egressPolicy":"static-isolation"}
{"fixtureOnly":true,"method":"tools/call","toolCalls":1,"egressPolicy":"static-isolation"}
{"fixtureOnly":true,"method":"tools/call","toolCalls":2,"egressPolicy":"static-isolation"}
{"fixtureOnly":true,"method":"tools/call","toolCalls":3,"egressPolicy":"static-isolation"}
{"fixtureOnly":true,"method":"tools/call","toolCalls":4,"egressPolicy":"static-isolation"}
{"fixtureOnly":true,"method":"tools/call","toolCalls":5,"egressPolicy":"static-isolation"}
✔ Compiled fixture works through real HTTP/Undici without changing host globals or Node builtins (521.910231ms)
{"fixtureOnly":true,"method":"initialize","toolCalls":0,"egressPolicy":"static-isolation"}
{"fixtureOnly":true,"method":"tools/list","toolCalls":0,"egressPolicy":"static-isolation"}
{"fixtureOnly":true,"method":"resources/list","toolCalls":0,"egressPolicy":"static-isolation"}
{"fixtureOnly":true,"method":"resources/read","toolCalls":0,"egressPolicy":"static-isolation"}
{"fixtureOnly":true,"method":"tools/call","toolCalls":1,"egressPolicy":"static-isolation"}
{"fixtureOnly":true,"method":"tools/call","toolCalls":2,"egressPolicy":"static-isolation"}
{"fixtureOnly":true,"method":"tools/list","toolCalls":2,"egressPolicy":"static-isolation"}
✔ Preview is read-only, fixture-only, bounded, and fails closed for production, secrets and expired test windows (83.585406ms)
✔ Fixture import leaves host transport and instrumentation writable (1.146399ms)
✔ Radar projection centers the named reference and preserves north/east and aspect ratio (1.76951ms)
✔ Radar projection rejects invalid coordinates and identifies out-of-view observations (0.43099ms)
✔ Same four existing fixture coordinates and timestamps survive Chicago/ORD/MDW reads (16.39136ms)
✔ Fixture response excludes aircraft outside the requested area before applying limit (1.211366ms)
✔ Radar fits deterministic airport and aircraft coordinates with valid mobile geometry (6.632097ms)
✔ Radar UI remains self-contained and passes the same build-time safety check (216.106815ms)
✔ Fixture tool never resolves flights, preserves nulls, and honors area/presentation input (13.853219ms)
✔ Self-contained UI resource has valid JS, safe fixture text and explicit host fallback (3.869397ms)
✔ Local MCP protocol discovery, UI metadata, JSON transport and safety boundaries (145.460318ms)
✔ Plugin phase shares Inbound's sustained evidence rules while raw display trend remains instantaneous (8.5223ms)
✔ Display-only vertical trend preserves its separate +/-250 fpm thresholds (0.521557ms)
✔ Shared destination geometry requires confirmed dated routes before an approach label (0.883365ms)
✔ Every hard eligibility exclusion is enforced, while unknown route/private identity remains eligible (1.93661ms)
✔ Exact score tops out at 128 and bonuses follow the frozen policy (2.696469ms)
✔ Confirmation ages and aircraft-session binding downgrade safely (0.56747ms)
✔ Ranking ties use score, distance, fix time then opaque card ID; input order is irrelevant (6.889093ms)
✔ Private identity deduplication picks the fresh fix and rejects conflicting sessions (0.675192ms)
✔ Shared top five and all one-to-five limits use one deterministic prefix (3.173546ms)
✔ Incumbents are held for 90 seconds despite a large challenger score (1.439765ms)
✔ Twenty-point margin is inclusive; one competitive replacement per version (2.262817ms)
✔ Hard removal bypasses hold, fills vacancies, and preserves surviving relative order (1.01904ms)
✔ Changing scores never sorts incumbents; reverse ranking tie breaks select the worst (0.976994ms)
✔ Outage does not rank or replace; cold failure has no board; inactive state expires (6.56923ms)
✔ Staged design is outside both automatic migration discovery paths (1.723637ms)
✔ Ephemeral DDL validates using existing local PGLite and Sql surface only (4137.564905ms)
▶ schedule-only presentation memory
  ✔ never remembers actual-only push, takeoff, or landing as scheduled (5.579725ms)
  ✔ never remembers estimated-only push, takeoff, or landing as scheduled (0.276921ms)
  ✔ remembers original schedules, and explicitly scheduled posted values (0.362901ms)
  ✔ uses explicit stamps to reject unscheduled server orig* seeds, including matching actual values (0.311193ms)
  ✔ hides unproven orig* seeds when the server schedule cannot supply explicit stamps (0.303314ms)
  ✔ keeps a known schedule across provider gaps without letting an earlier estimate replace it (0.204789ms)
  ✔ accepts a schedule equal to an actual when explicitly proven, including landing without pushback (0.316645ms)
  ✔ rejects nonfinite values (0.349548ms)
✔ schedule-only presentation memory (10.37196ms)
▶ shared time labels and local clocks
  ✔ uses the reported kind rather than guessing from equal clock times (0.48715ms)
  ✔ adds the device-local abbreviation to update clocks, including daylight saving and UTC (34.700167ms)
✔ shared time labels and local clocks (35.542524ms)
▶ next weather before strongest weather
  ✔ leads with light at 11 minutes, then moderate at 3h 48m, using the map/Weather copy (4.750344ms)
  ✔ removes passed events, includes an event starting now, and does not mutate samples (2.159347ms)
  ✔ does not invent a stronger secondary event for equal or weaker weather (0.69745ms)
✔ next weather before strongest weather (7.874063ms)
▶ radar tiles
  ✔ covers HNL through ORD, including Utah and the Midwest (1.259756ms)
  ✔ still covers a short domestic hop at a tighter zoom (0.405108ms)
  ✔ does not starve the east side of a wide box (0.276753ms)
✔ radar tiles (3.669648ms)
✔ filed-only and track holds keep geometry, last known progress and age together across provider IDs (4.786862ms)
✔ holds guard stateKey, service date and route; validated reroutes and landing own the new geometry (0.509097ms)
✔ fresh recovery projects the new real fix on held geometry instead of freezing old progress (0.969492ms)
✔ a runway change or deactivated arrival plan cannot reapply the previous approach (0.271564ms)
✔ free pan stops half a route screen beyond each edge (3.877471ms)
✔ free map zoom cannot shrink below 0.75 or exceed 12 (0.302489ms)
✔ bounds contain the viewport within the route buffer at every scale and aspect (0.573385ms)
✔ weather preview retains its existing zoom and pan limits (0.242566ms)
✔ filed → direct → filed, cold stores, reroute and concurrent weak polls retain the best same-leg geometry (3627.039141ms)
✔ route memory rejects unvalidated waypoints and isolates date/route/diversion changes (2.071882ms)
✔ loading aliases is read-only; their facts fold with a concurrent poll in one final CAS save (1902.872114ms)
✔ UA219 oceanic gap retains last observed progress and clock; fresh recovery resumes (8.853014ms)
✔ fresh progress accepts only real, timed airborne fixes within 90 s (0.365713ms)
✔ large tracks stay bounded and preserve the first and latest real observation (10.77011ms)
✔ light and explicit light-to-moderate are yellow; moderate-to-severe is red (1.690247ms)
✔ a continuous light-then-moderate event has one marker and changes color at the moderate sample (1.627389ms)
✔ a smooth gap of five minutes or less splits numbers and stays teal (0.766198ms)
✔ storm-only and cloud-only events have icons, not turbulence numbers (0.323168ms)
✔ each marker is exactly the first point of its segment, including unsorted samples and partial progress (0.450503ms)
✔ explicit light-to-moderate retains its yellow range label instead of becoming plain moderate (0.148988ms)
✔ yellow and red tokens contrast with both themes and the radar outline background (2.792161ms)
▶ runway chip screen layout
  ✔ places the chip opposite downwind without crossing a line or airport at 375px (1.587775ms)
  ✔ places the chip opposite downwind without crossing a line or airport at 390px (0.255287ms)
  ✔ hides a tiny overview approach and an offscreen threshold (0.172664ms)
  ✔ repositions for zoom and pan instead of clamping across the approach (0.59843ms)
  ✔ keeps the aircraft and overlay pills clear, or hides when no safe space remains (1.558433ms)
  ✔ handles segments crossing the screen with both endpoints outside (2.005163ms)
  ✔ uses the other side for a mirrored downwind (0.403114ms)
✔ runway chip screen layout (10.564329ms)
▶ departure evidence
  ✔ does not mark UA1532 airborne while its takeoff is still in the future (1.019565ms)
  ✔ does not treat gate departure alone as takeoff (5.942993ms)
  ✔ keeps an old FlightAware fix at its observed location (1.30744ms)
✔ departure evidence (9.826802ms)
▶ FlightAware JSON
  ✔ parses an object even when a string contains braces (1.887118ms)
✔ FlightAware JSON (2.311124ms)
▶ FA altitude
  ✔ treats FlightAware hundreds as feet (0.6245ms)
✔ FA altitude (0.820613ms)
▶ airborne without takeoff actual
  ✔ uses estimated takeoff once the flight is airborne (0.476249ms)
✔ airborne without takeoff actual (0.751108ms)
▶ live from FA track
  ✔ uses the last track point when top-level coord is missing (5.428706ms)
✔ live from FA track (5.628104ms)
▶ estimated takeoff is not observation
  ✔ keeps off-block flights on the ground when an airborne label precedes actual takeoff (0.328134ms)
✔ estimated takeoff is not observation (0.917319ms)
✔ each cache hit/miss/coalesced request logs duration, schedule source, fallback outcome and category (3.561583ms)
✔ overlapping flights keep request diagnostics isolated, including failure and cached-source recovery (4.547489ms)
▶ world country rings
  ✔ covers major landmasses (30.674279ms)
  ✔ does not scribble across the antimeridian (18.651606ms)
  ✔ shows countries on overseas route boxes (4.949885ms)
✔ world country rings (57.344099ms)
▶ admin1 rings
  ✔ includes US states, Canada provinces, Mexico states, Hawaii (1.762442ms)
  ✔ does not scribble across the antimeridian (3.35918ms)
✔ admin1 rings (5.578731ms)
▶ Great Lakes shoreline
  ✔ distinguishes Lake Michigan from Michigan land and preserves its islands (0.354539ms)
✔ Great Lakes shoreline (0.673923ms)
▶ route PIREP bounds
  ✔ bounds Chicago to Los Angeles and ignores invalid coordinates (3.5373ms)
  ✔ splits a dateline crossing into two narrow boxes (0.692754ms)
✔ route PIREP bounds (5.488458ms)
▶ route advisory validity
  ✔ omits a SIGMET or CWA before issue validity and after expiry (1.788334ms)
  ✔ matches a forecast snapshot to the time the aircraft reaches it (0.492799ms)
✔ route advisory validity (2.660192ms)
▶ altitude-aware AIRMET
  ✔ skips high-alt turbulence near the ground on arrival (1.155702ms)
  ✔ applies low-level AIRMET and LLWS only near the field (0.504576ms)
  ✔ parses FL bands (2.824792ms)
  ✔ uses severity when present (0.315225ms)
✔ altitude-aware AIRMET (6.893027ms)
▶ PIREP association
  ✔ rejects PIREPs that are far or at the wrong altitude (0.472936ms)
  ✔ reads FL from raw PIREP text (0.62112ms)
✔ PIREP association (1.313174ms)
▶ filed snapshot vs live delta
  ✔ keeps the first digest and reports weather deltas later (1.036451ms)
  ✔ hash changes when chop changes (0.301748ms)
✔ filed snapshot vs live delta (1.516887ms)
▶ TAF passenger line
  ✔ mentions tempo thunderstorms and low ceiling (0.88044ms)
  ✔ does not report a later storm as weather at an earlier arrival time (0.549154ms)
✔ TAF passenger line (1.609622ms)
▶ corridor stations
  ✔ picks airports near the path, not origin or dest (6.420905ms)
✔ corridor stations (6.557888ms)
▶ worseChop
  ✔ ranks severe over light (0.292013ms)
✔ worseChop (0.429848ms)
▶ airport-leg turbulence evidence
  ✔ rejects missing or high layers below 10,000 feet (0.356195ms)
  ✔ requires a nearby low-level PIREP, preserving cruise reports (0.226885ms)
✔ airport-leg turbulence evidence (0.75744ms)
ℹ tests 909
ℹ suites 88
ℹ pass 908
ℹ fail 0
ℹ cancelled 0
ℹ skipped 0
ℹ todo 1
ℹ duration_ms 68408.348135

✖ failing tests:

test at scripts/flight-audit-regression.test.mjs:837:3
⚠ loads an exact route from a FlightStats-style public status page (2.525277ms) # Held #6: unknown-airport route support — https://github.com/jarndtphoto/Inbound/blob/codex/test-suite-cleanup/docs/test-cleanup-held-bugs.md#6-zrh--unknown-airport-public-route-support
  AssertionError [ERR_ASSERTION]: Expected values to be strictly equal:
  
  undefined !== 'UA3'
  
      at TestContext.<anonymous> (file:///workspace/scratch/83746901af9a/inbound-route-enrichment/scripts/flight-audit-regression.test.mjs:840:12)
      at Test.runInAsyncScope (node:async_hooks:227:14)
      at Test.run (node:internal/test_runner/test:1382:25)
      at Suite.processPendingSubtests (node:internal/test_runner/test:960:18)
      at Test.postRun (node:internal/test_runner/test:1522:19)
      at Test.run (node:internal/test_runner/test:1447:12)
      at async Suite.processPendingSubtests (node:internal/test_runner/test:960:7) {
    generatedMessage: true,
    code: 'ERR_ASSERTION',
    actual: undefined,
    expected: 'UA3',
    operator: 'strictEqual',
    diff: 'simple'
  }
