npm warn Unknown env config "http-proxy". This will stop working in the next major version of npm.

> check
> npm run typecheck && npm test

npm warn Unknown env config "http-proxy". This will stop working in the next major version of npm.

> typecheck
> tsc --noEmit

npm warn Unknown env config "http-proxy". This will stop working in the next major version of npm.

> test
> node --experimental-strip-types --import ./scripts/test-imports.mjs --test 'scripts/**/*.test.mjs' 'src/**/*.test.ts'

[aeroapi] key unavailable; using public feed
[aeroapi] UAL219-test matched flight
✔ active leg beats tomorrow and prior arrival (6.113407ms)
✔ landed flight remains until actual gate arrival (0.251377ms)
✔ wrong callsign and exact leg mismatch rejected (0.14481ms)
✔ estimates never turn into actual events (2.645006ms)
✔ paid AeroAPI is disabled unless explicitly opted in, then caches repeated requests (6.61188ms)
✔ departure level-off and small negative rates at 6000ft stay ride/climb (2.228042ms)
✔ cruise ±400fpm jitter stays ride/cruise while retaining raw readings (0.397971ms)
✔ sustained descent at 80nm starts arrival before the legacy distance-only gate (0.203717ms)
✔ sustained descent plus outer-final geometry works before the 7.5nm gate (0.158892ms)
✔ AA662 captured fixes preserve the arrival projection versus legacy phase inputs (90.656699ms)
✔ UAL2207 captured fixes preserve the arrival projection versus legacy phase inputs (9.287691ms)
✔ FlightAware and trace cold starts derive the same descent from existing ≥30s tracks (1.828383ms)
✔ traffic uses sustained geometry/rates instead of a second phase definition (1.588312ms)
✔ actual traffic rows keep descent/climb labels visible beside airline/type (67.365348ms)
✔ baggage date falls back to public schedule service date when provider clocks are missing (3.005874ms)
✔ HNL carousel matched to exact UA219 flight leg (16.786059ms)
✔ HNL different day, origin, destination or flight never borrows carousel (0.394764ms)
✔ HNL blank carousel is not posted; absent or ambiguous row is unavailable (0.35182ms)
✔ LAX baggage table matches exact flight and reads terminal/carousel (24.490772ms)
✔ LAX does not borrow another flight carousel (0.19413ms)
✔ LAX ambiguous duplicate rows fail closed (0.232824ms)
✔ LAX blank carousel is not posted (0.200199ms)
✔ FlightStats finds same-day detail links for a reused flight number (1.2413ms)
✔ FlightStats exact UA457 LAX to ORD detail supplies baggage 4 (5.295866ms)
✔ FlightStats exact ORD arrival supplies baggage (0.618382ms)
✔ FlightStats wrong route fails closed (0.205477ms)
✔ FlightStats N/A baggage is not posted (0.201957ms)
✔ FlightView exact ORD arrival supplies terminal and baggage (6.167482ms)
✔ FlightView wrong destination fails closed (0.484544ms)
✔ FlightView MDW page without baggage stays not-posted (0.443471ms)
✔ FlightView MCO arrival supplies carousel (0.287531ms)
✔ Cirium exact flight supplies baggage and terminal (0.767608ms)
✔ Cirium exact flight without baggage stays not-posted (6.448565ms)
[baggage-flightstats] {
  flight: 'UA219',
  origin: 'ORD',
  destination: 'ATL',
  date: '2026-09-13',
  reason: 'offline'
}
[baggage-flightstats] {
  flight: 'UA219',
  origin: 'ORD',
  destination: 'HNL',
  date: '2026-09-13',
  reason: 'offline'
}
[baggage-flightstats] {
  flight: 'AA123',
  origin: 'DFW',
  destination: 'LAX',
  date: '2026-09-16',
  reason: 'offline'
}
[baggage-flightview] {
  flight: 'AA123',
  origin: 'DFW',
  destination: 'LAX',
  date: '2026-09-16',
  reason: 'offline'
}
[baggage-flightstats] {
  flight: 'AA1339',
  origin: 'DFW',
  destination: 'ORD',
  date: '2026-09-16',
  reason: 'offline'
}
[baggage-flightview] {
  flight: 'AA1339',
  origin: 'DFW',
  destination: 'ORD',
  date: '2026-09-16',
  reason: 'offline'
}
[baggage-flightstats] {
  flight: 'WN1110',
  origin: 'DEN',
  destination: 'MDW',
  date: '2026-09-16',
  reason: 'offline'
}
[baggage-flightview] {
  flight: 'WN1110',
  origin: 'DEN',
  destination: 'MDW',
  date: '2026-09-16',
  reason: 'offline'
}
[baggage-flightstats] {
  flight: 'F91952',
  origin: 'DFW',
  destination: 'MCO',
  date: '2026-09-16',
  reason: 'offline'
}
[baggage-flightview] {
  flight: 'F91952',
  origin: 'DFW',
  destination: 'MCO',
  date: '2026-09-16',
  reason: 'offline'
}
[baggage-flightstats] {
  flight: 'AS65',
  origin: 'SEA',
  destination: 'ANC',
  date: '2026-09-16',
  reason: 'offline'
}
✔ Cirium wrong route or ambiguous status fails closed (0.231793ms)
✔ Alaska anonymous status page supplies carousel for exact route (5.455035ms)
✔ Alaska route mismatch fails closed (0.248687ms)
✔ Alaska multi-segment page with multiple carousel occurrences is ambiguous (0.188047ms)
✔ invalid flight does not fetch; public fallback and upstream errors stay isolated (17.12185ms)
✔ collapsed baggage summary never guesses an assignment (0.58649ms)
✔ non-canvas app with no custom card gets a soft BRAND NOTE (utility exception) (3.121205ms)
✔ non-canvas app with a compliant card is silent (5.15917ms)
✔ card file without site.json card=custom warns (1.197935ms)
✔ card file with missing site.json warns for card=custom (0.895041ms)
✔ card file with invalid site.json warns for card=custom (2.504297ms)
✔ oversized card warns for non-canvas apps too (5.253803ms)
✔ canvas app with no card warns 'missing' and missing og:type (1.164134ms)
✔ canvas card without type still warns for og:type (2.533887ms)
✔ oversized card warns on the scraper budget (jpg and legacy png) (7.201867ms)
✔ compliant game (custom card + site.json type + x-banner) is silent (2.080866ms)
✔ __root.tsx og:type no longer satisfies the canvas gate (1.830964ms)
✔ oversized x-banner warns on the same scraper budget as og.jpg (1.980627ms)
✔ legacy png + site.json type still needs the X feed card (3.174583ms)
✔ siteDeclaresOgTypeGame reads the site contract (0.260237ms)
✔ a fresh og-pending marker silences the whole gate view (0.814751ms)
✔ a stale og-pending marker is ignored and the warnings return (0.717878ms)
✔ the marker goes stale on the clock, not on the file (0.809135ms)
✔ no marker means nothing is in flight (0.846318ms)
✔ parseBrandCheckArgs takes --game, --placeholder-ok and --root, and rejects the rest (0.458345ms)
✔ cli: a game missing its card reports JSON and exits 1 (423.915583ms)
✔ cli: a compliant game passes (169.950709ms)
✔ cli: the task's own marker is reported, not honoured (807.44247ms)
✔ cli: a bad argument fails with JSON on stderr (368.90838ms)
✔ cli: a non-game with no card fails too — the pass exists to produce one (257.528358ms)
✔ cli: --placeholder-ok is how a plain-utility pass reports no card as expected (532.169746ms)
✔ cli: a non-game with a compliant card passes (347.797924ms)
✔ SKILL.md and AGENTS.md name the marker path and bound this script uses (7.753351ms)
✔ the sections that own the brand-task prohibition never affirm a wait (11.215505ms)
✔ SKILL.md tells the pass to self-check with the flag this CLI accepts (0.801698ms)
✔ normalizes whitespace before hashing (28.746559ms)
✔ nullish and blank body text normalize to the empty string (8.905844ms)
✔ body text prefix is normalized and capped (0.21948ms)
✔ identical runs do not diverge (17.142533ms)
✔ status change diverges (30.846009ms)
✔ title change diverges (0.200011ms)
✔ title comparison is skipped when either side lacks one (0.162855ms)
✔ canvas disappearing diverges; canvas appearing does not (1.761706ms)
✔ horizontal overflow appearing diverges; clearing does not (2.539245ms)
✔ new console errors diverge (8.540499ms)
✔ errors already present in the baseline do not re-diverge (0.176757ms)
✔ body text collapse diverges (0.115897ms)
✔ body text dropping to zero reports collapse (0.110492ms)
✔ zero-length baseline reports growth via the hash branch, not collapse (0.144101ms)
✔ hash mismatch with a trivial length delta and same page start is tolerated (0.06979ms)
✔ hash mismatch with a trivial length delta but changed page start diverges (0.113848ms)
✔ prefix check is skipped when either side lacks a prefix (0.143241ms)
✔ length-delta tolerance boundary: 50 tolerated, 51 diverges (500-char baseline) (0.111043ms)
✔ length-delta floor dominates small baselines: 20 tolerated, 21 diverges (100-char baseline) (0.798544ms)
✔ collapse boundary: exactly half is 'changed', one below is 'collapsed' (0.167626ms)
✔ missing baseline viewport diverges (1.181362ms)
✔ empty or null baseline diverges for every viewport (0.21386ms)
✔ degenerate current verdict fails closed (0.230376ms)
✔ multiple signals across viewports all accumulate (2.684268ms)
✔ baselineComparison round-trips a valid baseline (0.2092ms)
✔ baselineComparison fails closed on malformed or wrong-shape baselines (0.284689ms)
✔ parseSmokeArgs defaults (0.181571ms)
✔ parseSmokeArgs consumes --baseline without shifting positionals (0.072308ms)
✔ parseSmokeArgs rejects a trailing --baseline flag (1.026092ms)
✔ parseSmokeArgs supports the --baseline= form (0.152355ms)
✔ parseSmokeArgs rejects unknown flags instead of treating them as positionals (0.084095ms)
✔ parseSmokeArgs env fallback and flag precedence (0.07612ms)
✔ derivedPaths handles .png, .PNG, and extensionless inputs (2.25845ms)
✔ exitCodeFor: clean run exits 0 (0.204679ms)
✔ exitCodeFor: errors in any single viewport exit 2 (0.166718ms)
✔ exitCodeFor: navigation failure in any viewport exits 1, beating errors (0.11453ms)
✔ exitCodeFor: 4xx boundary and missing status (0.076995ms)
✔ exitCodeFor: no viewport data is a failure (0.075882ms)
✔ browser-smoke wires the guard and verdict helpers (0.413442ms)
✔ browser-smoke file I/O only touches guarded paths (0.446625ms)
✔ the flag predicate matches src/lib/auth (1.662041ms)
✔ reads the value a live dev server resolved (0.449301ms)
✔ a server started without the flag reads as sign-in on (0.246095ms)
✔ agreement passes (0.315079ms)
✔ divergence fails in either direction (0.343012ms)
✔ an unobservable dev server is indeterminate, not agreement (0.179882ms)
✔ a dev server that cannot be reached probes as null (0.343333ms)
✔ a server without the endpoint probes as null, not as agreement (0.382285ms)
✔ only a divergence warns the smoke verdict (1.362919ms)
✔ the build side resolves the template's shipped app-env (0.818307ms)
✔ the CLI reports rather than silently passing when run via a symlink (307.975954ms)
✔ DL773: joins original and diversion airport records for the same dated flight (8.194739ms)
✔ exact provider lookup also resolves a diversion pair (0.255193ms)
✔ does not join different departures, origins or aircraft (0.346137ms)
✔ ambiguous diversion destinations remain unmerged (0.668089ms)
✔ flag without a matching revised record does not invent the diversion airport (0.763582ms)
✔ diverted status is recognized but a negated status is not (0.250494ms)
✔ arrival at a diversion airport is not presented as the intended destination (0.359019ms)
✔ a destination change emits a diversion alert for the same provider instance (1.31726ms)
✔ DL307 and DL650 remain separate flights, not inferred rebookings (1.821043ms)
[aeroapi] key unavailable; using public feed
▶ passenger weather presentation
  ✔ does not use numbered weather events as passenger titles (2.905148ms)
  ✔ uses experience-based weather titles and impact copy (0.262776ms)
  ✔ translates aviation products into passenger source labels (0.335609ms)
  ✔ retains internal marker numbering for map association (0.280054ms)
✔ passenger weather presentation (8.15412ms)
▶ zoom-stable route presentation
  ✔ keeps every route, flown-track, projected, outline, and weather stroke screen-sized (0.62713ms)
  ✔ uses butt caps on route runs so weather entry markers do not get a bullseye halo (0.528409ms)
  ✔ counter-scales route decorations and the aircraft inside the zoom group (0.417199ms)
  ✔ does not stack a convective halo underneath a numbered weather event (0.380072ms)
  ✔ keeps route water styling scoped away from the airport ground map (0.349131ms)
  ✔ fills the actual lake path with ocean water while retaining the shoreline (0.357182ms)
  ✔ fits the initial ground-map view to the loaded airport surface (0.203546ms)
✔ zoom-stable route presentation (3.565212ms)
▶ weather card copy hierarchy
  ✔ renders the full passenger headline once and uses a compact preview-map label (7.820556ms)
  ✔ keeps compact labels across turbulence, storms, and clouds (0.284465ms)
✔ weather card copy hierarchy (8.296536ms)
▶ final approach passenger stage
  ✔ keeps a descending aircraft 25 NM out in Arrival (1.128109ms)
  ✔ shows Final approach at 10 NM when low and descending (0.30887ms)
  ✔ keeps an established aircraft 5 NM out in Final approach (0.180693ms)
  ✔ allows close-in geometry when vertical rate and phase are missing (0.134182ms)
  ✔ uses heading toward destination as supporting evidence farther out (0.187599ms)
  ✔ rejects obviously high or implausibly slow close-in aircraft (0.7695ms)
  ✔ transitions touchdown to Landed/rollout (0.237559ms)
  ✔ does not show Final approach while high or far away (0.188387ms)
  ✔ logs final-approach evidence for live validation (1.37352ms)
  ✔ renders Final approach as a first-class passenger stage (0.717956ms)
✔ final approach passenger stage (5.926549ms)
▶ post-landing passenger stage
  ✔ keeps a fresh 120 kt touchdown as Landed/rollout (0.484708ms)
  ✔ makes fresh 18 kt ground movement a first-class Taxiing in stage (0.182624ms)
  ✔ makes fresh 35 kt post-rollout movement Taxiing in (0.119831ms)
  ✔ retains Taxiing in when the surface position disappears (0.873811ms)
  ✔ retains Taxiing in with a stale surface fix (0.224286ms)
  ✔ never marks a moving aircraft At gate without gate-in (0.200769ms)
  ✔ marks confirmed gate-in At gate (0.158298ms)
  ✔ marks robust stationary/parked detection At gate (0.098109ms)
  ✔ renders Taxiing in as the actual passenger stage (1.313993ms)
✔ post-landing passenger stage (4.74089ms)
[departure-telemetry] {
  callsignRequested: 'UA1532',
  flightInstance: 'leg:v1:UAL1532|2026-09-12|ORD|MSY',
  currentStage: 'push',
  pushLatched: true,
  taxiOutLatched: false,
  pushTimestamp: 1789231380,
  pushTimestampSource: 'provider_actual',
  firstDepartureMovement: false,
  rawTaxiHint: false,
  stageTaxiHint: false,
  taxiThresholdKt: 6,
  parkedObservedSec: 0,
  stationaryAtStand: false,
  awayFromPassengerGateArea: false,
  providerGateOut: { scheduled: 1789227420, estimated: 1789231200, actual: 1789231380 },
  providerGateOutPublic: { scheduled: 1789227420, estimated: 1789231200, actual: 1789231380 },
  groundspeedKt: null,
  onGround: null,
  distanceFromParkedNm: null,
  positionAgeSec: null,
  positionSource: 'fallback'
}
[push-evidence] {"callsignRequested":"UA1532","flightInstance":"leg:v1:UAL1532|2026-09-12|ORD|MSY","flightaware":{"flightId":null,"publicGateOut":{"scheduled":1789227420,"estimated":1789231200,"actual":1789231380},"aeroApiOut":null,"firstTrackMovement":null},"fr24":{"flightId":null,"status":"DISABLED","firstTrackMovement":null,"summaryOut":null},"adsb":{"firstTrackMovement":null,"positionAgeSec":null,"groundspeedKt":null,"distanceFromParkedNm":null},"inbound":{"parkedPosition":null,"selectedPush":{"unix":1789231380,"source":"provider_actual","evidence":null},"pushLatch":{"unix":1789231380,"source":"provider_actual","live":true,"at":1789231976},"taxiOutLatch":null,"finalPushUnix":1789231380,"finalPushSource":"provider_actual","phaseStatePersistenceOnLoad":"ok"}}
[story-request] {"scheduleSource":"flightaware_public","fallbackOutcome":"not_needed","cacheStatus":"miss","event":"story_request","requested":"UA1532","fresh":true,"durationMs":8282,"outcome":"ok","errorCategory":null}
[story-request] {"scheduleSource":"flightaware_public","fallbackOutcome":"not_needed","cacheStatus":"miss","event":"story_request","requested":"AA3008","fresh":true,"durationMs":53,"outcome":"ok","errorCategory":null}
[departure-telemetry] {
  callsignRequested: 'UA1533',
  flightInstance: 'leg:v1:UAL1533|2026-09-12|ORD|MSY',
  currentStage: 'origin_gate',
  pushLatched: false,
  taxiOutLatched: false,
  pushTimestamp: null,
  pushTimestampSource: null,
  firstDepartureMovement: false,
  rawTaxiHint: false,
  stageTaxiHint: false,
  taxiThresholdKt: 6,
  parkedObservedSec: 0,
  stationaryAtStand: true,
  awayFromPassengerGateArea: false,
  providerGateOut: { scheduled: 1789227420, estimated: 1789231200, actual: null },
  providerGateOutPublic: { scheduled: 1789227420, estimated: 1789231200, actual: null },
  groundspeedKt: 0,
  onGround: true,
  distanceFromParkedNm: 0,
  positionAgeSec: 0,
  positionSource: 'adsb'
}
[push-evidence] {"callsignRequested":"UA1533","flightInstance":"leg:v1:UAL1533|2026-09-12|ORD|MSY","flightaware":{"flightId":null,"publicGateOut":{"scheduled":1789227420,"estimated":1789231200,"actual":null},"aeroApiOut":null,"firstTrackMovement":null},"fr24":{"flightId":null,"status":"DISABLED","firstTrackMovement":null,"summaryOut":null},"adsb":{"firstTrackMovement":null,"positionAgeSec":0,"groundspeedKt":0,"distanceFromParkedNm":0},"inbound":{"parkedPosition":{"lat":41.9786,"lon":-87.9048,"at":1789231976000},"selectedPush":null,"pushLatch":null,"taxiOutLatch":null,"finalPushUnix":null,"finalPushSource":null,"phaseStatePersistenceOnLoad":"ok"}}
[story-request] {"scheduleSource":"flightaware_public","fallbackOutcome":"not_needed","cacheStatus":"miss","event":"story_request","requested":"UA1533","fresh":true,"durationMs":87,"outcome":"ok","errorCategory":null}
[departure-telemetry] {
  callsignRequested: 'UA1533',
  flightInstance: 'leg:v1:UAL1533|2026-09-12|ORD|MSY',
  currentStage: 'origin_gate',
  pushLatched: false,
  taxiOutLatched: false,
  pushTimestamp: null,
  pushTimestampSource: null,
  firstDepartureMovement: false,
  rawTaxiHint: false,
  stageTaxiHint: false,
  taxiThresholdKt: 6,
  parkedObservedSec: 65,
  stationaryAtStand: true,
  awayFromPassengerGateArea: false,
  providerGateOut: { scheduled: 1789227420, estimated: 1789231200, actual: 1789232031 },
  providerGateOutPublic: { scheduled: 1789227420, estimated: 1789231200, actual: 1789232031 },
  groundspeedKt: 0,
  onGround: true,
  distanceFromParkedNm: 0,
  positionAgeSec: 0,
  positionSource: 'adsb'
}
[push-evidence] {"callsignRequested":"UA1533","flightInstance":"leg:v1:UAL1533|2026-09-12|ORD|MSY","flightaware":{"flightId":null,"publicGateOut":{"scheduled":1789227420,"estimated":1789231200,"actual":1789232031},"aeroApiOut":null,"firstTrackMovement":null},"fr24":{"flightId":null,"status":"DISABLED","firstTrackMovement":null,"summaryOut":null},"adsb":{"firstTrackMovement":null,"positionAgeSec":0,"groundspeedKt":0,"distanceFromParkedNm":0},"inbound":{"parkedPosition":{"lat":41.9786,"lon":-87.9048,"at":1789231976000},"selectedPush":{"unix":1789232031,"source":"provider_actual","evidence":null},"pushLatch":null,"taxiOutLatch":null,"finalPushUnix":null,"finalPushSource":null,"phaseStatePersistenceOnLoad":"ok"}}
[story-request] {"scheduleSource":"flightaware_public","fallbackOutcome":"not_needed","cacheStatus":"miss","event":"story_request","requested":"UA1533","fresh":true,"durationMs":45,"outcome":"ok","errorCategory":null}
[departure-telemetry] {
  callsignRequested: 'UA1533',
  flightInstance: 'leg:v1:UAL1533|2026-09-12|ORD|MSY',
  currentStage: 'push',
  pushLatched: true,
  taxiOutLatched: false,
  pushTimestamp: 1789232031,
  pushTimestampSource: 'provider_actual',
  firstDepartureMovement: false,
  rawTaxiHint: false,
  stageTaxiHint: false,
  taxiThresholdKt: 6,
  parkedObservedSec: 70,
  stationaryAtStand: false,
  awayFromPassengerGateArea: false,
  providerGateOut: { scheduled: 1789227420, estimated: 1789231200, actual: 1789232031 },
  providerGateOutPublic: { scheduled: 1789227420, estimated: 1789231200, actual: 1789232031 },
  groundspeedKt: 3,
  onGround: true,
  distanceFromParkedNm: 0.05802388793119437,
  positionAgeSec: 0,
  positionSource: 'adsb'
}
[push-evidence] {"callsignRequested":"UA1533","flightInstance":"leg:v1:UAL1533|2026-09-12|ORD|MSY","flightaware":{"flightId":null,"publicGateOut":{"scheduled":1789227420,"estimated":1789231200,"actual":1789232031},"aeroApiOut":null,"firstTrackMovement":null},"fr24":{"flightId":null,"status":"DISABLED","firstTrackMovement":null,"summaryOut":null},"adsb":{"firstTrackMovement":null,"positionAgeSec":0,"groundspeedKt":3,"distanceFromParkedNm":0.05802388793119437},"inbound":{"parkedPosition":{"lat":41.9786,"lon":-87.9048,"at":1789231976000},"selectedPush":{"unix":1789232031,"source":"provider_actual","evidence":null},"pushLatch":{"unix":1789232031,"source":"provider_actual","live":true,"at":1789232046},"taxiOutLatch":null,"finalPushUnix":1789232031,"finalPushSource":"provider_actual","phaseStatePersistenceOnLoad":"ok"}}
[story-request] {"scheduleSource":"flightaware_public","fallbackOutcome":"not_needed","cacheStatus":"miss","event":"story_request","requested":"UA1533","fresh":true,"durationMs":62,"outcome":"ok","errorCategory":null}
[departure-telemetry] {
  callsignRequested: 'UA1533',
  flightInstance: 'leg:v1:UAL1533|2026-09-12|ORD|MSY',
  currentStage: 'push',
  pushLatched: true,
  taxiOutLatched: false,
  pushTimestamp: 1789232031,
  pushTimestampSource: 'provider_actual',
  firstDepartureMovement: false,
  rawTaxiHint: false,
  stageTaxiHint: false,
  taxiThresholdKt: 6,
  parkedObservedSec: 75,
  stationaryAtStand: false,
  awayFromPassengerGateArea: false,
  providerGateOut: { scheduled: 1789227420, estimated: 1789231200, actual: 1789232031 },
  providerGateOutPublic: { scheduled: 1789227420, estimated: 1789231200, actual: 1789232031 },
  groundspeedKt: 0,
  onGround: true,
  distanceFromParkedNm: 0.06695063992068874,
  positionAgeSec: 0,
  positionSource: 'adsb'
}
[push-evidence] {"callsignRequested":"UA1533","flightInstance":"leg:v1:UAL1533|2026-09-12|ORD|MSY","flightaware":{"flightId":null,"publicGateOut":{"scheduled":1789227420,"estimated":1789231200,"actual":1789232031},"aeroApiOut":null,"firstTrackMovement":null},"fr24":{"flightId":null,"status":"DISABLED","firstTrackMovement":null,"summaryOut":null},"adsb":{"firstTrackMovement":null,"positionAgeSec":0,"groundspeedKt":0,"distanceFromParkedNm":0.06695063992068874},"inbound":{"parkedPosition":{"lat":41.9786,"lon":-87.9048,"at":1789231976000},"selectedPush":{"unix":1789232031,"source":"provider_actual","evidence":null},"pushLatch":{"unix":1789232031,"source":"provider_actual","live":true,"at":1789232051},"taxiOutLatch":null,"finalPushUnix":1789232031,"finalPushSource":"provider_actual","phaseStatePersistenceOnLoad":"ok"}}
[story-request] {"scheduleSource":"flightaware_public","fallbackOutcome":"not_needed","cacheStatus":"miss","event":"story_request","requested":"UA1533","fresh":true,"durationMs":30,"outcome":"ok","errorCategory":null}
[schedule-fallback-unavailable] {
  callsign: 'UAL9087',
  reason: 'Current flight route unavailable: schedule provider returned no flight data. Please try again shortly.'
}
[story-request] {"scheduleSource":"unavailable","fallbackOutcome":"unavailable","cacheStatus":"miss","event":"story_request","requested":"UA9087","fresh":true,"durationMs":6,"outcome":"error","errorCategory":"source_unavailable"}
[schedule-fallback-unavailable] {
  callsign: 'SWA2531',
  reason: 'Current flight route unavailable: schedule provider returned HTTP 503. Please try again shortly.'
}
[story-request] {"scheduleSource":"unavailable","fallbackOutcome":"unavailable","cacheStatus":"miss","event":"story_request","requested":"WN2531","fresh":true,"durationMs":5,"outcome":"error","errorCategory":"source_unavailable"}
[story-request] {"scheduleSource":"flightaware_public","fallbackOutcome":"not_needed","cacheStatus":"miss","event":"story_request","requested":"WN2512","fresh":true,"durationMs":31,"outcome":"ok","errorCategory":null}
[story-request] {"scheduleSource":"flightaware_public","fallbackOutcome":"not_needed","cacheStatus":"miss","event":"story_request","requested":"UA218","fresh":true,"durationMs":43,"outcome":"ok","errorCategory":null}
[departure-telemetry] {
  callsignRequested: 'WN363',
  flightInstance: 'leg:v1:SWA363|2026-09-12|MDW|LGB',
  currentStage: 'push',
  pushLatched: true,
  taxiOutLatched: false,
  pushTimestamp: 1789231886,
  pushTimestampSource: 'provider_actual',
  firstDepartureMovement: false,
  rawTaxiHint: false,
  stageTaxiHint: false,
  taxiThresholdKt: 6,
  parkedObservedSec: 0,
  stationaryAtStand: false,
  awayFromPassengerGateArea: false,
  providerGateOut: { scheduled: 1789227420, estimated: 1789231200, actual: 1789231886 },
  providerGateOutPublic: { scheduled: 1789227420, estimated: 1789231200, actual: 1789231886 },
  groundspeedKt: 0,
  onGround: true,
  distanceFromParkedNm: null,
  positionAgeSec: 1,
  positionSource: 'adsb'
}
[push-evidence] {"callsignRequested":"WN363","flightInstance":"leg:v1:SWA363|2026-09-12|MDW|LGB","flightaware":{"flightId":null,"publicGateOut":{"scheduled":1789227420,"estimated":1789231200,"actual":1789231886},"aeroApiOut":null,"firstTrackMovement":null},"fr24":{"flightId":null,"status":"DISABLED","firstTrackMovement":null,"summaryOut":null},"adsb":{"firstTrackMovement":null,"positionAgeSec":1,"groundspeedKt":0,"distanceFromParkedNm":null},"inbound":{"parkedPosition":null,"selectedPush":{"unix":1789231886,"source":"provider_actual","evidence":null},"pushLatch":{"unix":1789231886,"source":"provider_actual","live":true,"at":1789231976},"taxiOutLatch":null,"finalPushUnix":1789231886,"finalPushSource":"provider_actual","phaseStatePersistenceOnLoad":"ok"}}
[story-request] {"scheduleSource":"flightaware_public","fallbackOutcome":"not_needed","cacheStatus":"miss","event":"story_request","requested":"WN363","fresh":true,"durationMs":56,"outcome":"ok","errorCategory":null}
[departure-telemetry] {
  callsignRequested: 'WN1035',
  flightInstance: 'leg:v1:SWA1035|2026-09-12|MDW|LGB',
  currentStage: 'taxi',
  pushLatched: true,
  taxiOutLatched: true,
  pushTimestamp: 1789231796,
  pushTimestampSource: 'provider_actual',
  firstDepartureMovement: false,
  rawTaxiHint: true,
  stageTaxiHint: true,
  taxiThresholdKt: 6,
  parkedObservedSec: 0,
  stationaryAtStand: false,
  awayFromPassengerGateArea: false,
  providerGateOut: { scheduled: 1789227420, estimated: 1789231200, actual: 1789231796 },
  providerGateOutPublic: { scheduled: 1789227420, estimated: 1789231200, actual: 1789231796 },
  groundspeedKt: 14,
  onGround: true,
  distanceFromParkedNm: null,
  positionAgeSec: 1,
  positionSource: 'adsb'
}
[push-evidence] {"callsignRequested":"WN1035","flightInstance":"leg:v1:SWA1035|2026-09-12|MDW|LGB","flightaware":{"flightId":null,"publicGateOut":{"scheduled":1789227420,"estimated":1789231200,"actual":1789231796},"aeroApiOut":null,"firstTrackMovement":null},"fr24":{"flightId":null,"status":"DISABLED","firstTrackMovement":null,"summaryOut":null},"adsb":{"firstTrackMovement":null,"positionAgeSec":1,"groundspeedKt":14,"distanceFromParkedNm":null},"inbound":{"parkedPosition":null,"selectedPush":{"unix":1789231796,"source":"provider_actual","evidence":null},"pushLatch":{"unix":1789231796,"source":"provider_actual","live":true,"at":1789231976},"taxiOutLatch":{"at":1789231976},"finalPushUnix":1789231796,"finalPushSource":"provider_actual","phaseStatePersistenceOnLoad":"ok"}}
[story-request] {"scheduleSource":"flightaware_public","fallbackOutcome":"not_needed","cacheStatus":"miss","event":"story_request","requested":"WN1035","fresh":true,"durationMs":50,"outcome":"ok","errorCategory":null}
[departure-telemetry] {
  callsignRequested: 'WN102',
  flightInstance: 'leg:v1:SWA102|2026-09-12|MDW|LGB',
  currentStage: 'taxi',
  pushLatched: true,
  taxiOutLatched: true,
  pushTimestamp: 1789231396,
  pushTimestampSource: 'provider_actual',
  firstDepartureMovement: false,
  rawTaxiHint: true,
  stageTaxiHint: true,
  taxiThresholdKt: 6,
  parkedObservedSec: 0,
  stationaryAtStand: false,
  awayFromPassengerGateArea: false,
  providerGateOut: { scheduled: 1789227420, estimated: 1789231200, actual: 1789231396 },
  providerGateOutPublic: { scheduled: 1789227420, estimated: 1789231200, actual: 1789231396 },
  groundspeedKt: 65,
  onGround: true,
  distanceFromParkedNm: null,
  positionAgeSec: 1,
  positionSource: 'adsb'
}
[push-evidence] {"callsignRequested":"WN102","flightInstance":"leg:v1:SWA102|2026-09-12|MDW|LGB","flightaware":{"flightId":null,"publicGateOut":{"scheduled":1789227420,"estimated":1789231200,"actual":1789231396},"aeroApiOut":null,"firstTrackMovement":null},"fr24":{"flightId":null,"status":"DISABLED","firstTrackMovement":null,"summaryOut":null},"adsb":{"firstTrackMovement":null,"positionAgeSec":1,"groundspeedKt":65,"distanceFromParkedNm":null},"inbound":{"parkedPosition":null,"selectedPush":{"unix":1789231396,"source":"provider_actual","evidence":null},"pushLatch":{"unix":1789231396,"source":"provider_actual","live":true,"at":1789231976},"taxiOutLatch":{"at":1789231976},"finalPushUnix":1789231396,"finalPushSource":"provider_actual","phaseStatePersistenceOnLoad":"ok"}}
[story-request] {"scheduleSource":"flightaware_public","fallbackOutcome":"not_needed","cacheStatus":"miss","event":"story_request","requested":"WN102","fresh":true,"durationMs":48,"outcome":"ok","errorCategory":null}
[departure-telemetry] {
  callsignRequested: 'UA9219',
  flightInstance: 'leg:v1:UAL9219|2026-09-12|ORD|MSY',
  currentStage: 'origin_gate',
  pushLatched: false,
  taxiOutLatched: false,
  pushTimestamp: null,
  pushTimestampSource: null,
  firstDepartureMovement: false,
  rawTaxiHint: false,
  stageTaxiHint: false,
  taxiThresholdKt: 6,
  parkedObservedSec: 0,
  stationaryAtStand: true,
  awayFromPassengerGateArea: false,
  providerGateOut: { scheduled: 1789230300, estimated: 1789230300, actual: null },
  providerGateOutPublic: { scheduled: 1789230300, estimated: 1789230300, actual: null },
  groundspeedKt: 0,
  onGround: true,
  distanceFromParkedNm: 0,
  positionAgeSec: 0,
  positionSource: 'adsb'
}
[push-evidence] {"callsignRequested":"UA9219","flightInstance":"leg:v1:UAL9219|2026-09-12|ORD|MSY","flightaware":{"flightId":"UAL9219-20260914-test","publicGateOut":{"scheduled":1789230300,"estimated":1789230300,"actual":null},"aeroApiOut":null,"firstTrackMovement":null},"fr24":{"flightId":null,"status":"DISABLED","firstTrackMovement":null,"summaryOut":null},"adsb":{"firstTrackMovement":null,"positionAgeSec":0,"groundspeedKt":0,"distanceFromParkedNm":0},"inbound":{"parkedPosition":{"lat":41.9786,"lon":-87.9048,"at":1789230600000},"selectedPush":null,"pushLatch":null,"taxiOutLatch":null,"finalPushUnix":null,"finalPushSource":null,"phaseStatePersistenceOnLoad":"ok"}}
[story-request] {"scheduleSource":"flightaware_public","fallbackOutcome":"not_needed","cacheStatus":"miss","event":"story_request","requested":"UA9219","fresh":true,"durationMs":94,"outcome":"ok","errorCategory":null}
[departure-telemetry] {
  callsignRequested: 'UA9219',
  flightInstance: 'leg:v1:UAL9219|2026-09-12|ORD|MSY',
  currentStage: 'push',
  pushLatched: true,
  taxiOutLatched: false,
  pushTimestamp: 1789231020,
  pushTimestampSource: 'live_detected',
  firstDepartureMovement: true,
  rawTaxiHint: false,
  stageTaxiHint: false,
  taxiThresholdKt: 6,
  parkedObservedSec: 420,
  stationaryAtStand: false,
  awayFromPassengerGateArea: false,
  providerGateOut: { scheduled: 1789230300, estimated: 1789230300, actual: null },
  providerGateOutPublic: { scheduled: 1789230300, estimated: 1789230300, actual: null },
  groundspeedKt: 4,
  onGround: true,
  distanceFromParkedNm: 0.05356051193641675,
  positionAgeSec: 0,
  positionSource: 'adsb'
}
[push-evidence] {"callsignRequested":"UA9219","flightInstance":"leg:v1:UAL9219|2026-09-12|ORD|MSY","flightaware":{"flightId":"UAL9219-20260914-test","publicGateOut":{"scheduled":1789230300,"estimated":1789230300,"actual":null},"aeroApiOut":null,"firstTrackMovement":null},"fr24":{"flightId":null,"status":"DISABLED","firstTrackMovement":null,"summaryOut":null},"adsb":{"firstTrackMovement":null,"positionAgeSec":0,"groundspeedKt":4,"distanceFromParkedNm":0.05356051193641675},"inbound":{"parkedPosition":{"lat":41.9786,"lon":-87.9048,"at":1789230600000},"selectedPush":null,"pushLatch":{"unix":1789231020,"source":"live_detected","live":true,"at":1789231020},"taxiOutLatch":null,"finalPushUnix":1789231020,"finalPushSource":"live_detected","phaseStatePersistenceOnLoad":"ok"}}
[story-request] {"scheduleSource":"flightaware_public","fallbackOutcome":"not_needed","cacheStatus":"miss","event":"story_request","requested":"UA9219","fresh":true,"durationMs":69,"outcome":"ok","errorCategory":null}
[departure-telemetry] {
  callsignRequested: 'UA9219',
  flightInstance: 'leg:v1:UAL9219|2026-09-12|ORD|MSY',
  currentStage: 'taxi',
  pushLatched: true,
  taxiOutLatched: true,
  pushTimestamp: 1789231020,
  pushTimestampSource: 'live_detected',
  firstDepartureMovement: false,
  rawTaxiHint: true,
  stageTaxiHint: true,
  taxiThresholdKt: 6,
  parkedObservedSec: 450,
  stationaryAtStand: false,
  awayFromPassengerGateArea: false,
  providerGateOut: { scheduled: 1789230300, estimated: 1789230300, actual: null },
  providerGateOutPublic: { scheduled: 1789230300, estimated: 1789230300, actual: null },
  groundspeedKt: 15,
  onGround: true,
  distanceFromParkedNm: 0.14282803182330792,
  positionAgeSec: 0,
  positionSource: 'adsb'
}
[push-evidence] {"callsignRequested":"UA9219","flightInstance":"leg:v1:UAL9219|2026-09-12|ORD|MSY","flightaware":{"flightId":"UAL9219-20260914-test","publicGateOut":{"scheduled":1789230300,"estimated":1789230300,"actual":null},"aeroApiOut":null,"firstTrackMovement":null},"fr24":{"flightId":null,"status":"DISABLED","firstTrackMovement":null,"summaryOut":null},"adsb":{"firstTrackMovement":null,"positionAgeSec":0,"groundspeedKt":15,"distanceFromParkedNm":0.14282803182330792},"inbound":{"parkedPosition":{"lat":41.9786,"lon":-87.9048,"at":1789230600000},"selectedPush":null,"pushLatch":{"unix":1789231020,"source":"live_detected","live":true,"at":1789231050},"taxiOutLatch":{"at":1789231050},"finalPushUnix":1789231020,"finalPushSource":"live_detected","phaseStatePersistenceOnLoad":"ok"}}
[story-request] {"scheduleSource":"flightaware_public","fallbackOutcome":"not_needed","cacheStatus":"miss","event":"story_request","requested":"UA9219","fresh":true,"durationMs":35,"outcome":"ok","errorCategory":null}
[departure-telemetry] {
  callsignRequested: 'UA9219',
  flightInstance: 'leg:v1:UAL9219|2026-09-12|ORD|MSY',
  currentStage: 'taxi',
  pushLatched: true,
  taxiOutLatched: true,
  pushTimestamp: 1789231020,
  pushTimestampSource: 'live_detected',
  firstDepartureMovement: false,
  rawTaxiHint: true,
  stageTaxiHint: true,
  taxiThresholdKt: 6,
  parkedObservedSec: 490,
  stationaryAtStand: false,
  awayFromPassengerGateArea: false,
  providerGateOut: { scheduled: 1789230300, estimated: 1789230300, actual: 1789231080 },
  providerGateOutPublic: { scheduled: 1789230300, estimated: 1789230300, actual: 1789231080 },
  groundspeedKt: 15,
  onGround: true,
  distanceFromParkedNm: 0.14282803182330792,
  positionAgeSec: 0,
  positionSource: 'adsb'
}
[push-evidence] {"callsignRequested":"UA9219","flightInstance":"leg:v1:UAL9219|2026-09-12|ORD|MSY","flightaware":{"flightId":"UAL9219-20260914-test","publicGateOut":{"scheduled":1789230300,"estimated":1789230300,"actual":1789231080},"aeroApiOut":null,"firstTrackMovement":null},"fr24":{"flightId":null,"status":"DISABLED","firstTrackMovement":null,"summaryOut":null},"adsb":{"firstTrackMovement":null,"positionAgeSec":0,"groundspeedKt":15,"distanceFromParkedNm":0.14282803182330792},"inbound":{"parkedPosition":{"lat":41.9786,"lon":-87.9048,"at":1789230600000},"selectedPush":{"unix":1789231080,"source":"provider_actual","evidence":null},"pushLatch":{"unix":1789231020,"source":"live_detected","live":true,"at":1789231090},"taxiOutLatch":{"at":1789231090},"finalPushUnix":1789231020,"finalPushSource":"live_detected","phaseStatePersistenceOnLoad":"ok"}}
[story-request] {"scheduleSource":"flightaware_public","fallbackOutcome":"not_needed","cacheStatus":"miss","event":"story_request","requested":"UA9219","fresh":true,"durationMs":76,"outcome":"ok","errorCategory":null}
[departure-telemetry] {
  callsignRequested: 'UA9360',
  flightInstance: 'leg:v1:UAL9360|2026-09-12|ORD|MSY',
  currentStage: 'origin_gate',
  pushLatched: false,
  taxiOutLatched: false,
  pushTimestamp: null,
  pushTimestampSource: null,
  firstDepartureMovement: false,
  rawTaxiHint: false,
  stageTaxiHint: false,
  taxiThresholdKt: 6,
  parkedObservedSec: 0,
  stationaryAtStand: true,
  awayFromPassengerGateArea: false,
  providerGateOut: { scheduled: 1789230000, estimated: 1789230600, actual: null },
  providerGateOutPublic: { scheduled: 1789230000, estimated: 1789230600, actual: null },
  groundspeedKt: 0,
  onGround: true,
  distanceFromParkedNm: 0,
  positionAgeSec: 0,
  positionSource: 'adsb'
}
[push-evidence] {"callsignRequested":"UA9360","flightInstance":"leg:v1:UAL9360|2026-09-12|ORD|MSY","flightaware":{"flightId":"UAL9360-20260914-test","publicGateOut":{"scheduled":1789230000,"estimated":1789230600,"actual":null},"aeroApiOut":null,"firstTrackMovement":null},"fr24":{"flightId":null,"status":"DISABLED","firstTrackMovement":null,"summaryOut":null},"adsb":{"firstTrackMovement":null,"positionAgeSec":0,"groundspeedKt":0,"distanceFromParkedNm":0},"inbound":{"parkedPosition":{"lat":41.9786,"lon":-87.9048,"at":1789230600000},"selectedPush":null,"pushLatch":null,"taxiOutLatch":null,"finalPushUnix":null,"finalPushSource":null,"phaseStatePersistenceOnLoad":"ok"}}
[story-request] {"scheduleSource":"flightaware_public","fallbackOutcome":"not_needed","cacheStatus":"miss","event":"story_request","requested":"UA9360","fresh":true,"durationMs":33,"outcome":"ok","errorCategory":null}
[departure-telemetry] {
  callsignRequested: 'UA9360',
  flightInstance: 'leg:v1:UAL9360|2026-09-12|ORD|MSY',
  currentStage: 'push',
  pushLatched: true,
  taxiOutLatched: false,
  pushTimestamp: 1789230610,
  pushTimestampSource: 'live_detected',
  firstDepartureMovement: true,
  rawTaxiHint: false,
  stageTaxiHint: false,
  taxiThresholdKt: 6,
  parkedObservedSec: 10,
  stationaryAtStand: false,
  awayFromPassengerGateArea: false,
  providerGateOut: { scheduled: 1789230000, estimated: 1789230600, actual: null },
  providerGateOutPublic: { scheduled: 1789230000, estimated: 1789230600, actual: null },
  groundspeedKt: 4,
  onGround: true,
  distanceFromParkedNm: 0.05356051193641675,
  positionAgeSec: 0,
  positionSource: 'adsb'
}
[push-evidence] {"callsignRequested":"UA9360","flightInstance":"leg:v1:UAL9360|2026-09-12|ORD|MSY","flightaware":{"flightId":"UAL9360-20260914-test","publicGateOut":{"scheduled":1789230000,"estimated":1789230600,"actual":null},"aeroApiOut":null,"firstTrackMovement":null},"fr24":{"flightId":null,"status":"DISABLED","firstTrackMovement":null,"summaryOut":null},"adsb":{"firstTrackMovement":null,"positionAgeSec":0,"groundspeedKt":4,"distanceFromParkedNm":0.05356051193641675},"inbound":{"parkedPosition":{"lat":41.9786,"lon":-87.9048,"at":1789230600000},"selectedPush":null,"pushLatch":{"unix":1789230610,"source":"live_detected","live":true,"at":1789230610},"taxiOutLatch":null,"finalPushUnix":1789230610,"finalPushSource":"live_detected","phaseStatePersistenceOnLoad":"ok"}}
[story-request] {"scheduleSource":"flightaware_public","fallbackOutcome":"not_needed","cacheStatus":"miss","event":"story_request","requested":"UA9360","fresh":true,"durationMs":41,"outcome":"ok","errorCategory":null}
[departure-telemetry] {
  callsignRequested: 'UA9360',
  flightInstance: 'leg:v1:UAL9360|2026-09-12|ORD|MSY',
  currentStage: 'taxi',
  pushLatched: true,
  taxiOutLatched: true,
  pushTimestamp: 1789230610,
  pushTimestampSource: 'live_detected',
  firstDepartureMovement: false,
  rawTaxiHint: true,
  stageTaxiHint: true,
  taxiThresholdKt: 6,
  parkedObservedSec: 20,
  stationaryAtStand: false,
  awayFromPassengerGateArea: false,
  providerGateOut: { scheduled: 1789230000, estimated: 1789230600, actual: null },
  providerGateOutPublic: { scheduled: 1789230000, estimated: 1789230600, actual: null },
  groundspeedKt: 15,
  onGround: true,
  distanceFromParkedNm: 0.14282803182330792,
  positionAgeSec: 0,
  positionSource: 'adsb'
}
[push-evidence] {"callsignRequested":"UA9360","flightInstance":"leg:v1:UAL9360|2026-09-12|ORD|MSY","flightaware":{"flightId":"UAL9360-20260914-test","publicGateOut":{"scheduled":1789230000,"estimated":1789230600,"actual":null},"aeroApiOut":null,"firstTrackMovement":null},"fr24":{"flightId":null,"status":"DISABLED","firstTrackMovement":null,"summaryOut":null},"adsb":{"firstTrackMovement":null,"positionAgeSec":0,"groundspeedKt":15,"distanceFromParkedNm":0.14282803182330792},"inbound":{"parkedPosition":{"lat":41.9786,"lon":-87.9048,"at":1789230600000},"selectedPush":null,"pushLatch":{"unix":1789230610,"source":"live_detected","live":true,"at":1789230620},"taxiOutLatch":{"at":1789230620},"finalPushUnix":1789230610,"finalPushSource":"live_detected","phaseStatePersistenceOnLoad":"ok"}}
[story-request] {"scheduleSource":"flightaware_public","fallbackOutcome":"not_needed","cacheStatus":"miss","event":"story_request","requested":"UA9360","fresh":true,"durationMs":25,"outcome":"ok","errorCategory":null}
[departure-telemetry] {
  callsignRequested: 'UA9360',
  flightInstance: 'leg:v1:UAL9360|2026-09-12|ORD|MSY',
  currentStage: 'taxi',
  pushLatched: true,
  taxiOutLatched: true,
  pushTimestamp: 1789230610,
  pushTimestampSource: 'live_detected',
  firstDepartureMovement: false,
  rawTaxiHint: false,
  stageTaxiHint: false,
  taxiThresholdKt: 6,
  parkedObservedSec: 30,
  stationaryAtStand: false,
  awayFromPassengerGateArea: false,
  providerGateOut: { scheduled: 1789230000, estimated: 1789230600, actual: null },
  providerGateOutPublic: { scheduled: 1789230000, estimated: 1789230600, actual: null },
  groundspeedKt: 2,
  onGround: true,
  distanceFromParkedNm: 0.14282803182330792,
  positionAgeSec: 0,
  positionSource: 'adsb'
}
[push-evidence] {"callsignRequested":"UA9360","flightInstance":"leg:v1:UAL9360|2026-09-12|ORD|MSY","flightaware":{"flightId":"UAL9360-20260914-test","publicGateOut":{"scheduled":1789230000,"estimated":1789230600,"actual":null},"aeroApiOut":null,"firstTrackMovement":null},"fr24":{"flightId":null,"status":"DISABLED","firstTrackMovement":null,"summaryOut":null},"adsb":{"firstTrackMovement":null,"positionAgeSec":0,"groundspeedKt":2,"distanceFromParkedNm":0.14282803182330792},"inbound":{"parkedPosition":{"lat":41.9786,"lon":-87.9048,"at":1789230600000},"selectedPush":null,"pushLatch":{"unix":1789230610,"source":"live_detected","live":true,"at":1789230630},"taxiOutLatch":{"at":1789230620},"finalPushUnix":1789230610,"finalPushSource":"live_detected","phaseStatePersistenceOnLoad":"ok"}}
[story-request] {"scheduleSource":"flightaware_public","fallbackOutcome":"not_needed","cacheStatus":"miss","event":"story_request","requested":"UA9360","fresh":true,"durationMs":26,"outcome":"ok","errorCategory":null}
[departure-telemetry] {
  callsignRequested: 'UA9360',
  flightInstance: 'leg:v1:UAL9360|2026-09-12|ORD|MSY',
  currentStage: 'taxi',
  pushLatched: true,
  taxiOutLatched: true,
  pushTimestamp: 1789230610,
  pushTimestampSource: 'live_detected',
  firstDepartureMovement: false,
  rawTaxiHint: false,
  stageTaxiHint: false,
  taxiThresholdKt: 6,
  parkedObservedSec: 40,
  stationaryAtStand: false,
  awayFromPassengerGateArea: false,
  providerGateOut: { scheduled: 1789230000, estimated: 1789230600, actual: null },
  providerGateOutPublic: { scheduled: 1789230000, estimated: 1789230600, actual: null },
  groundspeedKt: 0,
  onGround: true,
  distanceFromParkedNm: 0.14282803182330792,
  positionAgeSec: 0,
  positionSource: 'adsb'
}
[push-evidence] {"callsignRequested":"UA9360","flightInstance":"leg:v1:UAL9360|2026-09-12|ORD|MSY","flightaware":{"flightId":"UAL9360-20260914-test","publicGateOut":{"scheduled":1789230000,"estimated":1789230600,"actual":null},"aeroApiOut":null,"firstTrackMovement":null},"fr24":{"flightId":null,"status":"DISABLED","firstTrackMovement":null,"summaryOut":null},"adsb":{"firstTrackMovement":null,"positionAgeSec":0,"groundspeedKt":0,"distanceFromParkedNm":0.14282803182330792},"inbound":{"parkedPosition":{"lat":41.9786,"lon":-87.9048,"at":1789230600000},"selectedPush":null,"pushLatch":{"unix":1789230610,"source":"live_detected","live":true,"at":1789230640},"taxiOutLatch":{"at":1789230620},"finalPushUnix":1789230610,"finalPushSource":"live_detected","phaseStatePersistenceOnLoad":"ok"}}
[story-request] {"scheduleSource":"flightaware_public","fallbackOutcome":"not_needed","cacheStatus":"miss","event":"story_request","requested":"UA9360","fresh":true,"durationMs":21,"outcome":"ok","errorCategory":null}
[departure-telemetry] {
  callsignRequested: 'UA9360',
  flightInstance: 'leg:v1:UAL9360|2026-09-12|ORD|MSY',
  currentStage: 'taxi',
  pushLatched: true,
  taxiOutLatched: true,
  pushTimestamp: 1789230610,
  pushTimestampSource: 'live_detected',
  firstDepartureMovement: false,
  rawTaxiHint: false,
  stageTaxiHint: false,
  taxiThresholdKt: 6,
  parkedObservedSec: 50,
  stationaryAtStand: false,
  awayFromPassengerGateArea: false,
  providerGateOut: { scheduled: 1789230000, estimated: 1789230600, actual: null },
  providerGateOutPublic: { scheduled: 1789230000, estimated: 1789230600, actual: null },
  groundspeedKt: 0,
  onGround: true,
  distanceFromParkedNm: 0.14282803182330792,
  positionAgeSec: 10,
  positionSource: 'adsb'
}
[push-evidence] {"callsignRequested":"UA9360","flightInstance":"leg:v1:UAL9360|2026-09-12|ORD|MSY","flightaware":{"flightId":"UAL9360-20260914-test","publicGateOut":{"scheduled":1789230000,"estimated":1789230600,"actual":null},"aeroApiOut":null,"firstTrackMovement":null},"fr24":{"flightId":null,"status":"DISABLED","firstTrackMovement":null,"summaryOut":null},"adsb":{"firstTrackMovement":null,"positionAgeSec":10,"groundspeedKt":0,"distanceFromParkedNm":0.14282803182330792},"inbound":{"parkedPosition":{"lat":41.9786,"lon":-87.9048,"at":1789230600000},"selectedPush":null,"pushLatch":{"unix":1789230610,"source":"live_detected","live":true,"at":1789230650},"taxiOutLatch":{"at":1789230620},"finalPushUnix":1789230610,"finalPushSource":"live_detected","phaseStatePersistenceOnLoad":"ok"}}
[story-request] {"scheduleSource":"flightaware_public","fallbackOutcome":"not_needed","cacheStatus":"miss","event":"story_request","requested":"UA9360","fresh":true,"durationMs":61,"outcome":"ok","errorCategory":null}
[departure-telemetry] {
  callsignRequested: 'AA9917',
  flightInstance: 'leg:v1:AAL9917|2026-09-12|ORD|MSY',
  currentStage: 'origin_gate',
  pushLatched: false,
  taxiOutLatched: false,
  pushTimestamp: null,
  pushTimestampSource: null,
  firstDepartureMovement: false,
  rawTaxiHint: false,
  stageTaxiHint: false,
  taxiThresholdKt: 6,
  parkedObservedSec: 0,
  stationaryAtStand: true,
  awayFromPassengerGateArea: false,
  providerGateOut: { scheduled: 1789230000, estimated: 1789230100, actual: null },
  providerGateOutPublic: { scheduled: 1789230000, estimated: 1789230100, actual: null },
  groundspeedKt: 0,
  onGround: true,
  distanceFromParkedNm: 0,
  positionAgeSec: 0,
  positionSource: 'adsb'
}
[push-evidence] {"callsignRequested":"AA9917","flightInstance":"leg:v1:AAL9917|2026-09-12|ORD|MSY","flightaware":{"flightId":null,"publicGateOut":{"scheduled":1789230000,"estimated":1789230100,"actual":null},"aeroApiOut":null,"firstTrackMovement":null},"fr24":{"flightId":null,"status":"DISABLED","firstTrackMovement":null,"summaryOut":null},"adsb":{"firstTrackMovement":null,"positionAgeSec":0,"groundspeedKt":0,"distanceFromParkedNm":0},"inbound":{"parkedPosition":{"lat":41.99,"lon":-87.91,"at":1789231976000},"selectedPush":null,"pushLatch":null,"taxiOutLatch":null,"finalPushUnix":null,"finalPushSource":null,"phaseStatePersistenceOnLoad":"ok"}}
[story-request] {"scheduleSource":"flightaware_public","fallbackOutcome":"not_needed","cacheStatus":"miss","event":"story_request","requested":"AA9917","fresh":true,"durationMs":38,"outcome":"ok","errorCategory":null}
[departure-telemetry] {
  callsignRequested: 'UA1599',
  flightInstance: 'leg:v1:UAL1599|2026-09-12|ORD|MSY',
  currentStage: 'push',
  pushLatched: true,
  taxiOutLatched: false,
  pushTimestamp: 1789231380,
  pushTimestampSource: 'provider_actual',
  firstDepartureMovement: false,
  rawTaxiHint: false,
  stageTaxiHint: false,
  taxiThresholdKt: 6,
  parkedObservedSec: 0,
  stationaryAtStand: false,
  awayFromPassengerGateArea: false,
  providerGateOut: { scheduled: 1789227420, estimated: 1789231200, actual: 1789231380 },
  providerGateOutPublic: { scheduled: 1789227420, estimated: 1789231200, actual: 1789231380 },
  groundspeedKt: null,
  onGround: null,
  distanceFromParkedNm: null,
  positionAgeSec: null,
  positionSource: 'fallback'
}
[push-evidence] {"callsignRequested":"UA1599","flightInstance":"leg:v1:UAL1599|2026-09-12|ORD|MSY","flightaware":{"flightId":null,"publicGateOut":{"scheduled":1789227420,"estimated":1789231200,"actual":1789231380},"aeroApiOut":null,"firstTrackMovement":null},"fr24":{"flightId":null,"status":"DISABLED","firstTrackMovement":null,"summaryOut":null},"adsb":{"firstTrackMovement":null,"positionAgeSec":null,"groundspeedKt":null,"distanceFromParkedNm":null},"inbound":{"parkedPosition":null,"selectedPush":{"unix":1789231380,"source":"provider_actual","evidence":null},"pushLatch":{"unix":1789231380,"source":"provider_actual","live":true,"at":1789311976},"taxiOutLatch":null,"finalPushUnix":1789231380,"finalPushSource":"provider_actual","phaseStatePersistenceOnLoad":"ok"}}
[flight-telemetry] {
  callsignRequested: 'UA1599',
  callsign: 'UAL1599',
  registration: null,
  hex: null,
  destination: { iata: 'MSY', icao: 'KMSY', lat: 29.9933, lon: -90.259 },
  livePosition: null,
  altitudeFt: null,
  groundspeedKt: null,
  onGround: null,
  track: null,
  verticalRateFpm: null,
  phase: null,
  headingToDestinationDelta: null,
  isFinalApproach: false,
  routeRemainingNm: 733.1657436932583,
  directToDestNm: null,
  remainingNm: 733.1657436932583,
  etaMin: 104.73796338475118,
  currentStage: 'push',
  arrivalStatus: 'airborne',
  ourLanded: false,
  positionProvider: 'fallback',
  positionSeenAt: null,
  positionAgeSec: null,
  flightawarePosition: null,
  fr24Position: null,
  adsbPosition: null,
  providerStatus: { flightaware: 'DISABLED', fr24: 'DISABLED' },
  providerEta: { flightaware: null, fr24: null },
  providerDistancesNm: {
    flightawareToFr24: null,
    flightawareToAdsb: null,
    fr24ToAdsb: null
  },
  fusionDisagreementNm: null,
  filedRouteDeviationNm: null,
  displayPathSource: 'filed'
}
[story-request] {"scheduleSource":"flightaware_public","fallbackOutcome":"not_needed","cacheStatus":"miss","event":"story_request","requested":"UA1599","fresh":true,"durationMs":41,"outcome":"ok","errorCategory":null}
▶ September 12 flight audit replay
  ✔ UA1532: preserves departure facts when no position is available (8284.817152ms)
  ✔ AA3008: preserves departure facts when no position is available (57.843446ms)
  ✔ keeps pushback registered when a moving aircraft pauses near its stand (261.084593ms)
  ✔ does not invent ORD to LAX when the route feeds have no flight (6.483971ms)
  ✔ does not use an old flight-number route when the current schedule feed is unavailable (4.943069ms)
  ✔ WN2512: ignores a different airborne tail and future actual push/takeoff (31.547072ms)
  ✔ UA218: a canonical inbound history redirect does not put airborne UA219 at the gate (45.632459ms)
✔ September 12 flight audit replay (8693.291961ms)
▶ MDW departure surface-stage replays
  ✔ WN363: fresh surface telemetry contradicts a premature provider takeoff (57.247512ms)
  ✔ WN1035: fresh surface telemetry contradicts a premature provider takeoff (51.726407ms)
  ✔ WN102: fresh surface telemetry contradicts a premature provider takeoff (48.997071ms)
✔ MDW departure surface-stage replays (158.514934ms)
▶ ground trace freshness
  ✔ accepts recent movement but rejects stale and future movement (1.575131ms)
✔ ground trace freshness (1.777006ms)
▶ AA2554 inbound/main-stage consistency
  ✔ does not alternate Gate and Inbound as surface positions appear and disappear (0.412556ms)
✔ AA2554 inbound/main-stage consistency (0.608713ms)
▶ inbound canonical history details
  ✔ reads actual gate arrival from the redirected dated flight (5.252113ms)
✔ inbound canonical history details (5.467426ms)
▶ taxi duration consistency
  ✔ uses current push and takeoff estimates instead of a generic 25 minutes (0.363582ms)
✔ taxi duration consistency (0.47083ms)
▶ first-class pushback and taxi-out stages
  ✔ keeps a parked 0 kt aircraft At gate (0.255029ms)
  ✔ shows first 2–5 kt movement as Pushback (0.124561ms)
  ✔ shows sustained 8–20 kt movement as Taxiing out (0.083288ms)
  ✔ does not return to At gate through a stale surface gap (0.085516ms)
  ✔ keeps Taxiing out monotonic once its latch is established (0.151945ms)
  ✔ preserves the existing takeoff transition (0.154002ms)
  ✔ renders Pushback and Taxiing out as separate passenger stages (12.59238ms)
✔ first-class pushback and taxi-out stages (13.780974ms)
▶ on the move evidence
  ✔ UA219: keeps an overdue estimate non-actual, then records only observed/provider push (275.533964ms)
  ✔ UA219: reconstructs the first stand exit from track history instead of the 10:03 taxi classification (0.623707ms)
  ✔ UA219: replaces a persisted detected time copied from the 9:25 estimate (0.157598ms)
  ✔ preserves a genuine earlier movement latch when it did not copy an estimate (0.241344ms)
  ✔ labels the passenger operational event Pushback, not Departure (4.397191ms)
  ✔ UA3600: never regresses from Taxiing out to Pushback during normal surface changes (208.902154ms)
  ✔ does not advance a stationary aircraft just because scheduled departure passed (38.704043ms)
✔ on the move evidence (529.281837ms)
✔ preserves missing weather feeds as unknown while the flight still loads (46.383055ms)
▶ MDW fresh ground position can advance the stage
  ✔ recognizes WN1266 runway-area fix as already away from the passenger gates (0.301482ms)
  ✔ does not call a terminal-side stationary fix away from the gate area (0.431819ms)
  ✔ does not infer movement from a remote position hours before the departure window (0.305232ms)
✔ MDW fresh ground position can advance the stage (1.220727ms)
▶ stage and ground-map position identity
  ✔ uses the commercial flight number for the stage FR24 lookup (3.401533ms)
✔ stage and ground-map position identity (3.526348ms)
▶ public schedule fallback
  ✔ shares each section date across Scheduled, Estimated and Actual labels (4.897347ms)
  ✔ honors explicit later dates across midnight and month rollover (0.865965ms)
  ✔ keeps labels without a preceding section date unconfirmed (0.359938ms)
  ✔ still rejects invalid clocks and unknown timezone abbreviations (0.352231ms)
  ⚠ loads an exact route from a FlightStats-style public status page (2.042587ms) # Held #6: unknown-airport route support — https://github.com/jarndtphoto/Inbound/blob/codex/test-suite-cleanup/docs/test-cleanup-held-bugs.md#6-zrh--unknown-airport-public-route-support
  ✔ parses public scheduled and actual gate times when FlightStats exposes them (0.453537ms)
  ✔ chooses the active return leg instead of the earlier same-number segment (0.949064ms)
  ✔ prefers a recently arrived local-date flight over tomorrow UTC-date schedule (0.521933ms)
  ✔ fails closed when the page does not identify two known airports (0.165002ms)
  ✔ allows an exact FR24 leg up to 60 seconds old to establish origin-gate identity (1.444792ms)
✔ public schedule fallback (12.715233ms)
▶ departure checkpoint survives provider handoff
  ✔ rebuilds a provider-actual push latch from the saved checkpoint (0.392353ms)
  ✔ prefers a detected physical push timestamp when one exists (0.213747ms)
  ✔ does not turn a scheduled or estimated time into a push checkpoint (0.110448ms)
✔ departure checkpoint survives provider handoff (0.882429ms)
▶ codeshare operating callsign
  ✔ uses the operating callsign encoded in the public flight instance (0.17776ms)
✔ codeshare operating callsign (0.275977ms)
▶ current-flight trace selection
  ✔ does not concatenate a previous matching leg underneath the current flight (1.012149ms)
  ✔ chooses the most recent matching leg when no live point is available (0.295756ms)
✔ current-flight trace selection (1.575484ms)
▶ live reroute display geometry
  ✔ uses the actual deviation for the portion behind the aircraft (0.25416ms)
  ✔ joins actual track naturally to the current aircraft without an obsolete filed-route jump (0.1188ms)
  ✔ starts projection at the current aircraft and never selects a segment behind it (0.223026ms)
  ✔ keeps Route and Weather on the same canonical story samples (17.292798ms)
  ✔ shows filed fixes as secondary references without using them as the live path (0.46661ms)
  ✔ never renders interpolated route samples as waypoint markers (5.306669ms)
  ✔ does not add published fix markers as the map zoom changes (0.885739ms)
  ✔ does not evaluate future weather against the abandoned route behind the aircraft (0.880817ms)
✔ live reroute display geometry (26.076573ms)
▶ Hawaii route-map geography
  ✔ includes targeted detailed outlines for the six passenger-visible islands (3.159083ms)
  ✔ renders Hawaii with zoom-stable coastline strokes (0.516851ms)
✔ Hawaii route-map geography (3.923624ms)
▶ FlightAware filed route references
  ✔ reads only named published fixes from the AeroAPI route response (2.964455ms)
  ✔ renders filed fixes as zoom-stable white markers without sample markers (25.640539ms)
✔ FlightAware filed route references (28.886022ms)
▶ AAL3197 weather entry rendering
  ✔ orders samples in direction of travel and discards points behind progress (0.85928ms)
  ✔ renders the numbered marker at the affected-range entry coordinate (47.714244ms)
  ✔ leads with the next weather event once and keeps its entry timing and shared map wording (10.853887ms)
  ✔ does not split one continuous moderate range when storm detail changes (0.310892ms)
  ✔ combines contiguous light and moderate turbulence into one passenger event (0.425212ms)
✔ AAL3197 weather entry rendering (60.659318ms)
[aeroapi] key unavailable; using public feed
[schedule-fallback-unavailable] {
  callsign: 'UAL219',
  reason: 'Current flight route unavailable: schedule provider returned HTTP 402 (unidentified response; host=www.flightaware.com; server=absent; type=absent; bodyChars=0; branding=unidentifi'
}
{"event":"fr24_upstream_request","timestamp":"2026-10-02T14:54:00.000Z","callsign":null,"registration":null,"endpoint":"/live/flight-positions/full","cache":"miss"}
{"event":"fr24_flight_number_match","requested":"UAL219","flightNumber":"UA219","flightId":"fixture-fr24-219","callsign":"UAL219"}
{"event":"fr24_live_leg_fallback","requested":"UAL219","flightId":"fixture-fr24-219","origin":"ORD","destination":"HNL"}
{"event":"canonical_leg_key_unavailable","reason":"missing_scheduled","requested":"UAL219","ident":"UAL219","origin":"ORD","destination":"HNL","scheduledDeparture":null,"serviceDate":null}
[departure-telemetry] {
  callsignRequested: 'UA219',
  flightInstance: 'leg:unvalidated:UAL219|ORD|HNL|2026-10-02',
  currentStage: 'origin_gate',
  pushLatched: false,
  taxiOutLatched: false,
  pushTimestamp: null,
  pushTimestampSource: null,
  firstDepartureMovement: false,
  rawTaxiHint: false,
  stageTaxiHint: false,
  taxiThresholdKt: 6,
  parkedObservedSec: 0,
  stationaryAtStand: true,
  awayFromPassengerGateArea: false,
  providerGateOut: { scheduled: null, estimated: null, actual: null },
  providerGateOutPublic: { scheduled: null, estimated: null, actual: null },
  groundspeedKt: 0,
  onGround: true,
  distanceFromParkedNm: 0,
  positionAgeSec: 0,
  positionSource: 'fr24'
}
[push-evidence] {"callsignRequested":"UA219","flightInstance":"leg:unvalidated:UAL219|ORD|HNL|2026-10-02","flightaware":{"flightId":"fixture-fr24-219","publicGateOut":{"scheduled":null,"estimated":null,"actual":null},"aeroApiOut":null,"firstTrackMovement":null},"fr24":{"flightId":"fixture-fr24-219","status":"ACTIVE","firstTrackMovement":null,"summaryOut":{"scheduled":null,"estimated":null,"actual":null}},"adsb":{"firstTrackMovement":null,"positionAgeSec":0,"groundspeedKt":0,"distanceFromParkedNm":0},"inbound":{"parkedPosition":{"lat":41.9786,"lon":-87.9048,"at":1790952840000},"selectedPush":null,"pushLatch":null,"taxiOutLatch":null,"finalPushUnix":null,"finalPushSource":null,"phaseStatePersistenceOnLoad":"ok"}}
[story-request] {"scheduleSource":"fr24_live","fallbackOutcome":"fr24_used","cacheStatus":"miss","event":"story_request","requested":"UA219","fresh":true,"durationMs":75,"outcome":"ok","errorCategory":null}
{"event":"fr24_upstream_request","timestamp":"2026-10-02T14:54:10.000Z","callsign":null,"registration":null,"endpoint":"/live/flight-positions/full","cache":"miss"}
{"event":"fr24_live_leg_fallback","requested":"UAL219","flightId":"fixture-fr24-219","origin":"ORD","destination":"HNL"}
[schedule-fallback-unavailable] {
  callsign: 'UAL219',
  reason: 'Current flight route unavailable: schedule provider returned HTTP 402 (unidentified response; host=www.flightaware.com; server=absent; type=absent; bodyChars=0; branding=unidentifi'
}
{"event":"canonical_leg_key_unavailable","reason":"missing_scheduled","requested":"UAL219","ident":"UAL219","origin":"ORD","destination":"HNL","scheduledDeparture":null,"serviceDate":null}
[departure-telemetry] {
  callsignRequested: 'UA219',
  flightInstance: 'leg:unvalidated:UAL219|ORD|HNL|2026-10-02',
  currentStage: 'push',
  pushLatched: true,
  taxiOutLatched: false,
  pushTimestamp: 1790952850,
  pushTimestampSource: 'live_detected',
  firstDepartureMovement: true,
  rawTaxiHint: false,
  stageTaxiHint: false,
  taxiThresholdKt: 6,
  parkedObservedSec: 10,
  stationaryAtStand: false,
  awayFromPassengerGateArea: false,
  providerGateOut: { scheduled: null, estimated: null, actual: null },
  providerGateOutPublic: { scheduled: null, estimated: null, actual: null },
  groundspeedKt: 4,
  onGround: true,
  distanceFromParkedNm: 0.05356051193641675,
  positionAgeSec: 0,
  positionSource: 'fr24'
}
[push-evidence] {"callsignRequested":"UA219","flightInstance":"leg:unvalidated:UAL219|ORD|HNL|2026-10-02","flightaware":{"flightId":"fixture-fr24-219","publicGateOut":{"scheduled":null,"estimated":null,"actual":null},"aeroApiOut":null,"firstTrackMovement":null},"fr24":{"flightId":"fixture-fr24-219","status":"ACTIVE","firstTrackMovement":null,"summaryOut":{"scheduled":null,"estimated":null,"actual":null}},"adsb":{"firstTrackMovement":null,"positionAgeSec":0,"groundspeedKt":4,"distanceFromParkedNm":0.05356051193641675},"inbound":{"parkedPosition":{"lat":41.9786,"lon":-87.9048,"at":1790952840000},"selectedPush":null,"pushLatch":{"unix":1790952850,"source":"live_detected","live":true,"at":1790952850},"taxiOutLatch":null,"finalPushUnix":1790952850,"finalPushSource":"live_detected","phaseStatePersistenceOnLoad":"ok"}}
[story-request] {"scheduleSource":"fr24_live","fallbackOutcome":"fr24_used","cacheStatus":"miss","event":"story_request","requested":"UA219","fresh":true,"durationMs":60,"outcome":"ok","errorCategory":null}
[aeroapi] key unavailable; using public feed
[schedule-fallback-unavailable] {
  callsign: 'UAL219',
  reason: 'Current flight route unavailable: schedule provider returned HTTP 402 (unidentified response; host=www.flightaware.com; server=absent; type=absent; bodyChars=0; branding=unidentifi'
}
{"event":"fr24_upstream_request","timestamp":"2026-10-02T14:54:20.000Z","callsign":null,"registration":null,"endpoint":"/live/flight-positions/full","cache":"miss"}
{"event":"fr24_flight_number_match","requested":"UAL219","flightNumber":"UA219","flightId":"fixture-fr24-219","callsign":"UAL219"}
{"event":"fr24_live_leg_fallback","requested":"UAL219","flightId":"fixture-fr24-219","origin":"ORD","destination":"HNL"}
{"event":"canonical_leg_key_unavailable","reason":"missing_scheduled","requested":"UAL219","ident":"UAL219","origin":"ORD","destination":"HNL","scheduledDeparture":null,"serviceDate":null}
[departure-telemetry] {
  callsignRequested: 'UA219',
  flightInstance: 'leg:unvalidated:UAL219|ORD|HNL|2026-10-02',
  currentStage: 'taxi',
  pushLatched: true,
  taxiOutLatched: true,
  pushTimestamp: 1790952850,
  pushTimestampSource: 'live_detected',
  firstDepartureMovement: false,
  rawTaxiHint: true,
  stageTaxiHint: true,
  taxiThresholdKt: 6,
  parkedObservedSec: 0,
  stationaryAtStand: false,
  awayFromPassengerGateArea: false,
  providerGateOut: { scheduled: null, estimated: null, actual: null },
  providerGateOutPublic: { scheduled: null, estimated: null, actual: null },
  groundspeedKt: 15,
  onGround: true,
  distanceFromParkedNm: null,
  positionAgeSec: 0,
  positionSource: 'fr24'
}
[push-evidence] {"callsignRequested":"UA219","flightInstance":"leg:unvalidated:UAL219|ORD|HNL|2026-10-02","flightaware":{"flightId":"fixture-fr24-219","publicGateOut":{"scheduled":null,"estimated":null,"actual":null},"aeroApiOut":null,"firstTrackMovement":null},"fr24":{"flightId":"fixture-fr24-219","status":"ACTIVE","firstTrackMovement":null,"summaryOut":{"scheduled":null,"estimated":null,"actual":null}},"adsb":{"firstTrackMovement":null,"positionAgeSec":0,"groundspeedKt":15,"distanceFromParkedNm":null},"inbound":{"parkedPosition":null,"selectedPush":null,"pushLatch":{"unix":1790952850,"source":"live_detected","live":true,"at":1790952860},"taxiOutLatch":{"at":1790952860},"finalPushUnix":1790952850,"finalPushSource":"live_detected","phaseStatePersistenceOnLoad":"ok"}}
[story-request] {"scheduleSource":"fr24_live","fallbackOutcome":"fr24_used","cacheStatus":"miss","event":"story_request","requested":"UA219","fresh":true,"durationMs":127,"outcome":"ok","errorCategory":null}
[aeroapi] key unavailable; using public feed
[schedule-fallback-unavailable] {
  callsign: 'UAL219',
  reason: 'Current flight route unavailable: schedule provider returned HTTP 402 (unidentified response; host=www.flightaware.com; server=absent; type=absent; bodyChars=0; branding=unidentifi'
}
{"event":"fr24_upstream_request","timestamp":"2026-10-02T14:54:30.000Z","callsign":null,"registration":null,"endpoint":"/live/flight-positions/full","cache":"miss"}
{"event":"fr24_flight_number_match","requested":"UAL219","flightNumber":"UA219","flightId":"fixture-fr24-219","callsign":"UAL219"}
{"event":"fr24_live_leg_fallback","requested":"UAL219","flightId":"fixture-fr24-219","origin":"ORD","destination":"HNL"}
{"event":"canonical_leg_key_unavailable","reason":"missing_scheduled","requested":"UAL219","ident":"UAL219","origin":"ORD","destination":"HNL","scheduledDeparture":null,"serviceDate":null}
[departure-telemetry] {
  callsignRequested: 'UA219',
  flightInstance: 'leg:unvalidated:UAL219|ORD|HNL|2026-10-02',
  currentStage: 'taxi',
  pushLatched: true,
  taxiOutLatched: true,
  pushTimestamp: 1790952850,
  pushTimestampSource: 'live_detected',
  firstDepartureMovement: false,
  rawTaxiHint: false,
  stageTaxiHint: false,
  taxiThresholdKt: 6,
  parkedObservedSec: 0,
  stationaryAtStand: false,
  awayFromPassengerGateArea: false,
  providerGateOut: { scheduled: null, estimated: null, actual: null },
  providerGateOutPublic: { scheduled: null, estimated: null, actual: null },
  groundspeedKt: 0,
  onGround: true,
  distanceFromParkedNm: null,
  positionAgeSec: 0,
  positionSource: 'fr24'
}
[push-evidence] {"callsignRequested":"UA219","flightInstance":"leg:unvalidated:UAL219|ORD|HNL|2026-10-02","flightaware":{"flightId":"fixture-fr24-219","publicGateOut":{"scheduled":null,"estimated":null,"actual":null},"aeroApiOut":null,"firstTrackMovement":null},"fr24":{"flightId":"fixture-fr24-219","status":"ACTIVE","firstTrackMovement":null,"summaryOut":{"scheduled":null,"estimated":null,"actual":null}},"adsb":{"firstTrackMovement":null,"positionAgeSec":0,"groundspeedKt":0,"distanceFromParkedNm":null},"inbound":{"parkedPosition":null,"selectedPush":null,"pushLatch":{"unix":1790952850,"source":"live_detected","live":true,"at":1790952860},"taxiOutLatch":{"at":1790952860},"finalPushUnix":1790952850,"finalPushSource":"live_detected","phaseStatePersistenceOnLoad":"ok"}}
[story-request] {"scheduleSource":"fr24_live","fallbackOutcome":"fr24_used","cacheStatus":"miss","event":"story_request","requested":"UA219","fresh":true,"durationMs":112,"outcome":"ok","errorCategory":null}
[aeroapi] key unavailable; using public feed
{"event":"fr24_upstream_request","timestamp":"2026-10-02T14:54:40.000Z","callsign":null,"registration":null,"endpoint":"/live/flight-positions/full","cache":"miss"}
{"event":"fr24_flight_number_match","requested":"UAL219","flightNumber":"UA219","flightId":"fixture-fr24-219","callsign":"UAL219"}
[departure-telemetry] {
  callsignRequested: 'UA219',
  flightInstance: 'leg:v1:UAL219|2026-10-02|ORD|HNL',
  currentStage: 'taxi',
  pushLatched: true,
  taxiOutLatched: true,
  pushTimestamp: 1790952850,
  pushTimestampSource: 'live_detected',
  firstDepartureMovement: false,
  rawTaxiHint: false,
  stageTaxiHint: false,
  taxiThresholdKt: 6,
  parkedObservedSec: 0,
  stationaryAtStand: false,
  awayFromPassengerGateArea: false,
  providerGateOut: { scheduled: 1790952900, estimated: null, actual: null },
  providerGateOutPublic: { scheduled: 1790952900, estimated: null, actual: null },
  groundspeedKt: 0,
  onGround: true,
  distanceFromParkedNm: null,
  positionAgeSec: 0,
  positionSource: 'fr24'
}
[push-evidence] {"callsignRequested":"UA219","flightInstance":"leg:v1:UAL219|2026-10-02|ORD|HNL","flightaware":{"flightId":"UAL219-1790952900-schedule-0001","publicGateOut":{"scheduled":1790952900,"estimated":null,"actual":null},"aeroApiOut":null,"firstTrackMovement":null},"fr24":{"flightId":"fixture-fr24-219","status":"ACTIVE","firstTrackMovement":null,"summaryOut":{"scheduled":null,"estimated":null,"actual":null}},"adsb":{"firstTrackMovement":null,"positionAgeSec":0,"groundspeedKt":0,"distanceFromParkedNm":null},"inbound":{"parkedPosition":null,"selectedPush":null,"pushLatch":{"unix":1790952850,"source":"live_detected","live":true,"at":1790952860},"taxiOutLatch":{"at":1790952860},"finalPushUnix":1790952850,"finalPushSource":"live_detected","phaseStatePersistenceOnLoad":"ok"}}
[story-request] {"scheduleSource":"flightaware_public","fallbackOutcome":"not_needed","cacheStatus":"miss","event":"story_request","requested":"UA219","fresh":true,"durationMs":101,"outcome":"ok","errorCategory":null}
✔ fixture audit and FR24-only push/taxi survive actual cold story instances and schedule promotion (9274.460878ms)
[aeroapi] key unavailable; using public feed
[schedule-fallback-unavailable] {
  callsign: 'SWA1111',
  reason: 'Current flight route unavailable: schedule provider returned HTTP 402 (unidentified response; host=www.flightaware.com; server=absent; type=absent; bodyChars=0; branding=unidentifi'
}
[departure-telemetry] {
  callsignRequested: 'WN1111',
  flightInstance: 'resume:2a424f50fad660b543b70d0f337977ea7663b622f2feb64372fcfa140b93ab3f:leg:v1:SWA1111|2026-09-13|MDW|MSP',
  currentStage: 'origin_gate',
  pushLatched: false,
  taxiOutLatched: false,
  pushTimestamp: null,
  pushTimestampSource: null,
  firstDepartureMovement: false,
  rawTaxiHint: false,
  stageTaxiHint: false,
  taxiThresholdKt: 6,
  parkedObservedSec: 0,
  stationaryAtStand: true,
  awayFromPassengerGateArea: false,
  providerGateOut: { scheduled: 1789318200, estimated: null, actual: null },
  providerGateOutPublic: { scheduled: 1789318200, estimated: null, actual: null },
  groundspeedKt: 0,
  onGround: true,
  distanceFromParkedNm: 0,
  positionAgeSec: 1,
  positionSource: 'adsb'
}
[push-evidence] {"callsignRequested":"WN1111","flightInstance":"resume:2a424f50fad660b543b70d0f337977ea7663b622f2feb64372fcfa140b93ab3f:leg:v1:SWA1111|2026-09-13|MDW|MSP","flightaware":{"flightId":null,"publicGateOut":{"scheduled":1789318200,"estimated":null,"actual":null},"aeroApiOut":null,"firstTrackMovement":null},"fr24":{"flightId":null,"status":"DISABLED","firstTrackMovement":null,"summaryOut":null},"adsb":{"firstTrackMovement":null,"positionAgeSec":1,"groundspeedKt":0,"distanceFromParkedNm":0},"inbound":{"parkedPosition":{"lat":41.787,"lon":-87.752,"at":1789318800000},"selectedPush":null,"pushLatch":null,"taxiOutLatch":null,"finalPushUnix":null,"finalPushSource":null,"phaseStatePersistenceOnLoad":"ok"}}
[flight-telemetry] {
  callsignRequested: 'WN1111',
  callsign: 'SWA1111',
  registration: 'N12345',
  hex: 'a12345',
  destination: { iata: 'MSP', icao: 'KMSP', lat: 44.8848, lon: -93.2223 },
  livePosition: { lat: 41.787, lon: -87.752 },
  altitudeFt: 0,
  groundspeedKt: 0,
  onGround: true,
  track: 310,
  verticalRateFpm: null,
  phase: 'parked',
  headingToDestinationDelta: null,
  isFinalApproach: false,
  routeRemainingNm: 302.638444110557,
  directToDestNm: null,
  remainingNm: 302.638444110557,
  etaMin: 60,
  currentStage: 'origin_gate',
  arrivalStatus: 'airborne',
  ourLanded: false,
  positionProvider: 'adsb',
  positionSeenAt: 1789318799,
  positionAgeSec: 1,
  flightawarePosition: null,
  fr24Position: null,
  adsbPosition: {
    provider: 'adsb',
    flightId: null,
    callsign: 'SWA1111',
    lat: 41.787,
    lon: -87.752,
    altFt: 0,
    vertFpm: null,
    gsKt: 0,
    track: 310,
    onGround: true,
    seenAt: 1789318799,
    registration: 'N12345',
    type: 'B738',
    hex: 'a12345',
    confidence: 'high'
  },
  providerStatus: { flightaware: 'DISABLED', fr24: 'DISABLED' },
  providerEta: { flightaware: null, fr24: null },
  providerDistancesNm: {
    flightawareToFr24: null,
    flightawareToAdsb: null,
    fr24ToAdsb: null
  },
  fusionDisagreementNm: null,
  filedRouteDeviationNm: 0.010476603989354029,
  displayPathSource: 'direct'
}
[story-request] {"scheduleSource":"saved_resume","fallbackOutcome":"resume_used","cacheStatus":"miss","event":"story_request","requested":"WN1111","fresh":true,"durationMs":105,"outcome":"ok","errorCategory":null}
[schedule-fallback-unavailable] {
  callsign: 'SWA1111',
  reason: 'Current flight route unavailable: schedule provider returned HTTP 402 (unidentified response; host=www.flightaware.com; server=absent; type=absent; bodyChars=0; branding=unidentifi'
}
[departure-telemetry] {
  callsignRequested: 'WN1111',
  flightInstance: 'resume:1bd10b93d2024925cd5e606e83ff29dc99899e58a2568d1d2d6d6f5c998a1afe:leg:v1:SWA1111|2026-09-13|MDW|MSP',
  currentStage: 'push',
  pushLatched: true,
  taxiOutLatched: false,
  pushTimestamp: 1789318810,
  pushTimestampSource: 'live_detected',
  firstDepartureMovement: true,
  rawTaxiHint: true,
  stageTaxiHint: false,
  taxiThresholdKt: 6,
  parkedObservedSec: 0,
  stationaryAtStand: false,
  awayFromPassengerGateArea: false,
  providerGateOut: { scheduled: 1789318200, estimated: null, actual: null },
  providerGateOutPublic: { scheduled: 1789318200, estimated: null, actual: null },
  groundspeedKt: 10,
  onGround: true,
  distanceFromParkedNm: null,
  positionAgeSec: 1,
  positionSource: 'adsb'
}
[push-evidence] {"callsignRequested":"WN1111","flightInstance":"resume:1bd10b93d2024925cd5e606e83ff29dc99899e58a2568d1d2d6d6f5c998a1afe:leg:v1:SWA1111|2026-09-13|MDW|MSP","flightaware":{"flightId":null,"publicGateOut":{"scheduled":1789318200,"estimated":null,"actual":null},"aeroApiOut":null,"firstTrackMovement":null},"fr24":{"flightId":null,"status":"DISABLED","firstTrackMovement":null,"summaryOut":null},"adsb":{"firstTrackMovement":null,"positionAgeSec":1,"groundspeedKt":10,"distanceFromParkedNm":null},"inbound":{"parkedPosition":null,"selectedPush":null,"pushLatch":{"unix":1789318810,"source":"live_detected","live":true,"at":1789318810},"taxiOutLatch":null,"finalPushUnix":1789318810,"finalPushSource":"live_detected","phaseStatePersistenceOnLoad":"ok"}}
[flight-telemetry] {
  callsignRequested: 'WN1111',
  callsign: 'SWA1111',
  registration: 'N12345',
  hex: 'a12345',
  destination: { iata: 'MSP', icao: 'KMSP', lat: 44.8848, lon: -93.2223 },
  livePosition: { lat: 41.788, lon: -87.751 },
  altitudeFt: 0,
  groundspeedKt: 10,
  onGround: true,
  track: 310,
  verticalRateFpm: null,
  phase: 'taxi',
  headingToDestinationDelta: null,
  isFinalApproach: false,
  routeRemainingNm: 302.638444110557,
  directToDestNm: null,
  remainingNm: 302.638444110557,
  etaMin: 59.833333333333336,
  currentStage: 'push',
  arrivalStatus: 'airborne',
  ourLanded: false,
  positionProvider: 'adsb',
  positionSeenAt: 1789318809,
  positionAgeSec: 1,
  flightawarePosition: null,
  fr24Position: null,
  adsbPosition: {
    provider: 'adsb',
    flightId: null,
    callsign: 'SWA1111',
    lat: 41.788,
    lon: -87.751,
    altFt: 0,
    vertFpm: null,
    gsKt: 10,
    track: 310,
    onGround: true,
    seenAt: 1789318809,
    registration: 'N12345',
    type: 'B738',
    hex: 'a12345',
    confidence: 'high'
  },
  providerStatus: { flightaware: 'DISABLED', fr24: 'DISABLED' },
  providerEta: { flightaware: null, fr24: null },
  providerDistancesNm: {
    flightawareToFr24: null,
    flightawareToAdsb: null,
    fr24ToAdsb: null
  },
  fusionDisagreementNm: null,
  filedRouteDeviationNm: 0.06285807019502178,
  displayPathSource: 'direct'
}
[story-request] {"scheduleSource":"saved_resume","fallbackOutcome":"resume_used","cacheStatus":"miss","event":"story_request","requested":"WN1111","fresh":true,"durationMs":27,"outcome":"ok","errorCategory":null}
[schedule-fallback-unavailable] {
  callsign: 'SWA1111',
  reason: 'Current flight route unavailable: schedule provider returned HTTP 402 (unidentified response; host=www.flightaware.com; server=absent; type=absent; bodyChars=0; branding=unidentifi'
}
[departure-telemetry] {
  callsignRequested: 'WN1111',
  flightInstance: 'resume:f17bc3c25a1843ad7113cc8fdf5f59f4d7f1a75aac43be99e7732bf42863c371:leg:v1:SWA1111|2026-09-13|MDW|MSP',
  currentStage: 'taxi',
  pushLatched: true,
  taxiOutLatched: true,
  pushTimestamp: 1789318810,
  pushTimestampSource: 'live_detected',
  firstDepartureMovement: false,
  rawTaxiHint: true,
  stageTaxiHint: true,
  taxiThresholdKt: 6,
  parkedObservedSec: 0,
  stationaryAtStand: false,
  awayFromPassengerGateArea: false,
  providerGateOut: { scheduled: 1789318200, estimated: null, actual: null },
  providerGateOutPublic: { scheduled: 1789318200, estimated: null, actual: null },
  groundspeedKt: 10,
  onGround: true,
  distanceFromParkedNm: null,
  positionAgeSec: 1,
  positionSource: 'adsb'
}
[push-evidence] {"callsignRequested":"WN1111","flightInstance":"resume:f17bc3c25a1843ad7113cc8fdf5f59f4d7f1a75aac43be99e7732bf42863c371:leg:v1:SWA1111|2026-09-13|MDW|MSP","flightaware":{"flightId":null,"publicGateOut":{"scheduled":1789318200,"estimated":null,"actual":null},"aeroApiOut":null,"firstTrackMovement":null},"fr24":{"flightId":null,"status":"DISABLED","firstTrackMovement":null,"summaryOut":null},"adsb":{"firstTrackMovement":null,"positionAgeSec":1,"groundspeedKt":10,"distanceFromParkedNm":null},"inbound":{"parkedPosition":null,"selectedPush":null,"pushLatch":{"unix":1789318810,"source":"live_detected","live":true,"at":1789318820},"taxiOutLatch":{"at":1789318820},"finalPushUnix":1789318810,"finalPushSource":"live_detected","phaseStatePersistenceOnLoad":"ok"}}
[flight-telemetry] {
  callsignRequested: 'WN1111',
  callsign: 'SWA1111',
  registration: 'N12345',
  hex: 'a12345',
  destination: { iata: 'MSP', icao: 'KMSP', lat: 44.8848, lon: -93.2223 },
  livePosition: { lat: 41.789, lon: -87.75 },
  altitudeFt: 0,
  groundspeedKt: 10,
  onGround: true,
  track: 310,
  verticalRateFpm: null,
  phase: 'taxi',
  headingToDestinationDelta: null,
  isFinalApproach: false,
  routeRemainingNm: 302.638444110557,
  directToDestNm: null,
  remainingNm: 302.638444110557,
  etaMin: 59.666666666666664,
  currentStage: 'taxi',
  arrivalStatus: 'airborne',
  ourLanded: false,
  positionProvider: 'adsb',
  positionSeenAt: 1789318819,
  positionAgeSec: 1,
  flightawarePosition: null,
  fr24Position: null,
  adsbPosition: {
    provider: 'adsb',
    flightId: null,
    callsign: 'SWA1111',
    lat: 41.789,
    lon: -87.75,
    altFt: 0,
    vertFpm: null,
    gsKt: 10,
    track: 310,
    onGround: true,
    seenAt: 1789318819,
    registration: 'N12345',
    type: 'B738',
    hex: 'a12345',
    confidence: 'high'
  },
  providerStatus: { flightaware: 'DISABLED', fr24: 'DISABLED' },
  providerEta: { flightaware: null, fr24: null },
  providerDistancesNm: {
    flightawareToFr24: null,
    flightawareToAdsb: null,
    fr24ToAdsb: null
  },
  fusionDisagreementNm: null,
  filedRouteDeviationNm: 0.11523694351685479,
  displayPathSource: 'direct'
}
[story-request] {"scheduleSource":"saved_resume","fallbackOutcome":"resume_used","cacheStatus":"miss","event":"story_request","requested":"WN1111","fresh":true,"durationMs":15,"outcome":"ok","errorCategory":null}
[schedule-fallback-unavailable] {
  callsign: 'SWA1111',
  reason: 'Current flight route unavailable: schedule provider returned HTTP 402 (unidentified response; host=www.flightaware.com; server=absent; type=absent; bodyChars=0; branding=unidentifi'
}
[flight-telemetry] {
  callsignRequested: 'WN1111',
  callsign: 'SWA1111',
  registration: 'N12345',
  hex: 'a12345',
  destination: { iata: 'MSP', icao: 'KMSP', lat: 44.8848, lon: -93.2223 },
  livePosition: { lat: 42.2, lon: -88.3 },
  altitudeFt: 12000,
  groundspeedKt: 300,
  onGround: false,
  track: 310,
  verticalRateFpm: 1500,
  phase: 'climb',
  headingToDestinationDelta: 1.362760470542753,
  isFinalApproach: false,
  routeRemainingNm: 268.32381943276533,
  directToDestNm: 268.014789316454,
  remainingNm: 268.32381943276533,
  etaMin: 56.666666666666664,
  currentStage: 'ride',
  arrivalStatus: 'airborne',
  ourLanded: false,
  positionProvider: 'adsb',
  positionSeenAt: 1789318999,
  positionAgeSec: 1,
  flightawarePosition: null,
  fr24Position: null,
  adsbPosition: {
    provider: 'adsb',
    flightId: null,
    callsign: 'SWA1111',
    lat: 42.2,
    lon: -88.3,
    altFt: 12000,
    vertFpm: 1500,
    gsKt: 300,
    track: 310,
    onGround: false,
    seenAt: 1789318999,
    registration: 'N12345',
    type: 'B738',
    hex: 'a12345',
    confidence: 'high'
  },
  providerStatus: { flightaware: 'DISABLED', fr24: 'DISABLED' },
  providerEta: { flightaware: null, fr24: null },
  providerDistancesNm: {
    flightawareToFr24: null,
    flightawareToAdsb: null,
    fr24ToAdsb: null
  },
  fusionDisagreementNm: null,
  filedRouteDeviationNm: 3.626107118572527,
  displayPathSource: 'direct'
}
[story-request] {"scheduleSource":"saved_resume","fallbackOutcome":"resume_used","cacheStatus":"miss","event":"story_request","requested":"WN1111","fresh":true,"durationMs":17,"outcome":"ok","errorCategory":null}
[aeroapi] key unavailable; using public feed
[schedule-fallback-unavailable] {
  callsign: 'SWA1111',
  reason: 'Current flight route unavailable: schedule provider returned HTTP 402 (unidentified response; host=www.flightaware.com; server=absent; type=absent; bodyChars=0; branding=unidentifi'
}
[story-request] {"scheduleSource":"unavailable","fallbackOutcome":"flightstats_unavailable","cacheStatus":"miss","event":"story_request","requested":"WN1111","fresh":false,"durationMs":35,"outcome":"error","errorCategory":"source_unavailable"}
[aeroapi] key unavailable; using public feed
[schedule-fallback-unavailable] {
  callsign: 'SWA1112',
  reason: 'Current flight route unavailable: schedule provider returned HTTP 402 (unidentified response; host=www.flightaware.com; server=absent; type=absent; bodyChars=0; branding=unidentifi'
}
[story-request] {"scheduleSource":"unavailable","fallbackOutcome":"flightstats_unavailable","cacheStatus":"miss","event":"story_request","requested":"WN1112","fresh":false,"durationMs":35,"outcome":"error","errorCategory":"source_unavailable"}
[schedule-fallback-unavailable] {
  callsign: 'SWA1111',
  reason: 'Current flight route unavailable: schedule provider returned HTTP 402 (unidentified response; host=www.flightaware.com; server=absent; type=absent; bodyChars=0; branding=unidentifi'
}
[schedule-fallback-unavailable] {
  callsign: 'SWA1111',
  reason: 'Current flight route unavailable: schedule provider returned HTTP 402 (unidentified response; host=www.flightaware.com; server=absent; type=absent; bodyChars=0; branding=unidentifi'
}
[story-request] {"scheduleSource":"unavailable","fallbackOutcome":"flightstats_unavailable","cacheStatus":"miss","event":"story_request","requested":"WN1111","fresh":false,"durationMs":17,"outcome":"error","errorCategory":"source_unavailable"}
[story-request] {"scheduleSource":"unavailable","fallbackOutcome":"flightstats_unavailable","cacheStatus":"miss","event":"story_request","requested":"WN1111","fresh":false,"durationMs":1,"outcome":"error","errorCategory":"source_unavailable"}
[aeroapi] key unavailable; using public feed
[schedule-fallback-unavailable] {
  callsign: 'SWA1111',
  reason: 'Current flight route unavailable: schedule provider returned HTTP 402 (unidentified response; host=www.flightaware.com; server=absent; type=absent; bodyChars=0; branding=unidentifi'
}
[story-request] {"scheduleSource":"saved_resume","fallbackOutcome":"resume_used","cacheStatus":"miss","event":"story_request","requested":"WN1111","fresh":false,"durationMs":86,"outcome":"error","errorCategory":"source_unavailable"}
[aeroapi] key unavailable; using public feed
[schedule-fallback-unavailable] {
  callsign: 'SWA1111',
  reason: 'Current flight route unavailable: schedule provider returned HTTP 402 (unidentified response; host=www.flightaware.com; server=absent; type=absent; bodyChars=0; branding=unidentifi'
}
[departure-telemetry] {
  callsignRequested: 'WN1111',
  flightInstance: 'resume:436b0ebd91afd490adfa1d4ab98fd79b4d82354e9614bb79d064259865a4889b:leg:v1:SWA1111|2026-09-13|MDW|MSP',
  currentStage: 'push',
  pushLatched: true,
  taxiOutLatched: false,
  pushTimestamp: 1789318710,
  pushTimestampSource: 'provider_actual',
  firstDepartureMovement: false,
  rawTaxiHint: false,
  stageTaxiHint: false,
  taxiThresholdKt: 6,
  parkedObservedSec: 0,
  stationaryAtStand: false,
  awayFromPassengerGateArea: false,
  providerGateOut: { scheduled: 1789318200, estimated: null, actual: 1789318710 },
  providerGateOutPublic: { scheduled: 1789318200, estimated: null, actual: 1789318710 },
  groundspeedKt: 0,
  onGround: true,
  distanceFromParkedNm: null,
  positionAgeSec: 1,
  positionSource: 'adsb'
}
[push-evidence] {"callsignRequested":"WN1111","flightInstance":"resume:436b0ebd91afd490adfa1d4ab98fd79b4d82354e9614bb79d064259865a4889b:leg:v1:SWA1111|2026-09-13|MDW|MSP","flightaware":{"flightId":null,"publicGateOut":{"scheduled":1789318200,"estimated":null,"actual":1789318710},"aeroApiOut":null,"firstTrackMovement":null},"fr24":{"flightId":null,"status":"DISABLED","firstTrackMovement":null,"summaryOut":null},"adsb":{"firstTrackMovement":null,"positionAgeSec":1,"groundspeedKt":0,"distanceFromParkedNm":null},"inbound":{"parkedPosition":null,"selectedPush":{"unix":1789318710,"source":"provider_actual","evidence":null},"pushLatch":{"unix":1789318710,"source":"provider_actual","live":true,"at":1789318800},"taxiOutLatch":null,"finalPushUnix":1789318710,"finalPushSource":"provider_actual","phaseStatePersistenceOnLoad":"ok"}}
[flight-telemetry] {
  callsignRequested: 'WN1111',
  callsign: 'SWA1111',
  registration: 'N12345',
  hex: 'a12345',
  destination: { iata: 'MSP', icao: 'KMSP', lat: 44.8848, lon: -93.2223 },
  livePosition: { lat: 41.787, lon: -87.752 },
  altitudeFt: 0,
  groundspeedKt: 0,
  onGround: true,
  track: 310,
  verticalRateFpm: null,
  phase: 'parked',
  headingToDestinationDelta: null,
  isFinalApproach: false,
  routeRemainingNm: 302.638444110557,
  directToDestNm: null,
  remainingNm: 302.638444110557,
  etaMin: 60,
  currentStage: 'push',
  arrivalStatus: 'airborne',
  ourLanded: false,
  positionProvider: 'adsb',
  positionSeenAt: 1789318799,
  positionAgeSec: 1,
  flightawarePosition: null,
  fr24Position: null,
  adsbPosition: {
    provider: 'adsb',
    flightId: null,
    callsign: 'SWA1111',
    lat: 41.787,
    lon: -87.752,
    altFt: 0,
    vertFpm: null,
    gsKt: 0,
    track: 310,
    onGround: true,
    seenAt: 1789318799,
    registration: 'N12345',
    type: 'B738',
    hex: 'a12345',
    confidence: 'high'
  },
  providerStatus: { flightaware: 'DISABLED', fr24: 'DISABLED' },
  providerEta: { flightaware: null, fr24: null },
  providerDistancesNm: {
    flightawareToFr24: null,
    flightawareToAdsb: null,
    fr24ToAdsb: null
  },
  fusionDisagreementNm: null,
  filedRouteDeviationNm: 0.010476603989354029,
  displayPathSource: 'direct'
}
[story-request] {"scheduleSource":"saved_resume","fallbackOutcome":"resume_used","cacheStatus":"miss","event":"story_request","requested":"WN1111","fresh":false,"durationMs":168,"outcome":"ok","errorCategory":null}
[schedule-fallback-unavailable] {
  callsign: 'SWA1111',
  reason: 'Current flight route unavailable: schedule provider returned HTTP 402 (unidentified response; host=www.flightaware.com; server=absent; type=absent; bodyChars=0; branding=unidentifi'
}
[story-request] {"scheduleSource":"unavailable","fallbackOutcome":"flightstats_unavailable","cacheStatus":"miss","event":"story_request","requested":"WN1111","fresh":false,"durationMs":1,"outcome":"error","errorCategory":"source_unavailable"}
[departure-telemetry] {
  callsignRequested: 'WN1111',
  flightInstance: 'leg:v1:SWA1111|2026-09-13|MDW|MSP',
  currentStage: 'origin_gate',
  pushLatched: false,
  taxiOutLatched: false,
  pushTimestamp: null,
  pushTimestampSource: null,
  firstDepartureMovement: false,
  rawTaxiHint: false,
  stageTaxiHint: false,
  taxiThresholdKt: 6,
  parkedObservedSec: 0,
  stationaryAtStand: true,
  awayFromPassengerGateArea: false,
  providerGateOut: { scheduled: 1789318261, estimated: null, actual: null },
  providerGateOutPublic: { scheduled: 1789318261, estimated: null, actual: null },
  groundspeedKt: 0,
  onGround: true,
  distanceFromParkedNm: 0,
  positionAgeSec: 1,
  positionSource: 'adsb'
}
[push-evidence] {"callsignRequested":"WN1111","flightInstance":"leg:v1:SWA1111|2026-09-13|MDW|MSP","flightaware":{"flightId":null,"publicGateOut":{"scheduled":1789318261,"estimated":null,"actual":null},"aeroApiOut":null,"firstTrackMovement":null},"fr24":{"flightId":null,"status":"DISABLED","firstTrackMovement":null,"summaryOut":null},"adsb":{"firstTrackMovement":null,"positionAgeSec":1,"groundspeedKt":0,"distanceFromParkedNm":0},"inbound":{"parkedPosition":{"lat":41.787,"lon":-87.752,"at":1789318861000},"selectedPush":null,"pushLatch":null,"taxiOutLatch":null,"finalPushUnix":null,"finalPushSource":null,"phaseStatePersistenceOnLoad":"ok"}}
[flight-telemetry] {
  callsignRequested: 'WN1111',
  callsign: 'SWA1111',
  registration: 'N12345',
  hex: 'a12345',
  destination: { iata: 'MSP', icao: 'KMSP', lat: 44.8848, lon: -93.2223 },
  livePosition: { lat: 41.787, lon: -87.752 },
  altitudeFt: 0,
  groundspeedKt: 0,
  onGround: true,
  track: 310,
  verticalRateFpm: null,
  phase: 'parked',
  headingToDestinationDelta: null,
  isFinalApproach: false,
  routeRemainingNm: 302.638444110557,
  directToDestNm: null,
  remainingNm: 302.638444110557,
  etaMin: 60,
  currentStage: 'origin_gate',
  arrivalStatus: 'airborne',
  ourLanded: false,
  positionProvider: 'adsb',
  positionSeenAt: 1789318860,
  positionAgeSec: 1,
  flightawarePosition: null,
  fr24Position: null,
  adsbPosition: {
    provider: 'adsb',
    flightId: null,
    callsign: 'SWA1111',
    lat: 41.787,
    lon: -87.752,
    altFt: 0,
    vertFpm: null,
    gsKt: 0,
    track: 310,
    onGround: true,
    seenAt: 1789318860,
    registration: 'N12345',
    type: 'B738',
    hex: 'a12345',
    confidence: 'high'
  },
  providerStatus: { flightaware: 'DISABLED', fr24: 'DISABLED' },
  providerEta: { flightaware: null, fr24: null },
  providerDistancesNm: {
    flightawareToFr24: null,
    flightawareToAdsb: null,
    fr24ToAdsb: null
  },
  fusionDisagreementNm: null,
  filedRouteDeviationNm: 0.010476603989354029,
  displayPathSource: 'direct'
}
[story-request] {"scheduleSource":"flightaware_public","fallbackOutcome":"not_needed","cacheStatus":"miss","event":"story_request","requested":"WN1111","fresh":true,"durationMs":84,"outcome":"ok","errorCategory":null}
[schedule-fallback-unavailable] {
  callsign: 'SWA1111',
  reason: 'Current flight route unavailable: schedule provider returned HTTP 402 (unidentified response; host=www.flightaware.com; server=absent; type=absent; bodyChars=0; branding=unidentifi'
}
[departure-telemetry] {
  callsignRequested: 'WN1111',
  flightInstance: 'resume:8bca2e042f40ea199b0cb9fd6917f6caac112c46af82eb018983bfda53ce452d:leg:v1:SWA1111|2026-09-13|MDW|MSP',
  currentStage: 'origin_gate',
  pushLatched: false,
  taxiOutLatched: false,
  pushTimestamp: null,
  pushTimestampSource: null,
  firstDepartureMovement: false,
  rawTaxiHint: false,
  stageTaxiHint: false,
  taxiThresholdKt: 6,
  parkedObservedSec: 0,
  stationaryAtStand: true,
  awayFromPassengerGateArea: false,
  providerGateOut: { scheduled: 1789318261, estimated: null, actual: null },
  providerGateOutPublic: { scheduled: 1789318261, estimated: null, actual: null },
  groundspeedKt: 0,
  onGround: true,
  distanceFromParkedNm: 0,
  positionAgeSec: 1,
  positionSource: 'adsb'
}
[push-evidence] {"callsignRequested":"WN1111","flightInstance":"resume:8bca2e042f40ea199b0cb9fd6917f6caac112c46af82eb018983bfda53ce452d:leg:v1:SWA1111|2026-09-13|MDW|MSP","flightaware":{"flightId":null,"publicGateOut":{"scheduled":1789318261,"estimated":null,"actual":null},"aeroApiOut":null,"firstTrackMovement":null},"fr24":{"flightId":null,"status":"DISABLED","firstTrackMovement":null,"summaryOut":null},"adsb":{"firstTrackMovement":null,"positionAgeSec":1,"groundspeedKt":0,"distanceFromParkedNm":0},"inbound":{"parkedPosition":{"lat":41.787,"lon":-87.752,"at":1789318871000},"selectedPush":null,"pushLatch":null,"taxiOutLatch":null,"finalPushUnix":null,"finalPushSource":null,"phaseStatePersistenceOnLoad":"ok"}}
[flight-telemetry] {
  callsignRequested: 'WN1111',
  callsign: 'SWA1111',
  registration: 'N12345',
  hex: 'a12345',
  destination: { iata: 'MSP', icao: 'KMSP', lat: 44.8848, lon: -93.2223 },
  livePosition: { lat: 41.787, lon: -87.752 },
  altitudeFt: 0,
  groundspeedKt: 0,
  onGround: true,
  track: 310,
  verticalRateFpm: null,
  phase: 'parked',
  headingToDestinationDelta: null,
  isFinalApproach: false,
  routeRemainingNm: 302.638444110557,
  directToDestNm: null,
  remainingNm: 302.638444110557,
  etaMin: 59.833333333333336,
  currentStage: 'origin_gate',
  arrivalStatus: 'airborne',
  ourLanded: false,
  positionProvider: 'adsb',
  positionSeenAt: 1789318870,
  positionAgeSec: 1,
  flightawarePosition: null,
  fr24Position: null,
  adsbPosition: {
    provider: 'adsb',
    flightId: null,
    callsign: 'SWA1111',
    lat: 41.787,
    lon: -87.752,
    altFt: 0,
    vertFpm: null,
    gsKt: 0,
    track: 310,
    onGround: true,
    seenAt: 1789318870,
    registration: 'N12345',
    type: 'B738',
    hex: 'a12345',
    confidence: 'high'
  },
  providerStatus: { flightaware: 'DISABLED', fr24: 'DISABLED' },
  providerEta: { flightaware: null, fr24: null },
  providerDistancesNm: {
    flightawareToFr24: null,
    flightawareToAdsb: null,
    fr24ToAdsb: null
  },
  fusionDisagreementNm: null,
  filedRouteDeviationNm: 0.010476603989354029,
  displayPathSource: 'direct'
}
[story-request] {"scheduleSource":"saved_resume","fallbackOutcome":"resume_used","cacheStatus":"miss","event":"story_request","requested":"WN1111","fresh":true,"durationMs":31,"outcome":"ok","errorCategory":null}
[aeroapi] key unavailable; using public feed
[schedule-fallback-unavailable] {
  callsign: 'SWA1111',
  reason: 'Current flight route unavailable: schedule provider returned HTTP 402 (unidentified response; host=www.flightaware.com; server=absent; type=absent; bodyChars=0; branding=unidentifi'
}
[departure-telemetry] {
  callsignRequested: 'WN1111',
  flightInstance: 'resume:2a424f50fad660b543b70d0f337977ea7663b622f2feb64372fcfa140b93ab3f:leg:v1:SWA1111|2026-09-13|MDW|MSP',
  currentStage: 'origin_gate',
  pushLatched: false,
  taxiOutLatched: false,
  pushTimestamp: null,
  pushTimestampSource: null,
  firstDepartureMovement: false,
  rawTaxiHint: false,
  stageTaxiHint: false,
  taxiThresholdKt: 6,
  parkedObservedSec: 0,
  stationaryAtStand: true,
  awayFromPassengerGateArea: false,
  providerGateOut: { scheduled: 1789318200, estimated: null, actual: null },
  providerGateOutPublic: { scheduled: 1789318200, estimated: null, actual: null },
  groundspeedKt: 0,
  onGround: true,
  distanceFromParkedNm: 0,
  positionAgeSec: 1,
  positionSource: 'adsb'
}
[push-evidence] {"callsignRequested":"WN1111","flightInstance":"resume:2a424f50fad660b543b70d0f337977ea7663b622f2feb64372fcfa140b93ab3f:leg:v1:SWA1111|2026-09-13|MDW|MSP","flightaware":{"flightId":null,"publicGateOut":{"scheduled":1789318200,"estimated":null,"actual":null},"aeroApiOut":null,"firstTrackMovement":null},"fr24":{"flightId":null,"status":"DISABLED","firstTrackMovement":null,"summaryOut":null},"adsb":{"firstTrackMovement":null,"positionAgeSec":1,"groundspeedKt":0,"distanceFromParkedNm":0},"inbound":{"parkedPosition":{"lat":41.787,"lon":-87.752,"at":1789318800000},"selectedPush":null,"pushLatch":null,"taxiOutLatch":null,"finalPushUnix":null,"finalPushSource":null,"phaseStatePersistenceOnLoad":"ok"}}
[flight-telemetry] {
  callsignRequested: 'WN1111',
  callsign: 'SWA1111',
  registration: 'N12345',
  hex: 'a12345',
  destination: { iata: 'MSP', icao: 'KMSP', lat: 44.8848, lon: -93.2223 },
  livePosition: { lat: 41.787, lon: -87.752 },
  altitudeFt: 0,
  groundspeedKt: 0,
  onGround: true,
  track: 310,
  verticalRateFpm: null,
  phase: 'parked',
  headingToDestinationDelta: null,
  isFinalApproach: false,
  routeRemainingNm: 302.638444110557,
  directToDestNm: null,
  remainingNm: 302.638444110557,
  etaMin: 60,
  currentStage: 'origin_gate',
  arrivalStatus: 'airborne',
  ourLanded: false,
  positionProvider: 'adsb',
  positionSeenAt: 1789318799,
  positionAgeSec: 1,
  flightawarePosition: null,
  fr24Position: null,
  adsbPosition: {
    provider: 'adsb',
    flightId: null,
    callsign: 'SWA1111',
    lat: 41.787,
    lon: -87.752,
    altFt: 0,
    vertFpm: null,
    gsKt: 0,
    track: 310,
    onGround: true,
    seenAt: 1789318799,
    registration: 'N12345',
    type: 'B738',
    hex: 'a12345',
    confidence: 'high'
  },
  providerStatus: { flightaware: 'DISABLED', fr24: 'DISABLED' },
  providerEta: { flightaware: null, fr24: null },
  providerDistancesNm: {
    flightawareToFr24: null,
    flightawareToAdsb: null,
    fr24ToAdsb: null
  },
  fusionDisagreementNm: null,
  filedRouteDeviationNm: 0.010476603989354029,
  displayPathSource: 'direct'
}
[story-request] {"scheduleSource":"saved_resume","fallbackOutcome":"resume_used","cacheStatus":"miss","event":"story_request","requested":"WN1111","fresh":false,"durationMs":116,"outcome":"ok","errorCategory":null}
[schedule-fallback-unavailable] {
  callsign: 'SWA1111',
  reason: 'Current flight route unavailable: schedule provider returned HTTP 402 (unidentified response; host=www.flightaware.com; server=absent; type=absent; bodyChars=0; branding=unidentifi'
}
[departure-telemetry] {
  callsignRequested: 'WN1111',
  flightInstance: 'resume:983eb5e38a88536df6d2f908c61041908eafedbfd285105c0a9475692e5a2512:leg:v1:SWA1111|2026-09-13|MDW|DEN',
  currentStage: 'origin_gate',
  pushLatched: false,
  taxiOutLatched: false,
  pushTimestamp: null,
  pushTimestampSource: null,
  firstDepartureMovement: false,
  rawTaxiHint: false,
  stageTaxiHint: false,
  taxiThresholdKt: 6,
  parkedObservedSec: 0,
  stationaryAtStand: true,
  awayFromPassengerGateArea: false,
  providerGateOut: { scheduled: 1789318200, estimated: null, actual: null },
  providerGateOutPublic: { scheduled: 1789318200, estimated: null, actual: null },
  groundspeedKt: 0,
  onGround: true,
  distanceFromParkedNm: 0,
  positionAgeSec: 1,
  positionSource: 'adsb'
}
[push-evidence] {"callsignRequested":"WN1111","flightInstance":"resume:983eb5e38a88536df6d2f908c61041908eafedbfd285105c0a9475692e5a2512:leg:v1:SWA1111|2026-09-13|MDW|DEN","flightaware":{"flightId":null,"publicGateOut":{"scheduled":1789318200,"estimated":null,"actual":null},"aeroApiOut":null,"firstTrackMovement":null},"fr24":{"flightId":null,"status":"DISABLED","firstTrackMovement":null,"summaryOut":null},"adsb":{"firstTrackMovement":null,"positionAgeSec":1,"groundspeedKt":0,"distanceFromParkedNm":0},"inbound":{"parkedPosition":{"lat":41.787,"lon":-87.752,"at":1789318800000},"selectedPush":null,"pushLatch":null,"taxiOutLatch":null,"finalPushUnix":null,"finalPushSource":null,"phaseStatePersistenceOnLoad":"ok"}}
[flight-telemetry] {
  callsignRequested: 'WN1111',
  callsign: 'SWA1111',
  registration: 'N12345',
  hex: 'a12345',
  destination: { iata: 'DEN', icao: 'KDEN', lat: 39.8561, lon: -104.6737 },
  livePosition: { lat: 41.787, lon: -87.752 },
  altitudeFt: 0,
  groundspeedKt: 0,
  onGround: true,
  track: 310,
  verticalRateFpm: null,
  phase: 'parked',
  headingToDestinationDelta: null,
  isFinalApproach: false,
  routeRemainingNm: 776.2261821886912,
  directToDestNm: null,
  remainingNm: 776.2261821886912,
  etaMin: 60,
  currentStage: 'origin_gate',
  arrivalStatus: 'airborne',
  ourLanded: false,
  positionProvider: 'adsb',
  positionSeenAt: 1789318799,
  positionAgeSec: 1,
  flightawarePosition: null,
  fr24Position: null,
  adsbPosition: {
    provider: 'adsb',
    flightId: null,
    callsign: 'SWA1111',
    lat: 41.787,
    lon: -87.752,
    altFt: 0,
    vertFpm: null,
    gsKt: 0,
    track: 310,
    onGround: true,
    seenAt: 1789318799,
    registration: 'N12345',
    type: 'B738',
    hex: 'a12345',
    confidence: 'high'
  },
  providerStatus: { flightaware: 'DISABLED', fr24: 'DISABLED' },
  providerEta: { flightaware: null, fr24: null },
  providerDistancesNm: {
    flightawareToFr24: null,
    flightawareToAdsb: null,
    fr24ToAdsb: null
  },
  fusionDisagreementNm: null,
  filedRouteDeviationNm: 0.012660791569472116,
  displayPathSource: 'direct'
}
[story-request] {"scheduleSource":"saved_resume","fallbackOutcome":"resume_used","cacheStatus":"miss","event":"story_request","requested":"WN1111","fresh":false,"durationMs":14,"outcome":"ok","errorCategory":null}
[aeroapi] key unavailable; using public feed
[schedule-fallback-unavailable] {
  callsign: 'SWA1111',
  reason: 'Current flight route unavailable: schedule provider returned HTTP 402 (unidentified response; host=www.flightaware.com; server=absent; type=absent; bodyChars=0; branding=unidentifi'
}
[departure-telemetry] {
  callsignRequested: 'WN1111',
  flightInstance: 'resume:2a424f50fad660b543b70d0f337977ea7663b622f2feb64372fcfa140b93ab3f:leg:v1:SWA1111|2026-09-13|MDW|MSP',
  currentStage: 'origin_gate',
  pushLatched: false,
  taxiOutLatched: false,
  pushTimestamp: null,
  pushTimestampSource: null,
  firstDepartureMovement: false,
  rawTaxiHint: false,
  stageTaxiHint: false,
  taxiThresholdKt: 6,
  parkedObservedSec: 0,
  stationaryAtStand: true,
  awayFromPassengerGateArea: false,
  providerGateOut: { scheduled: 1789318200, estimated: null, actual: null },
  providerGateOutPublic: { scheduled: 1789318200, estimated: null, actual: null },
  groundspeedKt: 0,
  onGround: true,
  distanceFromParkedNm: 0,
  positionAgeSec: 1,
  positionSource: 'adsb'
}
[push-evidence] {"callsignRequested":"WN1111","flightInstance":"resume:2a424f50fad660b543b70d0f337977ea7663b622f2feb64372fcfa140b93ab3f:leg:v1:SWA1111|2026-09-13|MDW|MSP","flightaware":{"flightId":null,"publicGateOut":{"scheduled":1789318200,"estimated":null,"actual":null},"aeroApiOut":null,"firstTrackMovement":null},"fr24":{"flightId":null,"status":"DISABLED","firstTrackMovement":null,"summaryOut":null},"adsb":{"firstTrackMovement":null,"positionAgeSec":1,"groundspeedKt":0,"distanceFromParkedNm":0},"inbound":{"parkedPosition":{"lat":41.787,"lon":-87.752,"at":1789318800000},"selectedPush":null,"pushLatch":null,"taxiOutLatch":null,"finalPushUnix":null,"finalPushSource":null,"phaseStatePersistenceOnLoad":"ok"}}
[flight-telemetry] {
  callsignRequested: 'WN1111',
  callsign: 'SWA1111',
  registration: 'N12345',
  hex: 'a12345',
  destination: { iata: 'MSP', icao: 'KMSP', lat: 44.8848, lon: -93.2223 },
  livePosition: { lat: 41.787, lon: -87.752 },
  altitudeFt: 0,
  groundspeedKt: 0,
  onGround: true,
  track: 310,
  verticalRateFpm: null,
  phase: 'parked',
  headingToDestinationDelta: null,
  isFinalApproach: false,
  routeRemainingNm: 302.638444110557,
  directToDestNm: null,
  remainingNm: 302.638444110557,
  etaMin: 60,
  currentStage: 'origin_gate',
  arrivalStatus: 'airborne',
  ourLanded: false,
  positionProvider: 'adsb',
  positionSeenAt: 1789318799,
  positionAgeSec: 1,
  flightawarePosition: null,
  fr24Position: null,
  adsbPosition: {
    provider: 'adsb',
    flightId: null,
    callsign: 'SWA1111',
    lat: 41.787,
    lon: -87.752,
    altFt: 0,
    vertFpm: null,
    gsKt: 0,
    track: 310,
    onGround: true,
    seenAt: 1789318799,
    registration: 'N12345',
    type: 'B738',
    hex: 'a12345',
    confidence: 'high'
  },
  providerStatus: { flightaware: 'DISABLED', fr24: 'DISABLED' },
  providerEta: { flightaware: null, fr24: null },
  providerDistancesNm: {
    flightawareToFr24: null,
    flightawareToAdsb: null,
    fr24ToAdsb: null
  },
  fusionDisagreementNm: null,
  filedRouteDeviationNm: 0.010476603989354029,
  displayPathSource: 'direct'
}
[story-request] {"scheduleSource":"saved_resume","fallbackOutcome":"resume_used","cacheStatus":"miss","event":"story_request","requested":"WN1111","fresh":false,"durationMs":51,"outcome":"ok","errorCategory":null}
[schedule-fallback-unavailable] {
  callsign: 'SWA1111',
  reason: 'Current flight route unavailable: schedule provider returned HTTP 402 (unidentified response; host=www.flightaware.com; server=absent; type=absent; bodyChars=0; branding=unidentifi'
}
[departure-telemetry] {
  callsignRequested: 'WN1111',
  flightInstance: 'resume:1bd10b93d2024925cd5e606e83ff29dc99899e58a2568d1d2d6d6f5c998a1afe:leg:v1:SWA1111|2026-09-13|MDW|MSP',
  currentStage: 'origin_gate',
  pushLatched: false,
  taxiOutLatched: false,
  pushTimestamp: null,
  pushTimestampSource: null,
  firstDepartureMovement: false,
  rawTaxiHint: false,
  stageTaxiHint: false,
  taxiThresholdKt: 6,
  parkedObservedSec: 0,
  stationaryAtStand: true,
  awayFromPassengerGateArea: false,
  providerGateOut: { scheduled: 1789318200, estimated: null, actual: null },
  providerGateOutPublic: { scheduled: 1789318200, estimated: null, actual: null },
  groundspeedKt: 0,
  onGround: true,
  distanceFromParkedNm: 0,
  positionAgeSec: 1,
  positionSource: 'adsb'
}
[push-evidence] {"callsignRequested":"WN1111","flightInstance":"resume:1bd10b93d2024925cd5e606e83ff29dc99899e58a2568d1d2d6d6f5c998a1afe:leg:v1:SWA1111|2026-09-13|MDW|MSP","flightaware":{"flightId":null,"publicGateOut":{"scheduled":1789318200,"estimated":null,"actual":null},"aeroApiOut":null,"firstTrackMovement":null},"fr24":{"flightId":null,"status":"DISABLED","firstTrackMovement":null,"summaryOut":null},"adsb":{"firstTrackMovement":null,"positionAgeSec":1,"groundspeedKt":0,"distanceFromParkedNm":0},"inbound":{"parkedPosition":{"lat":41.787,"lon":-87.752,"at":1789322400000},"selectedPush":null,"pushLatch":null,"taxiOutLatch":null,"finalPushUnix":null,"finalPushSource":null,"phaseStatePersistenceOnLoad":"ok"}}
[flight-telemetry] {
  callsignRequested: 'WN1111',
  callsign: 'SWA1111',
  registration: 'N12345',
  hex: 'a12345',
  destination: { iata: 'MSP', icao: 'KMSP', lat: 44.8848, lon: -93.2223 },
  livePosition: { lat: 41.787, lon: -87.752 },
  altitudeFt: 0,
  groundspeedKt: 0,
  onGround: true,
  track: 310,
  verticalRateFpm: null,
  phase: 'parked',
  headingToDestinationDelta: null,
  isFinalApproach: false,
  routeRemainingNm: 302.638444110557,
  directToDestNm: null,
  remainingNm: 302.638444110557,
  etaMin: 43.23406344436528,
  currentStage: 'origin_gate',
  arrivalStatus: 'airborne',
  ourLanded: false,
  positionProvider: 'adsb',
  positionSeenAt: 1789322399,
  positionAgeSec: 1,
  flightawarePosition: null,
  fr24Position: null,
  adsbPosition: {
    provider: 'adsb',
    flightId: null,
    callsign: 'SWA1111',
    lat: 41.787,
    lon: -87.752,
    altFt: 0,
    vertFpm: null,
    gsKt: 0,
    track: 310,
    onGround: true,
    seenAt: 1789322399,
    registration: 'N12345',
    type: 'B738',
    hex: 'a12345',
    confidence: 'high'
  },
  providerStatus: { flightaware: 'DISABLED', fr24: 'DISABLED' },
  providerEta: { flightaware: null, fr24: null },
  providerDistancesNm: {
    flightawareToFr24: null,
    flightawareToAdsb: null,
    fr24ToAdsb: null
  },
  fusionDisagreementNm: null,
  filedRouteDeviationNm: 0.010476603989354029,
  displayPathSource: 'direct'
}
[story-request] {"scheduleSource":"saved_resume","fallbackOutcome":"resume_used","cacheStatus":"miss","event":"story_request","requested":"WN1111","fresh":true,"durationMs":36,"outcome":"ok","errorCategory":null}
[schedule-fallback-unavailable] {
  callsign: 'SWA1111',
  reason: 'Current flight route unavailable: schedule provider returned HTTP 402 (unidentified response; host=www.flightaware.com; server=absent; type=absent; bodyChars=0; branding=unidentifi'
}
[story-request] {"scheduleSource":"unavailable","fallbackOutcome":"flightstats_unavailable","cacheStatus":"miss","event":"story_request","requested":"WN1111","fresh":true,"durationMs":2,"outcome":"error","errorCategory":"source_unavailable"}
[aeroapi] key unavailable; using public feed
[departure-telemetry] {
  callsignRequested: 'WN1111',
  flightInstance: 'leg:v1:SWA1111|2026-09-13|MDW|MSP',
  currentStage: 'origin_gate',
  pushLatched: false,
  taxiOutLatched: false,
  pushTimestamp: null,
  pushTimestampSource: null,
  firstDepartureMovement: false,
  rawTaxiHint: false,
  stageTaxiHint: false,
  taxiThresholdKt: 6,
  parkedObservedSec: 0,
  stationaryAtStand: true,
  awayFromPassengerGateArea: false,
  providerGateOut: { scheduled: 1789318200, estimated: null, actual: null },
  providerGateOutPublic: { scheduled: 1789318200, estimated: null, actual: null },
  groundspeedKt: 0,
  onGround: true,
  distanceFromParkedNm: 0,
  positionAgeSec: 1,
  positionSource: 'adsb'
}
[push-evidence] {"callsignRequested":"WN1111","flightInstance":"leg:v1:SWA1111|2026-09-13|MDW|MSP","flightaware":{"flightId":null,"publicGateOut":{"scheduled":1789318200,"estimated":null,"actual":null},"aeroApiOut":null,"firstTrackMovement":null},"fr24":{"flightId":null,"status":"DISABLED","firstTrackMovement":null,"summaryOut":null},"adsb":{"firstTrackMovement":null,"positionAgeSec":1,"groundspeedKt":0,"distanceFromParkedNm":0},"inbound":{"parkedPosition":{"lat":41.787,"lon":-87.752,"at":1789318800000},"selectedPush":null,"pushLatch":null,"taxiOutLatch":null,"finalPushUnix":null,"finalPushSource":null,"phaseStatePersistenceOnLoad":"ok"}}
[flight-telemetry] {
  callsignRequested: 'WN1111',
  callsign: 'SWA1111',
  registration: 'N12345',
  hex: 'a12345',
  destination: { iata: 'MSP', icao: 'KMSP', lat: 44.8848, lon: -93.2223 },
  livePosition: { lat: 41.787, lon: -87.752 },
  altitudeFt: 0,
  groundspeedKt: 0,
  onGround: true,
  track: 310,
  verticalRateFpm: null,
  phase: 'parked',
  headingToDestinationDelta: null,
  isFinalApproach: false,
  routeRemainingNm: 302.638444110557,
  directToDestNm: null,
  remainingNm: 302.638444110557,
  etaMin: 60,
  currentStage: 'origin_gate',
  arrivalStatus: 'airborne',
  ourLanded: false,
  positionProvider: 'adsb',
  positionSeenAt: 1789318799,
  positionAgeSec: 1,
  flightawarePosition: null,
  fr24Position: null,
  adsbPosition: {
    provider: 'adsb',
    flightId: null,
    callsign: 'SWA1111',
    lat: 41.787,
    lon: -87.752,
    altFt: 0,
    vertFpm: null,
    gsKt: 0,
    track: 310,
    onGround: true,
    seenAt: 1789318799,
    registration: 'N12345',
    type: 'B738',
    hex: 'a12345',
    confidence: 'high'
  },
  providerStatus: { flightaware: 'DISABLED', fr24: 'DISABLED' },
  providerEta: { flightaware: null, fr24: null },
  providerDistancesNm: {
    flightawareToFr24: null,
    flightawareToAdsb: null,
    fr24ToAdsb: null
  },
  fusionDisagreementNm: null,
  filedRouteDeviationNm: 0.010476603989354029,
  displayPathSource: 'direct'
}
[story-request] {"scheduleSource":"flightaware_public","fallbackOutcome":"not_needed","cacheStatus":"miss","event":"story_request","requested":"WN1111","fresh":false,"durationMs":129,"outcome":"ok","errorCategory":null}
▶ schedule outage resilience
  ✔ keeps an overdue departure at the gate until fresh movement, then detects takeoff (7890.126323ms)
  ✔ does not invent a new flight's route from the ADS-B route database (83.749627ms)
  ✔ rejects another flight, expired context, and future actual events (97.917308ms)
{"event":"canonical_leg_key_unavailable","reason":"missing_scheduled","requested":"SWA1111","ident":"SWA1111","origin":"MDW","destination":"MSP","scheduledDeparture":null,"serviceDate":null}
  ✔ does not present a fresh flight stage when both schedule and position are unavailable (126.613906ms)
  ✔ never shares device context through the normal story cache and resumes the provider when it recovers (324.08248ms)
  ✔ isolates different saved legs even with the same flight number (170.553766ms)
  ✔ expires the original schedule even while partial refreshes keep succeeding (122.492121ms)
  ✔ migrates legacy saved data without upgrading inferred event times to reported actuals (181.925128ms)
✔ schedule outage resilience (9432.600039ms)
✔ tracked-flight shell identifies the flight with appearance controls and uses Home navigation (8.44679ms)
✔ tracked-flight search and recent chips remain off the flight shell (0.320911ms)
✔ fixed shell navigation follows content with Home first and five compact destinations (1.185467ms)
✔ briefing uses the page scroller and the welcome dialog keeps symmetric safe margins (0.644856ms)
✔ tracked-flight polling pauses while hidden and refreshes stale state on return (0.186122ms)
✔ fresh airborne fusion stays airborne through departure wrappers without provider calls (686.655335ms)
✔ ground observer makes no hidden/background requests and refreshes immediately on return (118.857506ms)
✔ only completed/actual old arrivals slow down, never scheduled arrival or departure gate (0.713168ms)
✔ visibility and Map selection are wired through to the ground observer (33.577229ms)
{"event":"fr24_upstream_request","timestamp":"2026-10-04T02:43:01.924Z","callsign":null,"registration":null,"endpoint":"/live/flight-positions/full","cache":"miss"}
{"event":"fr24_upstream_request","timestamp":"2026-10-04T02:43:01.924Z","callsign":null,"registration":"NTEST","endpoint":"/live/flight-positions/full","cache":"miss"}
{"event":"fr24_public_registration_fresher","requested":"AAL1","registration":"NTEST","routeOrigin":"ORD","routeDestination":"SEA","previousAgeSec":null,"candidateAgeSec":1}
{"event":"fr24_upstream_request","timestamp":"2026-10-04T02:43:07.924Z","callsign":null,"registration":"NTEST","endpoint":"/live/flight-positions/full","cache":"miss"}
{"event":"fr24_upstream_request","timestamp":"2026-10-04T02:43:37.924Z","callsign":null,"registration":"NTEST","endpoint":"/live/flight-positions/full","cache":"miss"}
{"event":"fr24_upstream_request","timestamp":"2026-10-04T02:43:37.924Z","callsign":null,"registration":null,"endpoint":"/live/flight-positions/full","cache":"miss"}
{"event":"fr24_upstream_request","timestamp":"2026-10-04T02:44:07.924Z","callsign":null,"registration":null,"endpoint":"/live/flight-positions/full","cache":"miss"}
{"event":"fr24_upstream_request","timestamp":"2026-10-04T02:44:07.924Z","callsign":null,"registration":"NTEST","endpoint":"/live/flight-positions/full","cache":"miss"}
{"event":"fr24_public_registration_fresher","requested":"AAL1","registration":"NTEST","routeOrigin":"ORD","routeDestination":"SEA","previousAgeSec":null,"candidateAgeSec":1}
{"event":"fr24_upstream_request","timestamp":"2026-10-04T02:44:37.924Z","callsign":null,"registration":"NTEST","endpoint":"/live/flight-positions/full","cache":"miss"}
{"event":"fr24_public_registration_wrong_leg_rejected","requested":"AAL1","registration":"NTEST","routeOrigin":"ORD","routeDestination":"SEA","candidateOrigin":"LAX","candidateDestination":"SEA"}
{"event":"fr24_upstream_request","timestamp":"2026-10-04T02:44:37.924Z","callsign":null,"registration":null,"endpoint":"/live/flight-positions/full","cache":"miss"}
{"event":"fr24_upstream_request","timestamp":"2026-10-04T02:45:07.924Z","callsign":null,"registration":null,"endpoint":"/live/flight-positions/full","cache":"miss"}
{"event":"fr24_upstream_request","timestamp":"2026-10-04T02:45:07.924Z","callsign":null,"registration":"NTEST","endpoint":"/live/flight-positions/full","cache":"miss"}
{"event":"fr24_public_registration_fresher","requested":"AAL1","registration":"NTEST","routeOrigin":"ORD","routeDestination":"SEA","previousAgeSec":null,"candidateAgeSec":1}
{"event":"fr24_upstream_request","timestamp":"2026-10-04T02:45:37.924Z","callsign":null,"registration":"NTEST","endpoint":"/live/flight-positions/full","cache":"miss"}
{"event":"fr24_upstream_request","timestamp":"2026-10-04T02:45:37.924Z","callsign":null,"registration":null,"endpoint":"/live/flight-positions/full","cache":"miss"}
{"event":"fr24_public_registration_fresher","requested":"AAL1","registration":"NTEST","routeOrigin":"ORD","routeDestination":"SEA","previousAgeSec":null,"candidateAgeSec":60}
{"event":"fr24_upstream_request","timestamp":"2026-10-04T02:46:07.924Z","callsign":null,"registration":"NTEST","endpoint":"/live/flight-positions/full","cache":"miss"}
{"event":"fr24_upstream_request","timestamp":"2026-10-04T02:46:37.924Z","callsign":null,"registration":null,"endpoint":"/live/flight-positions/full","cache":"miss"}
{"event":"fr24_upstream_request","timestamp":"2026-10-04T02:46:37.924Z","callsign":"AAL1","registration":null,"endpoint":"/live/flight-positions/full","cache":"miss"}
{"event":"fr24_public_operating_callsign_match","requested":"AAL2","operating":"AAL1"}
{"event":"fr24_upstream_request","timestamp":"2026-10-04T02:46:43.924Z","callsign":"AAL1","registration":null,"endpoint":"/live/flight-positions/full","cache":"miss"}
{"event":"fr24_upstream_request","timestamp":"2026-10-04T03:02:43.924Z","callsign":null,"registration":null,"endpoint":"/live/flight-positions/full","cache":"miss"}
{"event":"fr24_upstream_request","timestamp":"2026-10-04T03:02:43.924Z","callsign":null,"registration":"NTEST","endpoint":"/live/flight-positions/full","cache":"miss"}
{"event":"fr24_public_registration_fresher","requested":"AAL1","registration":"NTEST","routeOrigin":"ORD","routeDestination":"SEA","previousAgeSec":null,"candidateAgeSec":1}
{"event":"fr24_upstream_request","timestamp":"2026-10-04T03:02:49.924Z","callsign":null,"registration":null,"endpoint":"/live/flight-positions/full","cache":"miss"}
{"event":"fr24_upstream_request","timestamp":"2026-10-04T03:02:49.924Z","callsign":null,"registration":"NTEST","endpoint":"/live/flight-positions/full","cache":"miss"}
{"event":"fr24_public_registration_wrong_leg_rejected","requested":"AAL1","registration":"NTEST","routeOrigin":"ORD","routeDestination":"DEN","candidateOrigin":"ORD","candidateDestination":"SEA"}
✔ matched FR24 registration skips failed route lookup, but wrong leg/missing/stale/expired matches fall back (278.378947ms)
✔ injects before </head> (16.996484ms)
✔ injects the extensions script without a project id (0.956947ms)
✔ injects project id on the script and meta when provided (0.82506ms)
✔ does not duplicate grok:app_id (1.124577ms)
✔ omits x:creator tags without both creator values (5.753101ms)
✔ injects x:creator tags when both creator values are set (0.622187ms)
✔ escapes x:creator values (0.258505ms)
✔ does not duplicate x:creator tags (0.546057ms)
✔ platform chrome overwrites share-card metas and always sets og:title (10.679954ms)
✔ does not duplicate twitter:card or og:title (11.412592ms)
✔ a baked site.image is treated as a custom card (1.131981ms)
✔ baked identity does not need a workspace filesystem (1.700266ms)
✔ a public card file wins over a baked site without card=custom (3.677631ms)
✔ public/og.png wins when jpg is absent (1.991629ms)
✔ resolveOgCardAsset: disk file, then bake, then empty (placeholder) (1.938901ms)
✔ snapshotOgIdentity stamps card=custom from a public card file (3.191754ms)
✔ snapshotOgIdentity stamps banner from public/x-banner.jpg (2.263676ms)
✔ emits x:game:image for a public host when site.banner is set (0.784119ms)
✔ does not emit x:game:image without a public host or banner (0.921994ms)
✔ site title Grok App is a real name, not a sentinel (1.847332ms)
✔ published grok.me slug is still a title fallback (1.483925ms)
✔ rejects Vercel system hosts as og:image origins (0.25307ms)
✔ published VITE_PUBLIC_HOSTNAME wins over request Host for og:image (2.836064ms)
✔ vercel Host without a public hostname emits no og:image (0.407265ms)
✔ emits og:image for a public host and prefers a custom card (0.426174ms)
✔ placeholder og:image appends site.color when it is 6-digit hex (0.722933ms)
✔ document title entities are not double-escaped on og:title (0.343669ms)
✔ site.json title wins over the host slug (0.244104ms)
✔ injects into documents with no head element (1.917615ms)
✔ streaming injector matches </HEAD> case-insensitively (10.033156ms)
✔ does not duplicate the extensions script (0.618393ms)
✔ is idempotent (0.421164ms)
✔ uses the app name in the injected title tag (0.246702ms)
✔ streaming injector handles </head> split across chunks (6.864224ms)
✔ streaming injector passes post-head chunks through untouched (0.632941ms)
✔ streaming injector falls back when no </head> is seen (0.289166ms)
✔ detects install query (0.402607ms)
✔ filters non-document paths (0.429116ms)
✔ strips install params from the app link (0.149003ms)
✔ names the install page from host slug (0.070029ms)
✔ rejects hosts that are not plain slugs (0.053123ms)
✔ renders install page markup (0.314913ms)
✔ escapes host-derived values in the install page (0.164187ms)
✔ renders the manifest with the per-app name (0.135118ms)
✔ vite config keeps the nitro serverDir wiring (0.220289ms)
✔ nitro middleware and its bundled assets exist (4.785275ms)
✔ vite plugin bakes og identity as a virtual module (0.174667ms)
[inbound-diversion] history check {
  depth: 0,
  found: true,
  instanceMatches: true,
  aircraftMatches: true,
  diversionReported: false
}
[inbound-diversion] departure order { depth: 0, before: 80000, after: 100000 }
[inbound-diversion] history check {
  depth: 1,
  found: true,
  instanceMatches: true,
  aircraftMatches: true,
  diversionReported: true
}
[inbound-diversion] departure order { depth: 1, before: 60000, after: 80000 }
[inbound-diversion] history check {
  depth: 0,
  found: true,
  instanceMatches: true,
  aircraftMatches: true,
  diversionReported: true
}
[inbound-diversion] departure order { depth: 0, before: 60000, after: 80000 }
[inbound-diversion] history check {
  depth: 0,
  found: true,
  instanceMatches: true,
  aircraftMatches: false,
  diversionReported: false
}
[inbound-diversion] history check {
  depth: 0,
  found: true,
  instanceMatches: true,
  aircraftMatches: false,
  diversionReported: false
}
[inbound-diversion] history check {
  depth: 0,
  found: true,
  instanceMatches: false,
  aircraftMatches: true,
  diversionReported: false
}
[inbound-diversion] history check {
  depth: 0,
  found: true,
  instanceMatches: true,
  aircraftMatches: true,
  diversionReported: false
}
[inbound-diversion] departure order { depth: 0, before: 110000, after: 100000 }
[inbound-diversion] history check {
  depth: 0,
  found: true,
  instanceMatches: true,
  aircraftMatches: true,
  diversionReported: false
}
[inbound-diversion] departure order { depth: 0, before: -100000, after: 100000 }
[inbound-diversion] history check {
  depth: 0,
  found: false,
  instanceMatches: false,
  aircraftMatches: false,
  diversionReported: false
}
[inbound-diversion] history check {
  depth: 0,
  found: true,
  instanceMatches: true,
  aircraftMatches: true,
  diversionReported: false
}
[inbound-diversion] departure order { depth: 0, before: 80000, after: 100000 }
[inbound-diversion] history check {
  depth: 1,
  found: true,
  instanceMatches: true,
  aircraftMatches: true,
  diversionReported: false
}
[inbound-diversion] departure order { depth: 1, before: 60000, after: 80000 }
✔ DL650 carries DL773 diversion through DL307 using dated assigned-aircraft links (14.820769ms)
✔ direct inbound diversion also displays (0.519125ms)
✔ aircraft swap clears the warning (0.602233ms)
✔ wrong dated instance and reversed departures cannot establish history (0.841338ms)
✔ provider failure does not fabricate a diversion or fail flight loading (0.608623ms)
✔ lookup is bounded at two prior legs and rejects cycles (6.37494ms)
▶ Inbound iPhone Home Screen app
  ✔ ships a scoped standalone manifest with a light launch background (15.994268ms)
  ✔ declares Apple standalone metadata and edge-to-edge safe-area support (0.952074ms)
  ✔ uses opaque, correctly sized Home Screen icons (1.777482ms)
✔ Inbound iPhone Home Screen app (20.583294ms)
✔ _migrations keys on basename, not path (16.941694ms)
✔ a file already applied from another directory does not re-apply (1.904567ms)
✔ pending migrations are returned in name order (25.464309ms)
✔ non-.sql entries are dropped (readdir also yields the auth/ directory) (0.237022ms)
✔ the auth schema ships outside the globbed directory (0.578736ms)
✔ this workspace's auth schema copy is byte-identical to its source (2.728364ms)
✔ the copy check reads both files and catches an edit (1.569569ms)
✔ live timing is visible before arrival details and outside the disclosure (1.839351ms)
✔ timing uses two unboxed columns and an optional inline live position (0.561168ms)
✔ live flight card uses moderate compact spacing (0.506286ms)
✔ client cache rejects old unscheduled memories, retains takeoff evidence, and remembers schedules without pushback (27.325872ms)
✔ actual-only Flight details hides all Scheduled rows and planned duration, but shows actual landing and gate kind (112.340696ms)
✔ identical arrival clocks retain the same reported kind in header, timing, Flight details, Arrival help, and Briefing (216.726489ms)
✔ actual Overview weather, Weather timeline, and map alerts agree on light at 11 minutes and moderate at 228 (372.835387ms)
✔ parsePreviewArgs accepts the two actions (3.603703ms)
✔ parsePreviewArgs rejects missing, unknown and extra arguments (0.549787ms)
✔ parsePid reads a pidfile and rejects junk (0.431583ms)
✔ parsePgid reads the pgrp field past a comm containing spaces (0.395168ms)
✔ parseListenerInodes picks LISTEN sockets on the wanted port only (0.521753ms)
✔ parseListenerInodes reads the tcp6 dump the same way (0.332679ms)
✔ looksLikePreviewProcess matches the npm wrapper and its vite child (0.568286ms)
✔ looksLikePreviewProcess spares the sibling scripts and re-used pids (0.340304ms)
✔ previewOwners trusts port owners and dedupes the pidfile pid (0.343772ms)
✔ previewOwners adds a pidfile pid whose command line is still the preview (0.711744ms)
✔ previewOwners drops a stale pidfile pid re-used by another process (0.32535ms)
✔ previewOwners drops a pidfile pid that no longer exists (0.240515ms)
✔ previewOwners on a free port with no pidfile signals nothing (0.613021ms)
✔ stopOutcome fails when a pid survives or the port is still held (0.356731ms)
✔ stopOutcome reports a verified free port (0.239943ms)
✔ stopOutcome fails on a listener whose owner cannot be attributed (0.217705ms)
✔ terminatePids SIGTERMs live pids and skips dead ones (1.977247ms)
✔ terminatePids escalates to SIGKILL when SIGTERM is ignored (1.066882ms)
✔ terminatePids reports a pid that survives SIGKILL as stubborn (0.641325ms)
✔ terminatePids on a free port signals nothing (0.189666ms)
✔ validity preserves a UTC window across midnight (2.483198ms)
✔ compact forecast timestamps are displayed without inventing missing times (0.258687ms)
✔ warnings with different validity windows remain separate (0.228739ms)
✔ a storm already passed does not label a smooth remaining route (1.441249ms)
✔ a matching storm ahead survives deduplication of earlier route samples (0.74077ms)
✔ past storms cannot exhaust the six-marker limit (0.308789ms)
[aeroapi] key unavailable; using public feed
[flight-telemetry] {
  callsignRequested: 'UA219',
  callsign: 'UAL219',
  registration: 'N219UA',
  hex: 'a21900',
  destination: { iata: 'HNL', icao: 'PHNL', lat: 21.3187, lon: -157.9225 },
  livePosition: { lat: 24.95, lon: -153.1667 },
  altitudeFt: 36000,
  groundspeedKt: 462,
  onGround: false,
  track: 237,
  verticalRateFpm: null,
  phase: 'cruise',
  headingToDestinationDelta: 5.74751028259675,
  isFinalApproach: false,
  routeRemainingNm: 346.2215211039816,
  directToDestNm: 341.23417427770994,
  remainingNm: 346.2215211039816,
  etaMin: 47.469266664981845,
  currentStage: 'ride',
  arrivalStatus: 'airborne',
  ourLanded: false,
  positionProvider: 'flightaware-public',
  positionSeenAt: 1790983650.844,
  positionAgeSec: 1,
  flightawarePosition: null,
  fr24Position: null,
  adsbPosition: null,
  providerStatus: { flightaware: 'DISABLED', fr24: 'DISABLED' },
  providerEta: { flightaware: null, fr24: null },
  providerDistancesNm: {
    flightawareToFr24: null,
    flightawareToAdsb: null,
    fr24ToAdsb: null
  },
  fusionDisagreementNm: null,
  filedRouteDeviationNm: 23.969175968165754,
  displayPathSource: 'track'
}
[story-request] {"scheduleSource":"flightaware_public","fallbackOutcome":"not_needed","cacheStatus":"miss","event":"story_request","requested":"UA219","fresh":true,"durationMs":8864,"outcome":"ok","errorCategory":null}
[aeroapi] key unavailable; using public feed
[flightstats-schedule] {
  callsign: 'UAL219',
  date: '2026-10-02',
  origin: 'ORD',
  destination: 'HNL',
  status: 'departed',
  gateOut: 1790955180,
  gateIn: 1790987280,
  candidates: 1
}
[story-request] {"scheduleSource":"flightstats_public","fallbackOutcome":"flightstats_used","cacheStatus":"miss","event":"story_request","requested":"UA219","fresh":true,"durationMs":90,"outcome":"ok","errorCategory":null}
[aeroapi] key unavailable; using public feed
[flightstats-schedule] {
  callsign: 'UAL219',
  date: '2026-10-02',
  origin: 'ORD',
  destination: 'HNL',
  status: 'departed',
  gateOut: 1790955180,
  gateIn: 1790987280,
  candidates: 1
}
[story-request] {"scheduleSource":"flightstats_public","fallbackOutcome":"flightstats_used","cacheStatus":"miss","event":"story_request","requested":"UA219","fresh":true,"durationMs":62,"outcome":"ok","errorCategory":null}
[aeroapi] key unavailable; using public feed
[flight-telemetry] {
  callsignRequested: 'UA219',
  callsign: 'UAL219',
  registration: 'N219UA',
  hex: 'a21900',
  destination: { iata: 'HNL', icao: 'PHNL', lat: 21.3187, lon: -157.9225 },
  livePosition: null,
  altitudeFt: null,
  groundspeedKt: null,
  onGround: null,
  track: null,
  verticalRateFpm: null,
  phase: null,
  headingToDestinationDelta: null,
  isFinalApproach: false,
  routeRemainingNm: 346.2215211039816,
  directToDestNm: null,
  remainingNm: 346.2215211039816,
  etaMin: 49.4602173005688,
  currentStage: 'ride',
  arrivalStatus: 'airborne',
  ourLanded: false,
  positionProvider: 'fallback',
  positionSeenAt: null,
  positionAgeSec: null,
  flightawarePosition: null,
  fr24Position: null,
  adsbPosition: null,
  providerStatus: { flightaware: 'DISABLED', fr24: 'DISABLED' },
  providerEta: { flightaware: null, fr24: null },
  providerDistancesNm: {
    flightawareToFr24: null,
    flightawareToAdsb: null,
    fr24ToAdsb: null
  },
  fusionDisagreementNm: null,
  filedRouteDeviationNm: null,
  displayPathSource: 'track'
}
[story-request] {"scheduleSource":"flightaware_public","fallbackOutcome":"not_needed","cacheStatus":"miss","event":"story_request","requested":"UA219","fresh":true,"durationMs":95,"outcome":"ok","errorCategory":null}
[aeroapi] key unavailable; using public feed
[flight-telemetry] {
  callsignRequested: 'UA219',
  callsign: 'UAL219',
  registration: 'N219UA',
  hex: 'a21900',
  destination: { iata: 'HNL', icao: 'PHNL', lat: 21.3187, lon: -157.9225 },
  livePosition: null,
  altitudeFt: null,
  groundspeedKt: null,
  onGround: null,
  track: null,
  verticalRateFpm: null,
  phase: null,
  headingToDestinationDelta: null,
  isFinalApproach: false,
  routeRemainingNm: 346.2215211039816,
  directToDestNm: null,
  remainingNm: 346.2215211039816,
  etaMin: 49.4602173005688,
  currentStage: 'ride',
  arrivalStatus: 'airborne',
  ourLanded: false,
  positionProvider: 'fallback',
  positionSeenAt: null,
  positionAgeSec: null,
  flightawarePosition: null,
  fr24Position: null,
  adsbPosition: null,
  providerStatus: { flightaware: 'DISABLED', fr24: 'DISABLED' },
  providerEta: { flightaware: null, fr24: null },
  providerDistancesNm: {
    flightawareToFr24: null,
    flightawareToAdsb: null,
    fr24ToAdsb: null
  },
  fusionDisagreementNm: null,
  filedRouteDeviationNm: null,
  displayPathSource: 'track'
}
[story-request] {"scheduleSource":"flightaware_public","fallbackOutcome":"not_needed","cacheStatus":"miss","event":"story_request","requested":"UA219","fresh":true,"durationMs":90,"outcome":"ok","errorCategory":null}
[aeroapi] key unavailable; using public feed
[flight-telemetry] {
  callsignRequested: 'UA219',
  callsign: 'UAL219',
  registration: 'N219UA',
  hex: 'a21900',
  destination: { iata: 'HNL', icao: 'PHNL', lat: 21.3187, lon: -157.9225 },
  livePosition: null,
  altitudeFt: null,
  groundspeedKt: null,
  onGround: null,
  track: null,
  verticalRateFpm: null,
  phase: null,
  headingToDestinationDelta: null,
  isFinalApproach: false,
  routeRemainingNm: 346.2215211039816,
  directToDestNm: null,
  remainingNm: 346.2215211039816,
  etaMin: 49.4602173005688,
  currentStage: 'ride',
  arrivalStatus: 'airborne',
  ourLanded: false,
  positionProvider: 'fallback',
  positionSeenAt: null,
  positionAgeSec: null,
  flightawarePosition: null,
  fr24Position: null,
  adsbPosition: null,
  providerStatus: { flightaware: 'DISABLED', fr24: 'DISABLED' },
  providerEta: { flightaware: null, fr24: null },
  providerDistancesNm: {
    flightawareToFr24: null,
    flightawareToAdsb: null,
    fr24ToAdsb: null
  },
  fusionDisagreementNm: null,
  filedRouteDeviationNm: null,
  displayPathSource: 'track'
}
[story-request] {"scheduleSource":"flightaware_public","fallbackOutcome":"not_needed","cacheStatus":"miss","event":"story_request","requested":"UA219","fresh":true,"durationMs":77,"outcome":"ok","errorCategory":null}
[aeroapi] key unavailable; using public feed
[flight-telemetry] {
  callsignRequested: 'UA219',
  callsign: 'UAL219',
  registration: 'N219UA',
  hex: 'a21900',
  destination: { iata: 'HNL', icao: 'PHNL', lat: 21.3187, lon: -157.9225 },
  livePosition: { lat: 23, lon: -155 },
  altitudeFt: 30000,
  groundspeedKt: 450,
  onGround: false,
  track: 237,
  verticalRateFpm: null,
  phase: 'cruise',
  headingToDestinationDelta: 1.710246295575871,
  isFinalApproach: false,
  routeRemainingNm: 192.27727150053806,
  directToDestNm: 191.29887587427638,
  remainingNm: 192.27727150053806,
  etaMin: 25.636969533405075,
  currentStage: 'ride',
  arrivalStatus: 'airborne',
  ourLanded: false,
  positionProvider: 'flightaware-public',
  positionSeenAt: 1790990990.844,
  positionAgeSec: 1,
  flightawarePosition: null,
  fr24Position: null,
  adsbPosition: null,
  providerStatus: { flightaware: 'DISABLED', fr24: 'DISABLED' },
  providerEta: { flightaware: null, fr24: null },
  providerDistancesNm: {
    flightawareToFr24: null,
    flightawareToAdsb: null,
    fr24ToAdsb: null
  },
  fusionDisagreementNm: null,
  filedRouteDeviationNm: 43.10680414375789,
  displayPathSource: 'track'
}
[story-request] {"scheduleSource":"flightaware_public","fallbackOutcome":"not_needed","cacheStatus":"miss","event":"story_request","requested":"UA219","fresh":true,"durationMs":59,"outcome":"ok","errorCategory":null}
[aeroapi] key unavailable; using public feed
[schedule-fallback-unavailable] {
  callsign: 'UAL219',
  reason: 'Current flight route unavailable: schedule provider returned HTTP 402 (unidentified response; host=www.flightaware.com; server=absent; type=absent; bodyChars=0; branding=unidentifi'
}
[flight-telemetry] {
  callsignRequested: 'UA219',
  callsign: 'UAL219',
  registration: 'N219UA',
  hex: 'a21900',
  destination: { iata: 'HNL', icao: 'PHNL', lat: 21.3187, lon: -157.9225 },
  livePosition: { lat: 23, lon: -155 },
  altitudeFt: 30000,
  groundspeedKt: 450,
  onGround: false,
  track: 237,
  verticalRateFpm: null,
  phase: 'cruise',
  headingToDestinationDelta: 1.710246295575871,
  isFinalApproach: false,
  routeRemainingNm: 192.27727150053806,
  directToDestNm: 191.29887587427638,
  remainingNm: 192.27727150053806,
  etaMin: 25.636969533405075,
  currentStage: 'ride',
  arrivalStatus: 'airborne',
  ourLanded: false,
  positionProvider: 'adsb',
  positionSeenAt: 1790991000.844,
  positionAgeSec: 1,
  flightawarePosition: null,
  fr24Position: null,
  adsbPosition: {
    provider: 'adsb',
    flightId: null,
    callsign: 'UAL219',
    lat: 23,
    lon: -155,
    altFt: 30000,
    vertFpm: null,
    gsKt: 450,
    track: 237,
    onGround: false,
    seenAt: 1790991000.844,
    registration: 'N219UA',
    type: null,
    hex: 'a21900',
    confidence: 'high'
  },
  providerStatus: { flightaware: 'DISABLED', fr24: 'DISABLED' },
  providerEta: { flightaware: null, fr24: null },
  providerDistancesNm: {
    flightawareToFr24: null,
    flightawareToAdsb: null,
    fr24ToAdsb: null
  },
  fusionDisagreementNm: null,
  filedRouteDeviationNm: 43.10680414375789,
  displayPathSource: 'track'
}
[story-request] {"scheduleSource":"saved_resume","fallbackOutcome":"resume_used","cacheStatus":"miss","event":"story_request","requested":"UA219","fresh":true,"durationMs":77,"outcome":"ok","errorCategory":null}
[aeroapi] key unavailable; using public feed
[arrival-projection] {
  flight: 'UAL219',
  landKey: 'leg:v1:UAL219|2026-10-02|MCO|ORD',
  stateKey: 'leg:v1:UAL219|2026-10-02|MCO|ORD',
  instance: 'cfpqv5ya',
  entryGate: true,
  reason: 'started',
  persistence: 'ok',
  applied: true,
  geometrySource: 'observed_fix',
  displayPointCount: 42,
  stale: false,
  loadedVersion: 0,
  hadPrevious: false,
  runway: '10R',
  source: 'ATIS',
  side: 1,
  active: true,
  startedAt: 1790991001844,
  offPathStreak: 0,
  vertFpm: null,
  verticalRateSource: null,
  stageVertFpm: null,
  cursorNm: 0,
  plannedPoints: 41,
  directToThresholdNm: 13.055797838476495,
  phase: 'cruise',
  extrapolated: false,
  seenSec: 1,
  kind: 'downwind-base',
  remainingNm: 22.23411981046109,
  stageRemainingNm: 14.508207298373566
}
[flight-telemetry] {
  callsignRequested: 'UA219',
  callsign: 'UAL219',
  registration: 'N219UA',
  hex: 'a21900',
  destination: { iata: 'ORD', icao: 'KORD', lat: 41.9786, lon: -87.9048 },
  livePosition: { lat: 41.877462, lon: -88.199775 },
  altitudeFt: 4000,
  groundspeedKt: 210,
  onGround: false,
  track: 267.67,
  verticalRateFpm: null,
  phase: 'cruise',
  headingToDestinationDelta: 157.48860925143606,
  isFinalApproach: false,
  routeRemainingNm: 22.23411981046109,
  directToDestNm: 14.508207298373566,
  remainingNm: 22.23411981046109,
  etaMin: 6.35260566013174,
  currentStage: 'arrival',
  arrivalStatus: 'airborne',
  ourLanded: false,
  positionProvider: 'flightaware-public',
  positionSeenAt: 1790991000.844,
  positionAgeSec: 1,
  flightawarePosition: null,
  fr24Position: null,
  adsbPosition: null,
  providerStatus: { flightaware: 'DISABLED', fr24: 'DISABLED' },
  providerEta: { flightaware: null, fr24: null },
  providerDistancesNm: {
    flightawareToFr24: null,
    flightawareToAdsb: null,
    fr24ToAdsb: null
  },
  fusionDisagreementNm: null,
  filedRouteDeviationNm: 7.652401395130016e-13,
  displayPathSource: 'filed'
}
[story-request] {"scheduleSource":"flightaware_public","fallbackOutcome":"not_needed","cacheStatus":"miss","event":"story_request","requested":"UA219","fresh":true,"durationMs":68,"outcome":"ok","errorCategory":null}
[aeroapi] key unavailable; using public feed
[arrival-projection] {
  flight: 'UAL219',
  landKey: 'leg:v1:UAL219|2026-10-02|MCO|ORD',
  stateKey: 'leg:v1:UAL219|2026-10-02|MCO|ORD',
  instance: 'zp69mpjl',
  entryGate: false,
  reason: 'held-no-reliable-fix',
  persistence: 'ok',
  applied: true,
  geometrySource: 'last_known_fix',
  displayPointCount: 42,
  stale: true,
  loadedVersion: 1,
  hadPrevious: true,
  runway: '10R',
  source: 'ATIS',
  side: 1,
  active: true,
  startedAt: 1790991001844,
  offPathStreak: 0,
  vertFpm: null,
  verticalRateSource: null,
  stageVertFpm: null,
  cursorNm: 0,
  plannedPoints: 41,
  directToThresholdNm: null,
  phase: null,
  extrapolated: false,
  seenSec: null,
  kind: 'downwind-base',
  remainingNm: 22.23411981046109,
  stageRemainingNm: 22.23411981046109
}
[flight-telemetry] {
  callsignRequested: 'UA219',
  callsign: 'UAL219',
  registration: 'N219UA',
  hex: 'a21900',
  destination: { iata: 'ORD', icao: 'KORD', lat: 41.9786, lon: -87.9048 },
  livePosition: null,
  altitudeFt: null,
  groundspeedKt: null,
  onGround: null,
  track: null,
  verticalRateFpm: null,
  phase: null,
  headingToDestinationDelta: null,
  isFinalApproach: false,
  routeRemainingNm: 22.23411981046109,
  directToDestNm: null,
  remainingNm: 22.23411981046109,
  etaMin: 29.5,
  currentStage: 'ride',
  arrivalStatus: 'airborne',
  ourLanded: false,
  positionProvider: 'fallback',
  positionSeenAt: null,
  positionAgeSec: null,
  flightawarePosition: null,
  fr24Position: null,
  adsbPosition: null,
  providerStatus: { flightaware: 'DISABLED', fr24: 'DISABLED' },
  providerEta: { flightaware: null, fr24: null },
  providerDistancesNm: {
    flightawareToFr24: null,
    flightawareToAdsb: null,
    fr24ToAdsb: null
  },
  fusionDisagreementNm: null,
  filedRouteDeviationNm: null,
  displayPathSource: 'filed'
}
[story-request] {"scheduleSource":"flightaware_public","fallbackOutcome":"not_needed","cacheStatus":"miss","event":"story_request","requested":"UA219","fresh":true,"durationMs":66,"outcome":"ok","errorCategory":null}
✔ UA219 durable filed/track geometry and oceanic progress survive provider handoff, cold instances, reroute and recovery (11307.608963ms)
[flight-telemetry] {
  callsignRequested: 'UA219',
  callsign: 'UAL219',
  registration: 'N219UA',
  hex: 'a21900',
  destination: { iata: 'HNL', icao: 'PHNL', lat: 21.3187, lon: -157.9225 },
  livePosition: { lat: 24.95, lon: -153.1667 },
  altitudeFt: 36000,
  groundspeedKt: 462,
  onGround: false,
  track: 237,
  verticalRateFpm: null,
  phase: 'cruise',
  headingToDestinationDelta: 5.74751028259675,
  isFinalApproach: false,
  routeRemainingNm: 346.2215211039816,
  directToDestNm: 341.23417427770994,
  remainingNm: 346.2215211039816,
  etaMin: 47.469266664981845,
  currentStage: 'ride',
  arrivalStatus: 'airborne',
  ourLanded: false,
  positionProvider: 'flightaware-public',
  positionSeenAt: 1790983650.844,
  positionAgeSec: 1,
  flightawarePosition: null,
  fr24Position: null,
  adsbPosition: null,
  providerStatus: { flightaware: 'DISABLED', fr24: 'DISABLED' },
  providerEta: { flightaware: null, fr24: null },
  providerDistancesNm: {
    flightawareToFr24: null,
    flightawareToAdsb: null,
    fr24ToAdsb: null
  },
  fusionDisagreementNm: null,
  filedRouteDeviationNm: 23.969175968165754,
  displayPathSource: 'track'
}
[flight-telemetry] {
  callsignRequested: 'UA219',
  callsign: 'UAL219',
  registration: 'N219UA',
  hex: 'a21900',
  destination: { iata: 'HNL', icao: 'PHNL', lat: 21.3187, lon: -157.9225 },
  livePosition: { lat: 24.925, lon: -153.2167 },
  altitudeFt: 36000,
  groundspeedKt: 462,
  onGround: false,
  track: 237,
  verticalRateFpm: null,
  phase: 'cruise',
  headingToDestinationDelta: 5.8587141848439614,
  isFinalApproach: false,
  routeRemainingNm: 343.54831452715865,
  directToDestNm: 338.1721965491216,
  remainingNm: 343.54831452715865,
  etaMin: 46.969266664981845,
  currentStage: 'ride',
  arrivalStatus: 'airborne',
  ourLanded: false,
  positionProvider: 'flightaware-public',
  positionSeenAt: 1790983680.844,
  positionAgeSec: 1,
  flightawarePosition: null,
  fr24Position: null,
  adsbPosition: null,
  providerStatus: { flightaware: 'DISABLED', fr24: 'DISABLED' },
  providerEta: { flightaware: null, fr24: null },
  providerDistancesNm: {
    flightawareToFr24: null,
    flightawareToAdsb: null,
    fr24ToAdsb: null
  },
  fusionDisagreementNm: null,
  filedRouteDeviationNm: 27.67815694699043,
  displayPathSource: 'track'
}
[flight-telemetry] {
  callsignRequested: 'UA219',
  callsign: 'UAL219',
  registration: 'N219UA',
  hex: 'a21900',
  destination: { iata: 'HNL', icao: 'PHNL', lat: 21.3187, lon: -157.9225 },
  livePosition: { lat: 24.900000000000002, lon: -153.26670000000001 },
  altitudeFt: 36000,
  groundspeedKt: 462,
  onGround: false,
  track: 237,
  verticalRateFpm: null,
  phase: 'cruise',
  headingToDestinationDelta: 5.971798694037034,
  isFinalApproach: false,
  routeRemainingNm: 340.9166177443318,
  directToDestNm: 335.1108443774515,
  remainingNm: 340.9166177443318,
  etaMin: 46.469266664981845,
  currentStage: 'ride',
  arrivalStatus: 'airborne',
  ourLanded: false,
  positionProvider: 'flightaware-public',
  positionSeenAt: 1790983710.844,
  positionAgeSec: 1,
  flightawarePosition: null,
  fr24Position: null,
  adsbPosition: null,
  providerStatus: { flightaware: 'DISABLED', fr24: 'DISABLED' },
  providerEta: { flightaware: null, fr24: null },
  providerDistancesNm: {
    flightawareToFr24: null,
    flightawareToAdsb: null,
    fr24ToAdsb: null
  },
  fusionDisagreementNm: null,
  filedRouteDeviationNm: 31.547890578832877,
  displayPathSource: 'track'
}
[flight-telemetry] {
  callsignRequested: 'UA219',
  callsign: 'UAL219',
  registration: 'N219UA',
  hex: 'a21900',
  destination: { iata: 'HNL', icao: 'PHNL', lat: 21.3187, lon: -157.9225 },
  livePosition: { lat: 24.875000000000004, lon: -153.31670000000003 },
  altitudeFt: 36000,
  groundspeedKt: 462,
  onGround: false,
  track: 237,
  verticalRateFpm: null,
  phase: 'cruise',
  headingToDestinationDelta: 6.086815901437035,
  isFinalApproach: false,
  routeRemainingNm: 332.3828623283507,
  directToDestNm: 332.050149511478,
  remainingNm: 332.3828623283507,
  etaMin: 45.969266664981845,
  currentStage: 'ride',
  arrivalStatus: 'airborne',
  ourLanded: false,
  positionProvider: 'flightaware-public',
  positionSeenAt: 1790983740.844,
  positionAgeSec: 1,
  flightawarePosition: null,
  fr24Position: null,
  adsbPosition: null,
  providerStatus: { flightaware: 'DISABLED', fr24: 'DISABLED' },
  providerEta: { flightaware: null, fr24: null },
  providerDistancesNm: {
    flightawareToFr24: null,
    flightawareToAdsb: null,
    fr24ToAdsb: null
  },
  fusionDisagreementNm: null,
  filedRouteDeviationNm: 31.298191064891174,
  displayPathSource: 'track'
}
[flight-telemetry] {
  callsignRequested: 'UA219',
  callsign: 'UAL219',
  registration: 'N219UA',
  hex: 'a21900',
  destination: { iata: 'HNL', icao: 'PHNL', lat: 21.3187, lon: -157.9225 },
  livePosition: { lat: 24.850000000000005, lon: -153.36670000000004 },
  altitudeFt: 36000,
  groundspeedKt: 462,
  onGround: false,
  track: 237,
  verticalRateFpm: null,
  phase: 'cruise',
  headingToDestinationDelta: 6.2038197990600565,
  isFinalApproach: false,
  routeRemainingNm: 329.33673412844144,
  directToDestNm: 328.9901448558742,
  remainingNm: 329.33673412844144,
  etaMin: 45.469266664981845,
  currentStage: 'ride',
  arrivalStatus: 'airborne',
  ourLanded: false,
  positionProvider: 'flightaware-public',
  positionSeenAt: 1790983770.844,
  positionAgeSec: 1,
  flightawarePosition: null,
  fr24Position: null,
  adsbPosition: null,
  providerStatus: { flightaware: 'DISABLED', fr24: 'DISABLED' },
  providerEta: { flightaware: null, fr24: null },
  providerDistancesNm: {
    flightawareToFr24: null,
    flightawareToAdsb: null,
    fr24ToAdsb: null
  },
  fusionDisagreementNm: null,
  filedRouteDeviationNm: 28.251310295232663,
  displayPathSource: 'track'
}
[flight-telemetry] {
  callsignRequested: 'UA219',
  callsign: 'UAL219',
  registration: 'N219UA',
  hex: 'a21900',
  destination: { iata: 'HNL', icao: 'PHNL', lat: 21.3187, lon: -157.9225 },
  livePosition: { lat: 24.825000000000006, lon: -153.41670000000005 },
  altitudeFt: 36000,
  groundspeedKt: 462,
  onGround: false,
  track: 237,
  verticalRateFpm: null,
  phase: 'cruise',
  headingToDestinationDelta: 6.3228663658161395,
  isFinalApproach: false,
  routeRemainingNm: 326.9219044143338,
  directToDestNm: 325.9308645248121,
  remainingNm: 326.9219044143338,
  etaMin: 44.969266664981845,
  currentStage: 'ride',
  arrivalStatus: 'airborne',
  ourLanded: false,
  positionProvider: 'flightaware-public',
  positionSeenAt: 1790983800.844,
  positionAgeSec: 1,
  flightawarePosition: null,
  fr24Position: null,
  adsbPosition: null,
  providerStatus: { flightaware: 'DISABLED', fr24: 'DISABLED' },
  providerEta: { flightaware: null, fr24: null },
  providerDistancesNm: {
    flightawareToFr24: null,
    flightawareToAdsb: null,
    fr24ToAdsb: null
  },
  fusionDisagreementNm: null,
  filedRouteDeviationNm: 25.224866965332783,
  displayPathSource: 'track'
}
[flight-telemetry] {
  callsignRequested: 'UA219',
  callsign: 'UAL219',
  registration: 'N219UA',
  hex: 'a21900',
  destination: { iata: 'HNL', icao: 'PHNL', lat: 21.3187, lon: -157.9225 },
  livePosition: { lat: 24.800000000000008, lon: -153.46670000000006 },
  altitudeFt: 36000,
  groundspeedKt: 462,
  onGround: false,
  track: 237,
  verticalRateFpm: null,
  phase: 'cruise',
  headingToDestinationDelta: 6.444013658294693,
  isFinalApproach: false,
  routeRemainingNm: 323.90956317419005,
  directToDestNm: 322.87234389854325,
  remainingNm: 323.90956317419005,
  etaMin: 44.469266664981845,
  currentStage: 'ride',
  arrivalStatus: 'airborne',
  ourLanded: false,
  positionProvider: 'flightaware-public',
  positionSeenAt: 1790983830.844,
  positionAgeSec: 1,
  flightawarePosition: null,
  fr24Position: null,
  adsbPosition: null,
  providerStatus: { flightaware: 'DISABLED', fr24: 'DISABLED' },
  providerEta: { flightaware: null, fr24: null },
  providerDistancesNm: {
    flightawareToFr24: null,
    flightawareToAdsb: null,
    fr24ToAdsb: null
  },
  fusionDisagreementNm: null,
  filedRouteDeviationNm: 22.220565204689343,
  displayPathSource: 'track'
}
[flight-telemetry] {
  callsignRequested: 'UA219',
  callsign: 'UAL219',
  registration: 'N219UA',
  hex: 'a21900',
  destination: { iata: 'HNL', icao: 'PHNL', lat: 21.3187, lon: -157.9225 },
  livePosition: { lat: 24.77500000000001, lon: -153.51670000000007 },
  altitudeFt: 36000,
  groundspeedKt: 462,
  onGround: false,
  track: 237,
  verticalRateFpm: null,
  phase: 'cruise',
  headingToDestinationDelta: 6.56732190648404,
  isFinalApproach: false,
  routeRemainingNm: 320.9004490192491,
  directToDestNm: 319.8146196831457,
  remainingNm: 320.9004490192491,
  etaMin: 43.969266664981845,
  currentStage: 'ride',
  arrivalStatus: 'airborne',
  ourLanded: false,
  positionProvider: 'flightaware-public',
  positionSeenAt: 1790983860.844,
  positionAgeSec: 1,
  flightawarePosition: null,
  fr24Position: null,
  adsbPosition: null,
  providerStatus: { flightaware: 'DISABLED', fr24: 'DISABLED' },
  providerEta: { flightaware: null, fr24: null },
  providerDistancesNm: {
    flightawareToFr24: null,
    flightawareToAdsb: null,
    fr24ToAdsb: null
  },
  fusionDisagreementNm: null,
  filedRouteDeviationNm: 19.239943468113342,
  displayPathSource: 'track'
}
[flight-telemetry] {
  callsignRequested: 'UA219',
  callsign: 'UAL219',
  registration: 'N219UA',
  hex: 'a21900',
  destination: { iata: 'HNL', icao: 'PHNL', lat: 21.3187, lon: -157.9225 },
  livePosition: { lat: 24.75000000000001, lon: -153.56670000000008 },
  altitudeFt: 36000,
  groundspeedKt: 462,
  onGround: false,
  track: 237,
  verticalRateFpm: null,
  phase: 'cruise',
  headingToDestinationDelta: 6.692853614737146,
  isFinalApproach: false,
  routeRemainingNm: 319.5492961811051,
  directToDestNm: 316.7577299736441,
  remainingNm: 319.5492961811051,
  etaMin: 43.469266664981845,
  currentStage: 'ride',
  arrivalStatus: 'airborne',
  ourLanded: false,
  positionProvider: 'flightaware-public',
  positionSeenAt: 1790983890.844,
  positionAgeSec: 1,
  flightawarePosition: null,
  fr24Position: null,
  adsbPosition: null,
  providerStatus: { flightaware: 'DISABLED', fr24: 'DISABLED' },
  providerEta: { flightaware: null, fr24: null },
  providerDistancesNm: {
    flightawareToFr24: null,
    flightawareToAdsb: null,
    fr24ToAdsb: null
  },
  fusionDisagreementNm: null,
  filedRouteDeviationNm: 16.28420806582312,
  displayPathSource: 'track'
}
[flight-telemetry] {
  callsignRequested: 'UA219',
  callsign: 'UAL219',
  registration: 'N219UA',
  hex: 'a21900',
  destination: { iata: 'HNL', icao: 'PHNL', lat: 21.3187, lon: -157.9225 },
  livePosition: { lat: 24.725000000000012, lon: -153.6167000000001 },
  altitudeFt: 36000,
  groundspeedKt: 462,
  onGround: false,
  track: 237,
  verticalRateFpm: null,
  phase: 'cruise',
  headingToDestinationDelta: 6.820673668312679,
  isFinalApproach: false,
  routeRemainingNm: 316.65693133741814,
  directToDestNm: 313.70171432072345,
  remainingNm: 316.65693133741814,
  etaMin: 42.969266664981845,
  currentStage: 'ride',
  arrivalStatus: 'airborne',
  ourLanded: false,
  positionProvider: 'flightaware-public',
  positionSeenAt: 1790983920.844,
  positionAgeSec: 1,
  flightawarePosition: null,
  fr24Position: null,
  adsbPosition: null,
  providerStatus: { flightaware: 'DISABLED', fr24: 'DISABLED' },
  providerEta: { flightaware: null, fr24: null },
  providerDistancesNm: {
    flightawareToFr24: null,
    flightawareToAdsb: null,
    fr24ToAdsb: null
  },
  fusionDisagreementNm: null,
  filedRouteDeviationNm: 13.353997442708406,
  displayPathSource: 'track'
}
[flight-telemetry] {
  callsignRequested: 'UA219',
  callsign: 'UAL219',
  registration: 'N219UA',
  hex: 'a21900',
  destination: { iata: 'HNL', icao: 'PHNL', lat: 21.3187, lon: -157.9225 },
  livePosition: { lat: 24.725000000000012, lon: -153.6167000000001 },
  altitudeFt: 36000,
  groundspeedKt: 462,
  onGround: false,
  track: 237,
  verticalRateFpm: null,
  phase: 'cruise',
  headingToDestinationDelta: 6.820673668312679,
  isFinalApproach: false,
  routeRemainingNm: 316.65693133741814,
  directToDestNm: 313.70171432072345,
  remainingNm: 316.65693133741814,
  etaMin: 42.969266664981845,
  currentStage: 'ride',
  arrivalStatus: 'airborne',
  ourLanded: false,
  positionProvider: 'flightaware-public',
  positionSeenAt: 1790983920.844,
  positionAgeSec: 1,
  flightawarePosition: null,
  fr24Position: null,
  adsbPosition: null,
  providerStatus: { flightaware: 'DISABLED', fr24: 'DISABLED' },
  providerEta: { flightaware: null, fr24: null },
  providerDistancesNm: {
    flightawareToFr24: null,
    flightawareToAdsb: null,
    fr24ToAdsb: null
  },
  fusionDisagreementNm: null,
  filedRouteDeviationNm: 13.353997442708406,
  displayPathSource: 'track'
}
[flight-telemetry] {
  callsignRequested: 'UA219',
  callsign: 'UAL219',
  registration: 'N219UA',
  hex: 'a21900',
  destination: { iata: 'HNL', icao: 'PHNL', lat: 21.3187, lon: -157.9225 },
  livePosition: null,
  altitudeFt: null,
  groundspeedKt: null,
  onGround: null,
  track: null,
  verticalRateFpm: null,
  phase: null,
  headingToDestinationDelta: null,
  isFinalApproach: false,
  routeRemainingNm: 316.65693133741814,
  directToDestNm: null,
  remainingNm: 316.65693133741814,
  etaMin: 40.969266664981845,
  currentStage: 'ride',
  arrivalStatus: 'airborne',
  ourLanded: false,
  positionProvider: 'fallback',
  positionSeenAt: null,
  positionAgeSec: null,
  flightawarePosition: null,
  fr24Position: null,
  adsbPosition: null,
  providerStatus: { flightaware: 'DISABLED', fr24: 'DISABLED' },
  providerEta: { flightaware: null, fr24: null },
  providerDistancesNm: {
    flightawareToFr24: null,
    flightawareToAdsb: null,
    fr24ToAdsb: null
  },
  fusionDisagreementNm: null,
  filedRouteDeviationNm: null,
  displayPathSource: 'track'
}
[departure-telemetry] {
  callsignRequested: 'UA219',
  flightInstance: 'leg:v1:UAL219|2026-10-02|ORD|HNL',
  currentStage: 'origin_gate',
  pushLatched: false,
  taxiOutLatched: false,
  pushTimestamp: null,
  pushTimestampSource: null,
  firstDepartureMovement: false,
  rawTaxiHint: false,
  stageTaxiHint: false,
  taxiThresholdKt: 6,
  parkedObservedSec: 0,
  stationaryAtStand: true,
  awayFromPassengerGateArea: false,
  providerGateOut: { scheduled: 1790952900, estimated: null, actual: null },
  providerGateOutPublic: { scheduled: 1790952900, estimated: null, actual: null },
  groundspeedKt: 0,
  onGround: true,
  distanceFromParkedNm: 0,
  positionAgeSec: 1,
  positionSource: 'adsb'
}
[push-evidence] {"callsignRequested":"UA219","flightInstance":"leg:v1:UAL219|2026-10-02|ORD|HNL","flightaware":{"flightId":"UAL219-1790952900-schedule-0001","publicGateOut":{"scheduled":1790952900,"estimated":null,"actual":null},"aeroApiOut":null,"firstTrackMovement":null},"fr24":{"flightId":null,"status":"DISABLED","firstTrackMovement":null,"summaryOut":null},"adsb":{"firstTrackMovement":null,"positionAgeSec":1,"groundspeedKt":0,"distanceFromParkedNm":0},"inbound":{"parkedPosition":{"lat":41.9786,"lon":-87.9048,"at":1790952300000},"selectedPush":null,"pushLatch":null,"taxiOutLatch":null,"finalPushUnix":null,"finalPushSource":null,"phaseStatePersistenceOnLoad":"ok"}}
[departure-telemetry] {
  callsignRequested: 'UA219',
  flightInstance: 'leg:v1:UAL219|2026-10-02|ORD|HNL',
  currentStage: 'origin_gate',
  pushLatched: false,
  taxiOutLatched: false,
  pushTimestamp: null,
  pushTimestampSource: null,
  firstDepartureMovement: false,
  rawTaxiHint: false,
  stageTaxiHint: false,
  taxiThresholdKt: 6,
  parkedObservedSec: 0,
  stationaryAtStand: true,
  awayFromPassengerGateArea: false,
  providerGateOut: { scheduled: 1790952900, estimated: null, actual: null },
  providerGateOutPublic: { scheduled: 1790952900, estimated: null, actual: null },
  groundspeedKt: 0,
  onGround: true,
  distanceFromParkedNm: 0,
  positionAgeSec: 1,
  positionSource: 'adsb'
}
[push-evidence] {"callsignRequested":"UA219","flightInstance":"leg:v1:UAL219|2026-10-02|ORD|HNL","flightaware":{"flightId":"UAL219-1790952900-schedule-0001","publicGateOut":{"scheduled":1790952900,"estimated":null,"actual":null},"aeroApiOut":null,"firstTrackMovement":null},"fr24":{"flightId":null,"status":"DISABLED","firstTrackMovement":null,"summaryOut":null},"adsb":{"firstTrackMovement":null,"positionAgeSec":1,"groundspeedKt":0,"distanceFromParkedNm":0},"inbound":{"parkedPosition":{"lat":41.9786,"lon":-87.9048,"at":1790952330000},"selectedPush":null,"pushLatch":null,"taxiOutLatch":null,"finalPushUnix":null,"finalPushSource":null,"phaseStatePersistenceOnLoad":"ok"}}
[departure-telemetry] {
  callsignRequested: 'UA219',
  flightInstance: 'leg:v1:UAL219|2026-10-02|ORD|HNL',
  currentStage: 'origin_gate',
  pushLatched: false,
  taxiOutLatched: false,
  pushTimestamp: null,
  pushTimestampSource: null,
  firstDepartureMovement: false,
  rawTaxiHint: false,
  stageTaxiHint: false,
  taxiThresholdKt: 6,
  parkedObservedSec: 0,
  stationaryAtStand: true,
  awayFromPassengerGateArea: false,
  providerGateOut: { scheduled: 1790952900, estimated: null, actual: null },
  providerGateOutPublic: { scheduled: 1790952900, estimated: null, actual: null },
  groundspeedKt: 0,
  onGround: true,
  distanceFromParkedNm: 0,
  positionAgeSec: 1,
  positionSource: 'adsb'
}
[push-evidence] {"callsignRequested":"UA219","flightInstance":"leg:v1:UAL219|2026-10-02|ORD|HNL","flightaware":{"flightId":"UAL219-1790952900-schedule-0001","publicGateOut":{"scheduled":1790952900,"estimated":null,"actual":null},"aeroApiOut":null,"firstTrackMovement":null},"fr24":{"flightId":null,"status":"DISABLED","firstTrackMovement":null,"summaryOut":null},"adsb":{"firstTrackMovement":null,"positionAgeSec":1,"groundspeedKt":0,"distanceFromParkedNm":0},"inbound":{"parkedPosition":{"lat":41.9786,"lon":-87.9048,"at":1790952360000},"selectedPush":null,"pushLatch":null,"taxiOutLatch":null,"finalPushUnix":null,"finalPushSource":null,"phaseStatePersistenceOnLoad":"ok"}}
[departure-telemetry] {
  callsignRequested: 'UA219',
  flightInstance: 'leg:v1:UAL219|2026-10-02|ORD|HNL',
  currentStage: 'origin_gate',
  pushLatched: false,
  taxiOutLatched: false,
  pushTimestamp: null,
  pushTimestampSource: null,
  firstDepartureMovement: false,
  rawTaxiHint: false,
  stageTaxiHint: false,
  taxiThresholdKt: 6,
  parkedObservedSec: 0,
  stationaryAtStand: true,
  awayFromPassengerGateArea: false,
  providerGateOut: { scheduled: 1790952900, estimated: null, actual: null },
  providerGateOutPublic: { scheduled: 1790952900, estimated: null, actual: null },
  groundspeedKt: 0,
  onGround: true,
  distanceFromParkedNm: 0,
  positionAgeSec: 1,
  positionSource: 'adsb'
}
[push-evidence] {"callsignRequested":"UA219","flightInstance":"leg:v1:UAL219|2026-10-02|ORD|HNL","flightaware":{"flightId":"UAL219-1790952900-schedule-0001","publicGateOut":{"scheduled":1790952900,"estimated":null,"actual":null},"aeroApiOut":null,"firstTrackMovement":null},"fr24":{"flightId":null,"status":"DISABLED","firstTrackMovement":null,"summaryOut":null},"adsb":{"firstTrackMovement":null,"positionAgeSec":1,"groundspeedKt":0,"distanceFromParkedNm":0},"inbound":{"parkedPosition":{"lat":41.9786,"lon":-87.9048,"at":1790952390000},"selectedPush":null,"pushLatch":null,"taxiOutLatch":null,"finalPushUnix":null,"finalPushSource":null,"phaseStatePersistenceOnLoad":"ok"}}
[departure-telemetry] {
  callsignRequested: 'UA219',
  flightInstance: 'leg:v1:UAL219|2026-10-02|ORD|HNL',
  currentStage: 'origin_gate',
  pushLatched: false,
  taxiOutLatched: false,
  pushTimestamp: null,
  pushTimestampSource: null,
  firstDepartureMovement: false,
  rawTaxiHint: false,
  stageTaxiHint: false,
  taxiThresholdKt: 6,
  parkedObservedSec: 0,
  stationaryAtStand: true,
  awayFromPassengerGateArea: false,
  providerGateOut: { scheduled: 1790952900, estimated: null, actual: null },
  providerGateOutPublic: { scheduled: 1790952900, estimated: null, actual: null },
  groundspeedKt: 0,
  onGround: true,
  distanceFromParkedNm: 0,
  positionAgeSec: 1,
  positionSource: 'adsb'
}
[push-evidence] {"callsignRequested":"UA219","flightInstance":"leg:v1:UAL219|2026-10-02|ORD|HNL","flightaware":{"flightId":"UAL219-1790952900-schedule-0001","publicGateOut":{"scheduled":1790952900,"estimated":null,"actual":null},"aeroApiOut":null,"firstTrackMovement":null},"fr24":{"flightId":null,"status":"DISABLED","firstTrackMovement":null,"summaryOut":null},"adsb":{"firstTrackMovement":null,"positionAgeSec":1,"groundspeedKt":0,"distanceFromParkedNm":0},"inbound":{"parkedPosition":{"lat":41.9786,"lon":-87.9048,"at":1790952420000},"selectedPush":null,"pushLatch":null,"taxiOutLatch":null,"finalPushUnix":null,"finalPushSource":null,"phaseStatePersistenceOnLoad":"ok"}}
[departure-telemetry] {
  callsignRequested: 'UA219',
  flightInstance: 'leg:v1:UAL219|2026-10-02|ORD|HNL',
  currentStage: 'origin_gate',
  pushLatched: false,
  taxiOutLatched: false,
  pushTimestamp: null,
  pushTimestampSource: null,
  firstDepartureMovement: false,
  rawTaxiHint: false,
  stageTaxiHint: false,
  taxiThresholdKt: 6,
  parkedObservedSec: 0,
  stationaryAtStand: true,
  awayFromPassengerGateArea: false,
  providerGateOut: { scheduled: 1790952900, estimated: null, actual: null },
  providerGateOutPublic: { scheduled: 1790952900, estimated: null, actual: null },
  groundspeedKt: 0,
  onGround: true,
  distanceFromParkedNm: 0,
  positionAgeSec: 1,
  positionSource: 'adsb'
}
[push-evidence] {"callsignRequested":"UA219","flightInstance":"leg:v1:UAL219|2026-10-02|ORD|HNL","flightaware":{"flightId":"UAL219-1790952900-schedule-0001","publicGateOut":{"scheduled":1790952900,"estimated":null,"actual":null},"aeroApiOut":null,"firstTrackMovement":null},"fr24":{"flightId":null,"status":"DISABLED","firstTrackMovement":null,"summaryOut":null},"adsb":{"firstTrackMovement":null,"positionAgeSec":1,"groundspeedKt":0,"distanceFromParkedNm":0},"inbound":{"parkedPosition":{"lat":41.9786,"lon":-87.9048,"at":1790952450000},"selectedPush":null,"pushLatch":null,"taxiOutLatch":null,"finalPushUnix":null,"finalPushSource":null,"phaseStatePersistenceOnLoad":"ok"}}
[departure-telemetry] {
  callsignRequested: 'UA219',
  flightInstance: 'leg:v1:UAL219|2026-10-02|ORD|HNL',
  currentStage: 'origin_gate',
  pushLatched: false,
  taxiOutLatched: false,
  pushTimestamp: null,
  pushTimestampSource: null,
  firstDepartureMovement: false,
  rawTaxiHint: false,
  stageTaxiHint: false,
  taxiThresholdKt: 6,
  parkedObservedSec: 0,
  stationaryAtStand: true,
  awayFromPassengerGateArea: false,
  providerGateOut: { scheduled: 1790952900, estimated: null, actual: null },
  providerGateOutPublic: { scheduled: 1790952900, estimated: null, actual: null },
  groundspeedKt: 0,
  onGround: true,
  distanceFromParkedNm: 0,
  positionAgeSec: 1,
  positionSource: 'adsb'
}
[push-evidence] {"callsignRequested":"UA219","flightInstance":"leg:v1:UAL219|2026-10-02|ORD|HNL","flightaware":{"flightId":"UAL219-1790952900-schedule-0001","publicGateOut":{"scheduled":1790952900,"estimated":null,"actual":null},"aeroApiOut":null,"firstTrackMovement":null},"fr24":{"flightId":null,"status":"DISABLED","firstTrackMovement":null,"summaryOut":null},"adsb":{"firstTrackMovement":null,"positionAgeSec":1,"groundspeedKt":0,"distanceFromParkedNm":0},"inbound":{"parkedPosition":{"lat":41.9786,"lon":-87.9048,"at":1790952480000},"selectedPush":null,"pushLatch":null,"taxiOutLatch":null,"finalPushUnix":null,"finalPushSource":null,"phaseStatePersistenceOnLoad":"ok"}}
[departure-telemetry] {
  callsignRequested: 'UA219',
  flightInstance: 'leg:v1:UAL219|2026-10-02|ORD|HNL',
  currentStage: 'origin_gate',
  pushLatched: false,
  taxiOutLatched: false,
  pushTimestamp: null,
  pushTimestampSource: null,
  firstDepartureMovement: false,
  rawTaxiHint: false,
  stageTaxiHint: false,
  taxiThresholdKt: 6,
  parkedObservedSec: 0,
  stationaryAtStand: true,
  awayFromPassengerGateArea: false,
  providerGateOut: { scheduled: 1790952900, estimated: null, actual: null },
  providerGateOutPublic: { scheduled: 1790952900, estimated: null, actual: null },
  groundspeedKt: 0,
  onGround: true,
  distanceFromParkedNm: 0,
  positionAgeSec: 1,
  positionSource: 'adsb'
}
[push-evidence] {"callsignRequested":"UA219","flightInstance":"leg:v1:UAL219|2026-10-02|ORD|HNL","flightaware":{"flightId":"UAL219-1790952900-schedule-0001","publicGateOut":{"scheduled":1790952900,"estimated":null,"actual":null},"aeroApiOut":null,"firstTrackMovement":null},"fr24":{"flightId":null,"status":"DISABLED","firstTrackMovement":null,"summaryOut":null},"adsb":{"firstTrackMovement":null,"positionAgeSec":1,"groundspeedKt":0,"distanceFromParkedNm":0},"inbound":{"parkedPosition":{"lat":41.9786,"lon":-87.9048,"at":1790952510000},"selectedPush":null,"pushLatch":null,"taxiOutLatch":null,"finalPushUnix":null,"finalPushSource":null,"phaseStatePersistenceOnLoad":"ok"}}
[departure-telemetry] {
  callsignRequested: 'UA219',
  flightInstance: 'leg:v1:UAL219|2026-10-02|ORD|HNL',
  currentStage: 'origin_gate',
  pushLatched: false,
  taxiOutLatched: false,
  pushTimestamp: null,
  pushTimestampSource: null,
  firstDepartureMovement: false,
  rawTaxiHint: false,
  stageTaxiHint: false,
  taxiThresholdKt: 6,
  parkedObservedSec: 0,
  stationaryAtStand: true,
  awayFromPassengerGateArea: false,
  providerGateOut: { scheduled: 1790952900, estimated: null, actual: null },
  providerGateOutPublic: { scheduled: 1790952900, estimated: null, actual: null },
  groundspeedKt: 0,
  onGround: true,
  distanceFromParkedNm: 0,
  positionAgeSec: 1,
  positionSource: 'adsb'
}
[push-evidence] {"callsignRequested":"UA219","flightInstance":"leg:v1:UAL219|2026-10-02|ORD|HNL","flightaware":{"flightId":"UAL219-1790952900-schedule-0001","publicGateOut":{"scheduled":1790952900,"estimated":null,"actual":null},"aeroApiOut":null,"firstTrackMovement":null},"fr24":{"flightId":null,"status":"DISABLED","firstTrackMovement":null,"summaryOut":null},"adsb":{"firstTrackMovement":null,"positionAgeSec":1,"groundspeedKt":0,"distanceFromParkedNm":0},"inbound":{"parkedPosition":{"lat":41.9786,"lon":-87.9048,"at":1790952540000},"selectedPush":null,"pushLatch":null,"taxiOutLatch":null,"finalPushUnix":null,"finalPushSource":null,"phaseStatePersistenceOnLoad":"ok"}}
[departure-telemetry] {
  callsignRequested: 'UA219',
  flightInstance: 'leg:v1:UAL219|2026-10-02|ORD|HNL',
  currentStage: 'origin_gate',
  pushLatched: false,
  taxiOutLatched: false,
  pushTimestamp: null,
  pushTimestampSource: null,
  firstDepartureMovement: false,
  rawTaxiHint: false,
  stageTaxiHint: false,
  taxiThresholdKt: 6,
  parkedObservedSec: 0,
  stationaryAtStand: true,
  awayFromPassengerGateArea: false,
  providerGateOut: { scheduled: 1790952900, estimated: null, actual: null },
  providerGateOutPublic: { scheduled: 1790952900, estimated: null, actual: null },
  groundspeedKt: 0,
  onGround: true,
  distanceFromParkedNm: 0,
  positionAgeSec: 1,
  positionSource: 'adsb'
}
[push-evidence] {"callsignRequested":"UA219","flightInstance":"leg:v1:UAL219|2026-10-02|ORD|HNL","flightaware":{"flightId":"UAL219-1790952900-schedule-0001","publicGateOut":{"scheduled":1790952900,"estimated":null,"actual":null},"aeroApiOut":null,"firstTrackMovement":null},"fr24":{"flightId":null,"status":"DISABLED","firstTrackMovement":null,"summaryOut":null},"adsb":{"firstTrackMovement":null,"positionAgeSec":1,"groundspeedKt":0,"distanceFromParkedNm":0},"inbound":{"parkedPosition":{"lat":41.9786,"lon":-87.9048,"at":1790952570000},"selectedPush":null,"pushLatch":null,"taxiOutLatch":null,"finalPushUnix":null,"finalPushSource":null,"phaseStatePersistenceOnLoad":"ok"}}
[departure-telemetry] {
  callsignRequested: 'UA219',
  flightInstance: 'leg:v1:UAL219|2026-10-02|ORD|HNL',
  currentStage: 'origin_gate',
  pushLatched: false,
  taxiOutLatched: false,
  pushTimestamp: null,
  pushTimestampSource: null,
  firstDepartureMovement: false,
  rawTaxiHint: false,
  stageTaxiHint: false,
  taxiThresholdKt: 6,
  parkedObservedSec: 0,
  stationaryAtStand: true,
  awayFromPassengerGateArea: false,
  providerGateOut: { scheduled: 1790952900, estimated: null, actual: null },
  providerGateOutPublic: { scheduled: 1790952900, estimated: null, actual: null },
  groundspeedKt: 0,
  onGround: true,
  distanceFromParkedNm: 0,
  positionAgeSec: 1,
  positionSource: 'adsb'
}
[push-evidence] {"callsignRequested":"UA219","flightInstance":"leg:v1:UAL219|2026-10-02|ORD|HNL","flightaware":{"flightId":"UAL219-1790952900-schedule-0001","publicGateOut":{"scheduled":1790952900,"estimated":null,"actual":null},"aeroApiOut":null,"firstTrackMovement":null},"fr24":{"flightId":null,"status":"DISABLED","firstTrackMovement":null,"summaryOut":null},"adsb":{"firstTrackMovement":null,"positionAgeSec":1,"groundspeedKt":0,"distanceFromParkedNm":0},"inbound":{"parkedPosition":{"lat":41.9786,"lon":-87.9048,"at":1790952600000},"selectedPush":null,"pushLatch":null,"taxiOutLatch":null,"finalPushUnix":null,"finalPushSource":null,"phaseStatePersistenceOnLoad":"ok"}}
[departure-telemetry] {
  callsignRequested: 'UA219',
  flightInstance: 'leg:v1:UAL219|2026-10-02|ORD|HNL',
  currentStage: 'origin_gate',
  pushLatched: false,
  taxiOutLatched: false,
  pushTimestamp: null,
  pushTimestampSource: null,
  firstDepartureMovement: false,
  rawTaxiHint: false,
  stageTaxiHint: false,
  taxiThresholdKt: 6,
  parkedObservedSec: 0,
  stationaryAtStand: true,
  awayFromPassengerGateArea: false,
  providerGateOut: { scheduled: 1790952900, estimated: null, actual: null },
  providerGateOutPublic: { scheduled: 1790952900, estimated: null, actual: null },
  groundspeedKt: 0,
  onGround: true,
  distanceFromParkedNm: 0,
  positionAgeSec: 1,
  positionSource: 'adsb'
}
[push-evidence] {"callsignRequested":"UA219","flightInstance":"leg:v1:UAL219|2026-10-02|ORD|HNL","flightaware":{"flightId":"UAL219-1790952900-schedule-0001","publicGateOut":{"scheduled":1790952900,"estimated":null,"actual":null},"aeroApiOut":null,"firstTrackMovement":null},"fr24":{"flightId":null,"status":"DISABLED","firstTrackMovement":null,"summaryOut":null},"adsb":{"firstTrackMovement":null,"positionAgeSec":1,"groundspeedKt":0,"distanceFromParkedNm":0},"inbound":{"parkedPosition":{"lat":41.9786,"lon":-87.9048,"at":1790952630000},"selectedPush":null,"pushLatch":null,"taxiOutLatch":null,"finalPushUnix":null,"finalPushSource":null,"phaseStatePersistenceOnLoad":"ok"}}
[departure-telemetry] {
  callsignRequested: 'UA219',
  flightInstance: 'leg:v1:UAL219|2026-10-02|ORD|HNL',
  currentStage: 'origin_gate',
  pushLatched: false,
  taxiOutLatched: false,
  pushTimestamp: null,
  pushTimestampSource: null,
  firstDepartureMovement: false,
  rawTaxiHint: false,
  stageTaxiHint: false,
  taxiThresholdKt: 6,
  parkedObservedSec: 0,
  stationaryAtStand: true,
  awayFromPassengerGateArea: false,
  providerGateOut: { scheduled: 1790952900, estimated: null, actual: null },
  providerGateOutPublic: { scheduled: 1790952900, estimated: null, actual: null },
  groundspeedKt: 0,
  onGround: true,
  distanceFromParkedNm: 0,
  positionAgeSec: 1,
  positionSource: 'adsb'
}
[push-evidence] {"callsignRequested":"UA219","flightInstance":"leg:v1:UAL219|2026-10-02|ORD|HNL","flightaware":{"flightId":"UAL219-1790952900-schedule-0001","publicGateOut":{"scheduled":1790952900,"estimated":null,"actual":null},"aeroApiOut":null,"firstTrackMovement":null},"fr24":{"flightId":null,"status":"DISABLED","firstTrackMovement":null,"summaryOut":null},"adsb":{"firstTrackMovement":null,"positionAgeSec":1,"groundspeedKt":0,"distanceFromParkedNm":0},"inbound":{"parkedPosition":{"lat":41.9786,"lon":-87.9048,"at":1790952660000},"selectedPush":null,"pushLatch":null,"taxiOutLatch":null,"finalPushUnix":null,"finalPushSource":null,"phaseStatePersistenceOnLoad":"ok"}}
[departure-telemetry] {
  callsignRequested: 'UA219',
  flightInstance: 'leg:v1:UAL219|2026-10-02|ORD|HNL',
  currentStage: 'origin_gate',
  pushLatched: false,
  taxiOutLatched: false,
  pushTimestamp: null,
  pushTimestampSource: null,
  firstDepartureMovement: false,
  rawTaxiHint: false,
  stageTaxiHint: false,
  taxiThresholdKt: 6,
  parkedObservedSec: 0,
  stationaryAtStand: true,
  awayFromPassengerGateArea: false,
  providerGateOut: { scheduled: 1790952900, estimated: null, actual: null },
  providerGateOutPublic: { scheduled: 1790952900, estimated: null, actual: null },
  groundspeedKt: 0,
  onGround: true,
  distanceFromParkedNm: 0,
  positionAgeSec: 1,
  positionSource: 'adsb'
}
[push-evidence] {"callsignRequested":"UA219","flightInstance":"leg:v1:UAL219|2026-10-02|ORD|HNL","flightaware":{"flightId":"UAL219-1790952900-schedule-0001","publicGateOut":{"scheduled":1790952900,"estimated":null,"actual":null},"aeroApiOut":null,"firstTrackMovement":null},"fr24":{"flightId":null,"status":"DISABLED","firstTrackMovement":null,"summaryOut":null},"adsb":{"firstTrackMovement":null,"positionAgeSec":1,"groundspeedKt":0,"distanceFromParkedNm":0},"inbound":{"parkedPosition":{"lat":41.9786,"lon":-87.9048,"at":1790952690000},"selectedPush":null,"pushLatch":null,"taxiOutLatch":null,"finalPushUnix":null,"finalPushSource":null,"phaseStatePersistenceOnLoad":"ok"}}
[departure-telemetry] {
  callsignRequested: 'UA219',
  flightInstance: 'leg:v1:UAL219|2026-10-02|ORD|HNL',
  currentStage: 'origin_gate',
  pushLatched: false,
  taxiOutLatched: false,
  pushTimestamp: null,
  pushTimestampSource: null,
  firstDepartureMovement: false,
  rawTaxiHint: false,
  stageTaxiHint: false,
  taxiThresholdKt: 6,
  parkedObservedSec: 0,
  stationaryAtStand: true,
  awayFromPassengerGateArea: false,
  providerGateOut: { scheduled: 1790952900, estimated: null, actual: null },
  providerGateOutPublic: { scheduled: 1790952900, estimated: null, actual: null },
  groundspeedKt: 0,
  onGround: true,
  distanceFromParkedNm: 0,
  positionAgeSec: 1,
  positionSource: 'adsb'
}
[push-evidence] {"callsignRequested":"UA219","flightInstance":"leg:v1:UAL219|2026-10-02|ORD|HNL","flightaware":{"flightId":"UAL219-1790952900-schedule-0001","publicGateOut":{"scheduled":1790952900,"estimated":null,"actual":null},"aeroApiOut":null,"firstTrackMovement":null},"fr24":{"flightId":null,"status":"DISABLED","firstTrackMovement":null,"summaryOut":null},"adsb":{"firstTrackMovement":null,"positionAgeSec":1,"groundspeedKt":0,"distanceFromParkedNm":0},"inbound":{"parkedPosition":{"lat":41.9786,"lon":-87.9048,"at":1790952720000},"selectedPush":null,"pushLatch":null,"taxiOutLatch":null,"finalPushUnix":null,"finalPushSource":null,"phaseStatePersistenceOnLoad":"ok"}}
[departure-telemetry] {
  callsignRequested: 'UA219',
  flightInstance: 'leg:v1:UAL219|2026-10-02|ORD|HNL',
  currentStage: 'origin_gate',
  pushLatched: false,
  taxiOutLatched: false,
  pushTimestamp: null,
  pushTimestampSource: null,
  firstDepartureMovement: false,
  rawTaxiHint: false,
  stageTaxiHint: false,
  taxiThresholdKt: 6,
  parkedObservedSec: 0,
  stationaryAtStand: true,
  awayFromPassengerGateArea: false,
  providerGateOut: { scheduled: 1790952900, estimated: null, actual: null },
  providerGateOutPublic: { scheduled: 1790952900, estimated: null, actual: null },
  groundspeedKt: 0,
  onGround: true,
  distanceFromParkedNm: 0,
  positionAgeSec: 1,
  positionSource: 'adsb'
}
[push-evidence] {"callsignRequested":"UA219","flightInstance":"leg:v1:UAL219|2026-10-02|ORD|HNL","flightaware":{"flightId":"UAL219-1790952900-schedule-0001","publicGateOut":{"scheduled":1790952900,"estimated":null,"actual":null},"aeroApiOut":null,"firstTrackMovement":null},"fr24":{"flightId":null,"status":"DISABLED","firstTrackMovement":null,"summaryOut":null},"adsb":{"firstTrackMovement":null,"positionAgeSec":1,"groundspeedKt":0,"distanceFromParkedNm":0},"inbound":{"parkedPosition":{"lat":41.9786,"lon":-87.9048,"at":1790952750000},"selectedPush":null,"pushLatch":null,"taxiOutLatch":null,"finalPushUnix":null,"finalPushSource":null,"phaseStatePersistenceOnLoad":"ok"}}
[departure-telemetry] {
  callsignRequested: 'UA219',
  flightInstance: 'leg:v1:UAL219|2026-10-02|ORD|HNL',
  currentStage: 'origin_gate',
  pushLatched: false,
  taxiOutLatched: false,
  pushTimestamp: null,
  pushTimestampSource: null,
  firstDepartureMovement: false,
  rawTaxiHint: false,
  stageTaxiHint: false,
  taxiThresholdKt: 6,
  parkedObservedSec: 0,
  stationaryAtStand: true,
  awayFromPassengerGateArea: false,
  providerGateOut: { scheduled: 1790952900, estimated: null, actual: null },
  providerGateOutPublic: { scheduled: 1790952900, estimated: null, actual: null },
  groundspeedKt: 0,
  onGround: true,
  distanceFromParkedNm: 0,
  positionAgeSec: 1,
  positionSource: 'adsb'
}
[push-evidence] {"callsignRequested":"UA219","flightInstance":"leg:v1:UAL219|2026-10-02|ORD|HNL","flightaware":{"flightId":"UAL219-1790952900-schedule-0001","publicGateOut":{"scheduled":1790952900,"estimated":null,"actual":null},"aeroApiOut":null,"firstTrackMovement":null},"fr24":{"flightId":null,"status":"DISABLED","firstTrackMovement":null,"summaryOut":null},"adsb":{"firstTrackMovement":null,"positionAgeSec":1,"groundspeedKt":0,"distanceFromParkedNm":0},"inbound":{"parkedPosition":{"lat":41.9786,"lon":-87.9048,"at":1790952780000},"selectedPush":null,"pushLatch":null,"taxiOutLatch":null,"finalPushUnix":null,"finalPushSource":null,"phaseStatePersistenceOnLoad":"ok"}}
[departure-telemetry] {
  callsignRequested: 'UA219',
  flightInstance: 'leg:v1:UAL219|2026-10-02|ORD|HNL',
  currentStage: 'origin_gate',
  pushLatched: false,
  taxiOutLatched: false,
  pushTimestamp: null,
  pushTimestampSource: null,
  firstDepartureMovement: false,
  rawTaxiHint: false,
  stageTaxiHint: false,
  taxiThresholdKt: 6,
  parkedObservedSec: 0,
  stationaryAtStand: true,
  awayFromPassengerGateArea: false,
  providerGateOut: { scheduled: 1790952900, estimated: null, actual: null },
  providerGateOutPublic: { scheduled: 1790952900, estimated: null, actual: null },
  groundspeedKt: 0,
  onGround: true,
  distanceFromParkedNm: 0,
  positionAgeSec: 1,
  positionSource: 'adsb'
}
[push-evidence] {"callsignRequested":"UA219","flightInstance":"leg:v1:UAL219|2026-10-02|ORD|HNL","flightaware":{"flightId":"UAL219-1790952900-schedule-0001","publicGateOut":{"scheduled":1790952900,"estimated":null,"actual":null},"aeroApiOut":null,"firstTrackMovement":null},"fr24":{"flightId":null,"status":"DISABLED","firstTrackMovement":null,"summaryOut":null},"adsb":{"firstTrackMovement":null,"positionAgeSec":1,"groundspeedKt":0,"distanceFromParkedNm":0},"inbound":{"parkedPosition":{"lat":41.9786,"lon":-87.9048,"at":1790952810000},"selectedPush":null,"pushLatch":null,"taxiOutLatch":null,"finalPushUnix":null,"finalPushSource":null,"phaseStatePersistenceOnLoad":"ok"}}
[departure-telemetry] {
  callsignRequested: 'UA219',
  flightInstance: 'leg:v1:UAL219|2026-10-02|ORD|HNL',
  currentStage: 'origin_gate',
  pushLatched: false,
  taxiOutLatched: false,
  pushTimestamp: null,
  pushTimestampSource: null,
  firstDepartureMovement: false,
  rawTaxiHint: false,
  stageTaxiHint: false,
  taxiThresholdKt: 6,
  parkedObservedSec: 0,
  stationaryAtStand: true,
  awayFromPassengerGateArea: false,
  providerGateOut: { scheduled: 1790952900, estimated: null, actual: null },
  providerGateOutPublic: { scheduled: 1790952900, estimated: null, actual: null },
  groundspeedKt: 0,
  onGround: true,
  distanceFromParkedNm: 0,
  positionAgeSec: 1,
  positionSource: 'adsb'
}
[push-evidence] {"callsignRequested":"UA219","flightInstance":"leg:v1:UAL219|2026-10-02|ORD|HNL","flightaware":{"flightId":"UAL219-1790952900-schedule-0001","publicGateOut":{"scheduled":1790952900,"estimated":null,"actual":null},"aeroApiOut":null,"firstTrackMovement":null},"fr24":{"flightId":null,"status":"DISABLED","firstTrackMovement":null,"summaryOut":null},"adsb":{"firstTrackMovement":null,"positionAgeSec":1,"groundspeedKt":0,"distanceFromParkedNm":0},"inbound":{"parkedPosition":{"lat":41.9786,"lon":-87.9048,"at":1790952840000},"selectedPush":null,"pushLatch":null,"taxiOutLatch":null,"finalPushUnix":null,"finalPushSource":null,"phaseStatePersistenceOnLoad":"ok"}}
[departure-telemetry] {
  callsignRequested: 'UA219',
  flightInstance: 'leg:v1:UAL219|2026-10-02|ORD|HNL',
  currentStage: 'origin_gate',
  pushLatched: false,
  taxiOutLatched: false,
  pushTimestamp: null,
  pushTimestampSource: null,
  firstDepartureMovement: false,
  rawTaxiHint: false,
  stageTaxiHint: false,
  taxiThresholdKt: 6,
  parkedObservedSec: 0,
  stationaryAtStand: true,
  awayFromPassengerGateArea: false,
  providerGateOut: { scheduled: 1790952900, estimated: null, actual: null },
  providerGateOutPublic: { scheduled: 1790952900, estimated: null, actual: null },
  groundspeedKt: 0,
  onGround: true,
  distanceFromParkedNm: 0,
  positionAgeSec: 1,
  positionSource: 'adsb'
}
[push-evidence] {"callsignRequested":"UA219","flightInstance":"leg:v1:UAL219|2026-10-02|ORD|HNL","flightaware":{"flightId":"UAL219-1790952900-schedule-0001","publicGateOut":{"scheduled":1790952900,"estimated":null,"actual":null},"aeroApiOut":null,"firstTrackMovement":null},"fr24":{"flightId":null,"status":"DISABLED","firstTrackMovement":null,"summaryOut":null},"adsb":{"firstTrackMovement":null,"positionAgeSec":1,"groundspeedKt":0,"distanceFromParkedNm":0},"inbound":{"parkedPosition":{"lat":41.9786,"lon":-87.9048,"at":1790952870000},"selectedPush":null,"pushLatch":null,"taxiOutLatch":null,"finalPushUnix":null,"finalPushSource":null,"phaseStatePersistenceOnLoad":"ok"}}
✔ cold airborne and at-gate polls save route state only when changed, once per poll (13618.494032ms)
[aeroapi] key unavailable; using public feed
[schedule-fallback-unavailable] {
  callsign: 'UAL219',
  reason: 'Current flight route unavailable: schedule provider returned HTTP 402 (unidentified response; host=www.flightaware.com; server=absent; type=absent; bodyChars=0; branding=unidentifi'
}
{"event":"fr24_upstream_request","timestamp":"2026-10-02T14:54:00.000Z","callsign":null,"registration":null,"endpoint":"/live/flight-positions/full","cache":"miss"}
{"event":"fr24_flight_number_match","requested":"UAL219","flightNumber":"UA219","flightId":"fixture-fr24-219","callsign":"UAL219"}
{"event":"fr24_live_leg_fallback","requested":"UAL219","flightId":"fixture-fr24-219","origin":"ORD","destination":"HNL"}
{"event":"canonical_leg_key_unavailable","reason":"missing_scheduled","requested":"UAL219","ident":"UAL219","origin":"ORD","destination":"HNL","scheduledDeparture":null,"serviceDate":null}
[departure-telemetry] {
  callsignRequested: 'UA219',
  flightInstance: 'leg:unvalidated:UAL219|ORD|HNL|2026-10-02',
  currentStage: 'origin_gate',
  pushLatched: false,
  taxiOutLatched: false,
  pushTimestamp: null,
  pushTimestampSource: null,
  firstDepartureMovement: false,
  rawTaxiHint: false,
  stageTaxiHint: false,
  taxiThresholdKt: 6,
  parkedObservedSec: 0,
  stationaryAtStand: true,
  awayFromPassengerGateArea: false,
  providerGateOut: { scheduled: null, estimated: null, actual: null },
  providerGateOutPublic: { scheduled: null, estimated: null, actual: null },
  groundspeedKt: 0,
  onGround: true,
  distanceFromParkedNm: 0,
  positionAgeSec: 0,
  positionSource: 'fr24'
}
[push-evidence] {"callsignRequested":"UA219","flightInstance":"leg:unvalidated:UAL219|ORD|HNL|2026-10-02","flightaware":{"flightId":"fixture-fr24-219","publicGateOut":{"scheduled":null,"estimated":null,"actual":null},"aeroApiOut":null,"firstTrackMovement":null},"fr24":{"flightId":"fixture-fr24-219","status":"ACTIVE","firstTrackMovement":null,"summaryOut":{"scheduled":null,"estimated":null,"actual":null}},"adsb":{"firstTrackMovement":null,"positionAgeSec":0,"groundspeedKt":0,"distanceFromParkedNm":0},"inbound":{"parkedPosition":{"lat":41.9786,"lon":-87.9048,"at":1790952840000},"selectedPush":null,"pushLatch":null,"taxiOutLatch":null,"finalPushUnix":null,"finalPushSource":null,"phaseStatePersistenceOnLoad":"ok"}}
[story-request] {"scheduleSource":"fr24_live","fallbackOutcome":"fr24_used","cacheStatus":"miss","event":"story_request","requested":"UA219","fresh":true,"durationMs":178,"outcome":"ok","errorCategory":null}
[schedule-fallback-unavailable] {
  callsign: 'UAL219',
  reason: 'Current flight route unavailable: schedule provider returned HTTP 402 (unidentified response; host=www.flightaware.com; server=absent; type=absent; bodyChars=0; branding=unidentifi'
}
{"event":"fr24_upstream_request","timestamp":"2026-10-02T14:54:10.000Z","callsign":null,"registration":null,"endpoint":"/live/flight-positions/full","cache":"miss"}
{"event":"fr24_live_leg_fallback","requested":"UAL219","flightId":"fixture-fr24-219","origin":"ORD","destination":"HNL"}
{"event":"canonical_leg_key_unavailable","reason":"missing_scheduled","requested":"UAL219","ident":"UAL219","origin":"ORD","destination":"HNL","scheduledDeparture":null,"serviceDate":null}
[departure-telemetry] {
  callsignRequested: 'UA219',
  flightInstance: 'leg:unvalidated:UAL219|ORD|HNL|2026-10-02',
  currentStage: 'push',
  pushLatched: true,
  taxiOutLatched: false,
  pushTimestamp: 1790952850,
  pushTimestampSource: 'live_detected',
  firstDepartureMovement: true,
  rawTaxiHint: false,
  stageTaxiHint: false,
  taxiThresholdKt: 6,
  parkedObservedSec: 10,
  stationaryAtStand: false,
  awayFromPassengerGateArea: false,
  providerGateOut: { scheduled: null, estimated: null, actual: null },
  providerGateOutPublic: { scheduled: null, estimated: null, actual: null },
  groundspeedKt: 4,
  onGround: true,
  distanceFromParkedNm: 0.05356051193641675,
  positionAgeSec: 0,
  positionSource: 'fr24'
}
[push-evidence] {"callsignRequested":"UA219","flightInstance":"leg:unvalidated:UAL219|ORD|HNL|2026-10-02","flightaware":{"flightId":"fixture-fr24-219","publicGateOut":{"scheduled":null,"estimated":null,"actual":null},"aeroApiOut":null,"firstTrackMovement":null},"fr24":{"flightId":"fixture-fr24-219","status":"ACTIVE","firstTrackMovement":null,"summaryOut":{"scheduled":null,"estimated":null,"actual":null}},"adsb":{"firstTrackMovement":null,"positionAgeSec":0,"groundspeedKt":4,"distanceFromParkedNm":0.05356051193641675},"inbound":{"parkedPosition":{"lat":41.9786,"lon":-87.9048,"at":1790952840000},"selectedPush":null,"pushLatch":{"unix":1790952850,"source":"live_detected","live":true,"at":1790952850},"taxiOutLatch":null,"finalPushUnix":1790952850,"finalPushSource":"live_detected","phaseStatePersistenceOnLoad":"ok"}}
[story-request] {"scheduleSource":"fr24_live","fallbackOutcome":"fr24_used","cacheStatus":"miss","event":"story_request","requested":"UA219","fresh":true,"durationMs":88,"outcome":"ok","errorCategory":null}
[aeroapi] key unavailable; using public feed
[schedule-fallback-unavailable] {
  callsign: 'UAL219',
  reason: 'Current flight route unavailable: schedule provider returned HTTP 402 (unidentified response; host=www.flightaware.com; server=absent; type=absent; bodyChars=0; branding=unidentifi'
}
{"event":"fr24_upstream_request","timestamp":"2026-10-02T14:54:20.000Z","callsign":null,"registration":null,"endpoint":"/live/flight-positions/full","cache":"miss"}
{"event":"fr24_flight_number_match","requested":"UAL219","flightNumber":"UA219","flightId":"fixture-fr24-219","callsign":"UAL219"}
{"event":"fr24_live_leg_fallback","requested":"UAL219","flightId":"fixture-fr24-219","origin":"ORD","destination":"HNL"}
{"event":"canonical_leg_key_unavailable","reason":"missing_scheduled","requested":"UAL219","ident":"UAL219","origin":"ORD","destination":"HNL","scheduledDeparture":null,"serviceDate":null}
[departure-telemetry] {
  callsignRequested: 'UA219',
  flightInstance: 'leg:unvalidated:UAL219|ORD|HNL|2026-10-02',
  currentStage: 'taxi',
  pushLatched: true,
  taxiOutLatched: true,
  pushTimestamp: 1790952850,
  pushTimestampSource: 'live_detected',
  firstDepartureMovement: false,
  rawTaxiHint: true,
  stageTaxiHint: true,
  taxiThresholdKt: 6,
  parkedObservedSec: 0,
  stationaryAtStand: false,
  awayFromPassengerGateArea: false,
  providerGateOut: { scheduled: null, estimated: null, actual: null },
  providerGateOutPublic: { scheduled: null, estimated: null, actual: null },
  groundspeedKt: 15,
  onGround: true,
  distanceFromParkedNm: null,
  positionAgeSec: 0,
  positionSource: 'fr24'
}
[push-evidence] {"callsignRequested":"UA219","flightInstance":"leg:unvalidated:UAL219|ORD|HNL|2026-10-02","flightaware":{"flightId":"fixture-fr24-219","publicGateOut":{"scheduled":null,"estimated":null,"actual":null},"aeroApiOut":null,"firstTrackMovement":null},"fr24":{"flightId":"fixture-fr24-219","status":"ACTIVE","firstTrackMovement":null,"summaryOut":{"scheduled":null,"estimated":null,"actual":null}},"adsb":{"firstTrackMovement":null,"positionAgeSec":0,"groundspeedKt":15,"distanceFromParkedNm":null},"inbound":{"parkedPosition":null,"selectedPush":null,"pushLatch":{"unix":1790952850,"source":"live_detected","live":true,"at":1790952860},"taxiOutLatch":{"at":1790952860},"finalPushUnix":1790952850,"finalPushSource":"live_detected","phaseStatePersistenceOnLoad":"ok"}}
[story-request] {"scheduleSource":"fr24_live","fallbackOutcome":"fr24_used","cacheStatus":"miss","event":"story_request","requested":"UA219","fresh":true,"durationMs":56,"outcome":"ok","errorCategory":null}
[aeroapi] key unavailable; using public feed
[schedule-fallback-unavailable] {
  callsign: 'UAL219',
  reason: 'Current flight route unavailable: schedule provider returned HTTP 402 (unidentified response; host=www.flightaware.com; server=absent; type=absent; bodyChars=0; branding=unidentifi'
}
{"event":"fr24_upstream_request","timestamp":"2026-10-02T14:54:20.000Z","callsign":null,"registration":null,"endpoint":"/live/flight-positions/full","cache":"miss"}
{"event":"fr24_flight_number_match","requested":"UAL219","flightNumber":"UA219","flightId":"fixture-fr24-219","callsign":"UAL219"}
{"event":"fr24_live_leg_fallback","requested":"UAL219","flightId":"fixture-fr24-219","origin":"ORD","destination":"HNL"}
{"event":"canonical_leg_key_unavailable","reason":"missing_scheduled","requested":"UAL219","ident":"UAL219","origin":"ORD","destination":"HNL","scheduledDeparture":null,"serviceDate":null}
[departure-telemetry] {
  callsignRequested: 'UA219',
  flightInstance: 'leg:unvalidated:UAL219|ORD|HNL|2026-10-02',
  currentStage: 'taxi',
  pushLatched: true,
  taxiOutLatched: true,
  pushTimestamp: 1790952850,
  pushTimestampSource: 'live_detected',
  firstDepartureMovement: false,
  rawTaxiHint: true,
  stageTaxiHint: true,
  taxiThresholdKt: 6,
  parkedObservedSec: 0,
  stationaryAtStand: false,
  awayFromPassengerGateArea: false,
  providerGateOut: { scheduled: null, estimated: null, actual: null },
  providerGateOutPublic: { scheduled: null, estimated: null, actual: null },
  groundspeedKt: 15,
  onGround: true,
  distanceFromParkedNm: null,
  positionAgeSec: 0,
  positionSource: 'fr24'
}
[push-evidence] {"callsignRequested":"UA219","flightInstance":"leg:unvalidated:UAL219|ORD|HNL|2026-10-02","flightaware":{"flightId":"fixture-fr24-219","publicGateOut":{"scheduled":null,"estimated":null,"actual":null},"aeroApiOut":null,"firstTrackMovement":null},"fr24":{"flightId":"fixture-fr24-219","status":"ACTIVE","firstTrackMovement":null,"summaryOut":{"scheduled":null,"estimated":null,"actual":null}},"adsb":{"firstTrackMovement":null,"positionAgeSec":0,"groundspeedKt":15,"distanceFromParkedNm":null},"inbound":{"parkedPosition":null,"selectedPush":null,"pushLatch":{"unix":1790952850,"source":"live_detected","live":true,"at":1790952860},"taxiOutLatch":{"at":1790952860},"finalPushUnix":1790952850,"finalPushSource":"live_detected","phaseStatePersistenceOnLoad":"ok"}}
[story-request] {"scheduleSource":"fr24_live","fallbackOutcome":"fr24_used","cacheStatus":"miss","event":"story_request","requested":"UA219","fresh":true,"durationMs":87,"outcome":"ok","errorCategory":null}
{"event":"fr24_upstream_request","timestamp":"2026-10-02T14:55:30.000Z","callsign":null,"registration":null,"endpoint":"/live/flight-positions/full","cache":"miss"}
{"event":"fr24_flight_number_match","requested":"UAL219","flightNumber":"UA219","flightId":"fixture-fr24-219","callsign":"UAL219"}
[departure-telemetry] {
  callsignRequested: 'UA219',
  flightInstance: 'leg:v1:UAL219|2026-10-02|ORD|HNL',
  currentStage: 'taxi',
  pushLatched: true,
  taxiOutLatched: true,
  pushTimestamp: 1790952850,
  pushTimestampSource: 'live_detected',
  firstDepartureMovement: false,
  rawTaxiHint: true,
  stageTaxiHint: true,
  taxiThresholdKt: 6,
  parkedObservedSec: 0,
  stationaryAtStand: false,
  awayFromPassengerGateArea: false,
  providerGateOut: { scheduled: 1790952900, estimated: null, actual: null },
  providerGateOutPublic: { scheduled: 1790952900, estimated: null, actual: null },
  groundspeedKt: 15,
  onGround: true,
  distanceFromParkedNm: null,
  positionAgeSec: 0,
  positionSource: 'fr24'
}
[push-evidence] {"callsignRequested":"UA219","flightInstance":"leg:v1:UAL219|2026-10-02|ORD|HNL","flightaware":{"flightId":"UAL219-1790952900-schedule-0001","publicGateOut":{"scheduled":1790952900,"estimated":null,"actual":null},"aeroApiOut":null,"firstTrackMovement":null},"fr24":{"flightId":"fixture-fr24-219","status":"ACTIVE","firstTrackMovement":null,"summaryOut":{"scheduled":null,"estimated":null,"actual":null}},"adsb":{"firstTrackMovement":null,"positionAgeSec":0,"groundspeedKt":15,"distanceFromParkedNm":null},"inbound":{"parkedPosition":null,"selectedPush":null,"pushLatch":{"unix":1790952850,"source":"live_detected","live":true,"at":1790952930},"taxiOutLatch":{"at":1790952930},"finalPushUnix":1790952850,"finalPushSource":"live_detected","phaseStatePersistenceOnLoad":"ok"}}
[story-request] {"scheduleSource":"flightaware_public","fallbackOutcome":"not_needed","cacheStatus":"miss","event":"story_request","requested":"UA219","fresh":true,"durationMs":64,"outcome":"ok","errorCategory":null}
[flightstats-schedule] {
  callsign: 'UAL219',
  date: '2026-10-02',
  origin: 'ORD',
  destination: 'HNL',
  status: 'departed',
  gateOut: 1790955180,
  gateIn: 1790987280,
  candidates: 1
}
{"event":"fr24_upstream_request","timestamp":"2026-10-02T14:55:40.000Z","callsign":null,"registration":null,"endpoint":"/live/flight-positions/full","cache":"miss"}
{"event":"fr24_flight_number_match","requested":"UAL219","flightNumber":"UA219","flightId":"fixture-fr24-219","callsign":"UAL219"}
[departure-telemetry] {
  callsignRequested: 'UA219',
  flightInstance: 'leg:v1:UAL219|2026-10-02|ORD|HNL',
  currentStage: 'taxi',
  pushLatched: true,
  taxiOutLatched: true,
  pushTimestamp: 1790952850,
  pushTimestampSource: 'live_detected',
  firstDepartureMovement: false,
  rawTaxiHint: true,
  stageTaxiHint: true,
  taxiThresholdKt: 6,
  parkedObservedSec: 0,
  stationaryAtStand: false,
  awayFromPassengerGateArea: false,
  providerGateOut: { scheduled: 1790954100, estimated: null, actual: 1790955180 },
  providerGateOutPublic: { scheduled: 1790954100, estimated: null, actual: 1790955180 },
  groundspeedKt: 15,
  onGround: true,
  distanceFromParkedNm: null,
  positionAgeSec: 0,
  positionSource: 'fr24'
}
[push-evidence] {"callsignRequested":"UA219","flightInstance":"leg:v1:UAL219|2026-10-02|ORD|HNL","flightaware":{"flightId":null,"publicGateOut":{"scheduled":1790954100,"estimated":null,"actual":1790955180},"aeroApiOut":null,"firstTrackMovement":null},"fr24":{"flightId":"fixture-fr24-219","status":"ACTIVE","firstTrackMovement":null,"summaryOut":{"scheduled":null,"estimated":null,"actual":null}},"adsb":{"firstTrackMovement":null,"positionAgeSec":0,"groundspeedKt":15,"distanceFromParkedNm":null},"inbound":{"parkedPosition":null,"selectedPush":null,"pushLatch":{"unix":1790952850,"source":"live_detected","live":true,"at":1790952940},"taxiOutLatch":{"at":1790952940},"finalPushUnix":1790952850,"finalPushSource":"live_detected","phaseStatePersistenceOnLoad":"ok"}}
[story-request] {"scheduleSource":"flightstats_public","fallbackOutcome":"flightstats_used","cacheStatus":"miss","event":"story_request","requested":"UA219","fresh":true,"durationMs":27,"outcome":"ok","errorCategory":null}
{"event":"fr24_upstream_request","timestamp":"2026-10-02T14:56:50.000Z","callsign":null,"registration":null,"endpoint":"/live/flight-positions/full","cache":"miss"}
[departure-telemetry] {
  callsignRequested: 'UA219',
  flightInstance: 'leg:v1:UAL219|2026-10-02|ORD|HNL',
  currentStage: 'taxi',
  pushLatched: true,
  taxiOutLatched: true,
  pushTimestamp: 1790952850,
  pushTimestampSource: 'live_detected',
  firstDepartureMovement: false,
  rawTaxiHint: true,
  stageTaxiHint: true,
  taxiThresholdKt: 6,
  parkedObservedSec: 0,
  stationaryAtStand: false,
  awayFromPassengerGateArea: false,
  providerGateOut: { scheduled: 1790952900, estimated: null, actual: null },
  providerGateOutPublic: { scheduled: 1790952900, estimated: null, actual: null },
  groundspeedKt: 15,
  onGround: true,
  distanceFromParkedNm: null,
  positionAgeSec: 0,
  positionSource: 'fr24'
}
[push-evidence] {"callsignRequested":"UA219","flightInstance":"leg:v1:UAL219|2026-10-02|ORD|HNL","flightaware":{"flightId":"UAL219-1790952900-schedule-0001","publicGateOut":{"scheduled":1790952900,"estimated":null,"actual":null},"aeroApiOut":null,"firstTrackMovement":null},"fr24":{"flightId":"fixture-fr24-219","status":"ACTIVE","firstTrackMovement":null,"summaryOut":{"scheduled":null,"estimated":null,"actual":null}},"adsb":{"firstTrackMovement":null,"positionAgeSec":0,"groundspeedKt":15,"distanceFromParkedNm":null},"inbound":{"parkedPosition":null,"selectedPush":null,"pushLatch":{"unix":1790952850,"source":"live_detected","live":true,"at":1790953010},"taxiOutLatch":{"at":1790953010},"finalPushUnix":1790952850,"finalPushSource":"live_detected","phaseStatePersistenceOnLoad":"ok"}}
[story-request] {"scheduleSource":"flightaware_public","fallbackOutcome":"not_needed","cacheStatus":"miss","event":"story_request","requested":"UA219","fresh":true,"durationMs":25,"outcome":"ok","errorCategory":null}
✔ FR24-only no schedule: cold taxi stories have null originals and no Scheduled rows in all five views (6165.915598ms)
✔ FR24 estimated/actual-only timestamps never seed original schedules (8.262344ms)
✔ late join uses the true reference kind; no reference or an existing taxi checkpoint keeps the detection (3.929925ms)
✔ push sanitization uses schedule or explicit estimate without promoting kinds; no reference retains even a future detection (1.924364ms)
✔ legacy resume scheduled stamps require an explicit scheduled kind and never trust contaminated originals (3.371752ms)
✔ real schedule memory survives provider-ID/fallback/back and partial stamps; eight-hour slip never promotes an estimate (7.220547ms)
✔ original memories isolate different-day and different-route legs (0.35928ms)
✔ client schedule and briefing keys plus baggage/history dates are stable before/after original clearing (3.806404ms)
✔ existing saved briefing history is retained when the dated state key becomes the primary key (1.279115ms)
✔ preview: a successful sign-out clears the token, then redirects (2.700613ms)
✔ preview: a rejected sign-out still clears the token and redirects (0.666855ms)
✔ preview: a sign-out that throws synchronously still clears and redirects (0.367566ms)
✔ preview: a sign-out that never settles clears and redirects once the wait expires (11.595799ms)
✔ preview: no bearer means nothing to invalidate, so no request is made (0.518431ms)
✔ preview: a stored bearer is still invalidated server-side (0.220542ms)
✔ deployed: a confirmed sign-out clears the token, then redirects (0.298016ms)
✔ deployed: a sign-out that never settles throws and does NOT redirect (21.30135ms)
✔ deployed: a rejected sign-out throws and does NOT redirect (0.682143ms)
✔ deployed: the timeout is distinguishable from a rejection (20.615558ms)
✔ settleWithin reports the outcome and never rejects (20.073929ms)
✔ settleWithin waits its full window, then gives up rather than hanging (0.855147ms)
✔ pre-sign-in: the preview clear gives up at the preview bound (0.892121ms)
✔ pre-sign-in: a deployed session gets the deployed window, not the preview one (1.048795ms)
✔ pre-sign-in: a failed clear never blocks sign-in (0.501442ms)
✔ pre-sign-in: the preview skips the request when there is no bearer (0.167987ms)
✔ every sign-out bound comes from one rule (0.244807ms)
✔ the defaults are bounded, and deployed waits longer than preview (0.464948ms)
✔ observed airborne without a clock shows approximate elapsed and nonzero distance, keeping actual Takeoff empty (804.910932ms)
✔ taxiing movement and a taxi hold use the same direct Taxiing out label (15.134221ms)
✔ UA219 oceanic gap retains a provider ETA and labels it estimated, never a reset route ETA (3.48907ms)
✔ DL4820 surface takeoff roll activates Taxi, then confirmed airborne activates Flight without a takeoff clock (5.173682ms)
✔ wrappers and display retain the floor with missing, expired, or conflicting surface fixes, no provider requests (534.601552ms)
✔ resume preserves confirmed actual without upgrading estimates, strips ground checkpoint, validates exact date/route key (8.140578ms)
✔ previous server evidence carries only the same dated key through a DB outage response (0.366819ms)
✔ server revocation prevents a prior provider story or resume from reapplying the floor; observed proof survives (1.416264ms)
[aeroapi] key unavailable; using public feed
[flight-telemetry] {
  callsignRequested: 'UA219',
  callsign: 'UAL219',
  registration: 'N219UA',
  hex: 'a21900',
  destination: { iata: 'HNL', icao: 'PHNL', lat: 21.3187, lon: -157.9225 },
  livePosition: { lat: 24.95, lon: -153.1667 },
  altitudeFt: 36000,
  groundspeedKt: 462,
  onGround: false,
  track: 237,
  verticalRateFpm: null,
  phase: 'cruise',
  headingToDestinationDelta: 5.74751028259675,
  isFinalApproach: false,
  routeRemainingNm: 343.7217891419603,
  directToDestNm: 341.23417427770994,
  remainingNm: 343.7217891419603,
  etaMin: 47.469266664981845,
  currentStage: 'ride',
  arrivalStatus: 'airborne',
  ourLanded: false,
  positionProvider: 'flightaware-public',
  positionSeenAt: 1790983588,
  positionAgeSec: 63.84400010108948,
  flightawarePosition: null,
  fr24Position: null,
  adsbPosition: null,
  providerStatus: { flightaware: 'DISABLED', fr24: 'DISABLED' },
  providerEta: { flightaware: null, fr24: null },
  providerDistancesNm: {
    flightawareToFr24: null,
    flightawareToAdsb: null,
    fr24ToAdsb: null
  },
  fusionDisagreementNm: null,
  filedRouteDeviationNm: 45.04414723586649,
  displayPathSource: 'direct'
}
[story-request] {"scheduleSource":"flightaware_public","fallbackOutcome":"not_needed","cacheStatus":"miss","event":"story_request","requested":"UA219","fresh":true,"durationMs":102,"outcome":"ok","errorCategory":null}
[aeroapi] key unavailable; using public feed
[flightstats-schedule] {
  callsign: 'UAL219',
  date: '2026-10-02',
  origin: 'ORD',
  destination: 'HNL',
  status: 'departed',
  gateOut: 1790955180,
  gateIn: 1790987280,
  candidates: 1
}
[story-request] {"scheduleSource":"flightstats_public","fallbackOutcome":"flightstats_used","cacheStatus":"miss","event":"story_request","requested":"UA219","fresh":true,"durationMs":66,"outcome":"ok","errorCategory":null}
[aeroapi] key unavailable; using public feed
[flightstats-schedule] {
  callsign: 'UAL219',
  date: '2026-10-02',
  origin: 'ORD',
  destination: 'HNL',
  status: 'departed',
  gateOut: 1790955180,
  gateIn: 1790987280,
  candidates: 1
}
[story-request] {"scheduleSource":"flightstats_public","fallbackOutcome":"flightstats_used","cacheStatus":"miss","event":"story_request","requested":"UA219","fresh":true,"durationMs":57,"outcome":"ok","errorCategory":null}
[aeroapi] key unavailable; using public feed
[flightstats-schedule] {
  callsign: 'UAL219',
  date: '2026-10-02',
  origin: 'ORD',
  destination: 'HNL',
  status: 'departed',
  gateOut: 1790955180,
  gateIn: 1790987280,
  candidates: 1
}
[story-request] {"scheduleSource":"flightstats_public","fallbackOutcome":"flightstats_used","cacheStatus":"miss","event":"story_request","requested":"UA219","fresh":true,"durationMs":55,"outcome":"ok","errorCategory":null}
[aeroapi] key unavailable; using public feed
[flight-telemetry] {
  callsignRequested: 'UA219',
  callsign: 'UAL219',
  registration: 'N219UA',
  hex: 'a21900',
  destination: { iata: 'HNL', icao: 'PHNL', lat: 21.3187, lon: -157.9225 },
  livePosition: null,
  altitudeFt: null,
  groundspeedKt: null,
  onGround: null,
  track: null,
  verticalRateFpm: null,
  phase: null,
  headingToDestinationDelta: null,
  isFinalApproach: false,
  routeRemainingNm: 343.7217891419603,
  directToDestNm: null,
  remainingNm: 343.7217891419603,
  etaMin: 49.103112734565755,
  currentStage: 'ride',
  arrivalStatus: 'airborne',
  ourLanded: false,
  positionProvider: 'fallback',
  positionSeenAt: null,
  positionAgeSec: null,
  flightawarePosition: null,
  fr24Position: null,
  adsbPosition: null,
  providerStatus: { flightaware: 'DISABLED', fr24: 'DISABLED' },
  providerEta: { flightaware: null, fr24: null },
  providerDistancesNm: {
    flightawareToFr24: null,
    flightawareToAdsb: null,
    fr24ToAdsb: null
  },
  fusionDisagreementNm: null,
  filedRouteDeviationNm: null,
  displayPathSource: 'direct'
}
[story-request] {"scheduleSource":"flightaware_public","fallbackOutcome":"not_needed","cacheStatus":"miss","event":"story_request","requested":"UA219","fresh":true,"durationMs":59,"outcome":"ok","errorCategory":null}
[flightstats-schedule] {
  callsign: 'UAL219',
  date: '2026-10-02',
  origin: 'ORD',
  destination: 'HNL',
  status: 'departed',
  gateOut: 1790955180,
  gateIn: 1790987280,
  candidates: 1
}
[flight-phase-state] load failed Error: fixture DB unavailable
    at pg.query (file:///workspace/scratch/83746901af9a/inbound-route-enrichment/scripts/takeoff-floor-replay.test.mjs:110:49)
    at file:///workspace/scratch/edf34a5d3bf1/inbound/node_modules/.takeoff-replay-Zc2kEG/story.mjs?instance=5:2809:20
    at sql (file:///workspace/scratch/edf34a5d3bf1/inbound/node_modules/.takeoff-replay-Zc2kEG/story.mjs?instance=5:2755:10)
    at read (file:///workspace/scratch/edf34a5d3bf1/inbound/node_modules/.takeoff-replay-Zc2kEG/story.mjs?instance=5:2875:51)
    at async load (file:///workspace/scratch/edf34a5d3bf1/inbound/node_modules/.takeoff-replay-Zc2kEG/story.mjs?instance=5:2913:18)
    at async buildStory (file:///workspace/scratch/edf34a5d3bf1/inbound/node_modules/.takeoff-replay-Zc2kEG/story.mjs?instance=5:10272:22)
    at async loadFlightStoryCore (file:///workspace/scratch/edf34a5d3bf1/inbound/node_modules/.takeoff-replay-Zc2kEG/story.mjs?instance=5:11679:11)
    at async file:///workspace/scratch/edf34a5d3bf1/inbound/node_modules/.takeoff-replay-Zc2kEG/story.mjs?instance=5:2633:19
    at async TestContext.<anonymous> (file:///workspace/scratch/83746901af9a/inbound-route-enrichment/scripts/takeoff-floor-replay.test.mjs:114:26)
    at async Test.run (node:internal/test_runner/test:1389:7)
[flight-phase-state] save failed Error: fixture DB unavailable
    at pg.query (file:///workspace/scratch/83746901af9a/inbound-route-enrichment/scripts/takeoff-floor-replay.test.mjs:110:49)
    at file:///workspace/scratch/edf34a5d3bf1/inbound/node_modules/.takeoff-replay-Zc2kEG/story.mjs?instance=5:2809:20
    at sql (file:///workspace/scratch/edf34a5d3bf1/inbound/node_modules/.takeoff-replay-Zc2kEG/story.mjs?instance=5:2755:10)
    at read (file:///workspace/scratch/edf34a5d3bf1/inbound/node_modules/.takeoff-replay-Zc2kEG/story.mjs?instance=5:2875:51)
    at async save (file:///workspace/scratch/edf34a5d3bf1/inbound/node_modules/.takeoff-replay-Zc2kEG/story.mjs?instance=5:2892:52)
    at async buildStory (file:///workspace/scratch/edf34a5d3bf1/inbound/node_modules/.takeoff-replay-Zc2kEG/story.mjs?instance=5:11264:22)
    at async loadFlightStoryCore (file:///workspace/scratch/edf34a5d3bf1/inbound/node_modules/.takeoff-replay-Zc2kEG/story.mjs?instance=5:11679:11)
    at async file:///workspace/scratch/edf34a5d3bf1/inbound/node_modules/.takeoff-replay-Zc2kEG/story.mjs?instance=5:2633:19
    at async TestContext.<anonymous> (file:///workspace/scratch/83746901af9a/inbound-route-enrichment/scripts/takeoff-floor-replay.test.mjs:114:26)
    at async Test.run (node:internal/test_runner/test:1389:7)
[story-request] {"scheduleSource":"flightstats_public","fallbackOutcome":"flightstats_used","cacheStatus":"miss","event":"story_request","requested":"UA219","fresh":true,"durationMs":30,"outcome":"ok","errorCategory":null}
[aeroapi] key unavailable; using public feed
[flightstats-schedule] {
  callsign: 'UAL219',
  date: '2026-10-02',
  origin: 'ORD',
  destination: 'HNL',
  status: 'departed',
  gateOut: 1790955180,
  gateIn: 1790987280,
  candidates: 1
}
[flight-phase-state] load failed Error: fixture DB unavailable
    at pg.query (file:///workspace/scratch/83746901af9a/inbound-route-enrichment/scripts/takeoff-floor-replay.test.mjs:110:49)
    at file:///workspace/scratch/edf34a5d3bf1/inbound/node_modules/.takeoff-replay-Zc2kEG/story.mjs?instance=6:2809:20
    at sql (file:///workspace/scratch/edf34a5d3bf1/inbound/node_modules/.takeoff-replay-Zc2kEG/story.mjs?instance=6:2755:10)
    at read (file:///workspace/scratch/edf34a5d3bf1/inbound/node_modules/.takeoff-replay-Zc2kEG/story.mjs?instance=6:2875:51)
    at async load (file:///workspace/scratch/edf34a5d3bf1/inbound/node_modules/.takeoff-replay-Zc2kEG/story.mjs?instance=6:2913:18)
    at async buildStory (file:///workspace/scratch/edf34a5d3bf1/inbound/node_modules/.takeoff-replay-Zc2kEG/story.mjs?instance=6:10272:22)
    at async loadFlightStoryCore (file:///workspace/scratch/edf34a5d3bf1/inbound/node_modules/.takeoff-replay-Zc2kEG/story.mjs?instance=6:11679:11)
    at async file:///workspace/scratch/edf34a5d3bf1/inbound/node_modules/.takeoff-replay-Zc2kEG/story.mjs?instance=6:2633:19
    at async TestContext.<anonymous> (file:///workspace/scratch/83746901af9a/inbound-route-enrichment/scripts/takeoff-floor-replay.test.mjs:116:26)
    at async Test.run (node:internal/test_runner/test:1389:7)
[flight-phase-state] save failed Error: fixture DB unavailable
    at pg.query (file:///workspace/scratch/83746901af9a/inbound-route-enrichment/scripts/takeoff-floor-replay.test.mjs:110:49)
    at file:///workspace/scratch/edf34a5d3bf1/inbound/node_modules/.takeoff-replay-Zc2kEG/story.mjs?instance=6:2809:20
    at sql (file:///workspace/scratch/edf34a5d3bf1/inbound/node_modules/.takeoff-replay-Zc2kEG/story.mjs?instance=6:2755:10)
    at read (file:///workspace/scratch/edf34a5d3bf1/inbound/node_modules/.takeoff-replay-Zc2kEG/story.mjs?instance=6:2875:51)
    at async save (file:///workspace/scratch/edf34a5d3bf1/inbound/node_modules/.takeoff-replay-Zc2kEG/story.mjs?instance=6:2892:52)
    at async buildStory (file:///workspace/scratch/edf34a5d3bf1/inbound/node_modules/.takeoff-replay-Zc2kEG/story.mjs?instance=6:11264:22)
    at async loadFlightStoryCore (file:///workspace/scratch/edf34a5d3bf1/inbound/node_modules/.takeoff-replay-Zc2kEG/story.mjs?instance=6:11679:11)
    at async file:///workspace/scratch/edf34a5d3bf1/inbound/node_modules/.takeoff-replay-Zc2kEG/story.mjs?instance=6:2633:19
    at async TestContext.<anonymous> (file:///workspace/scratch/83746901af9a/inbound-route-enrichment/scripts/takeoff-floor-replay.test.mjs:116:26)
    at async Test.run (node:internal/test_runner/test:1389:7)
[departure-telemetry] {
  callsignRequested: 'UA219',
  flightInstance: 'leg:v1:UAL219|2026-10-02|ORD|HNL',
  currentStage: 'push',
  pushLatched: true,
  taxiOutLatched: false,
  pushTimestamp: 1790955180,
  pushTimestampSource: 'provider_actual',
  firstDepartureMovement: false,
  rawTaxiHint: false,
  stageTaxiHint: false,
  taxiThresholdKt: 6,
  parkedObservedSec: 0,
  stationaryAtStand: false,
  awayFromPassengerGateArea: false,
  providerGateOut: { scheduled: 1790954100, estimated: null, actual: 1790955180 },
  providerGateOutPublic: { scheduled: 1790954100, estimated: null, actual: 1790955180 },
  groundspeedKt: null,
  onGround: null,
  distanceFromParkedNm: null,
  positionAgeSec: null,
  positionSource: 'fallback'
}
[push-evidence] {"callsignRequested":"UA219","flightInstance":"leg:v1:UAL219|2026-10-02|ORD|HNL","flightaware":{"flightId":null,"publicGateOut":{"scheduled":1790954100,"estimated":null,"actual":1790955180},"aeroApiOut":null,"firstTrackMovement":null},"fr24":{"flightId":null,"status":"DISABLED","firstTrackMovement":null,"summaryOut":null},"adsb":{"firstTrackMovement":null,"positionAgeSec":null,"groundspeedKt":null,"distanceFromParkedNm":null},"inbound":{"parkedPosition":null,"selectedPush":{"unix":1790955180,"source":"provider_actual","evidence":null},"pushLatch":{"unix":1790955180,"source":"provider_actual","live":true,"at":1790994471.415},"taxiOutLatch":null,"finalPushUnix":1790955180,"finalPushSource":"provider_actual","phaseStatePersistenceOnLoad":"read_failed"}}
[story-request] {"scheduleSource":"flightstats_public","fallbackOutcome":"flightstats_used","cacheStatus":"miss","event":"story_request","requested":"UA219","fresh":true,"durationMs":47,"outcome":"ok","errorCategory":null}
[aeroapi] key unavailable; using public feed
[flight-phase-state] load failed Error: fixture DB unavailable
    at pg.query (file:///workspace/scratch/83746901af9a/inbound-route-enrichment/scripts/takeoff-floor-replay.test.mjs:110:49)
    at file:///workspace/scratch/edf34a5d3bf1/inbound/node_modules/.takeoff-replay-Zc2kEG/story.mjs?instance=7:2809:20
    at sql (file:///workspace/scratch/edf34a5d3bf1/inbound/node_modules/.takeoff-replay-Zc2kEG/story.mjs?instance=7:2755:10)
    at read (file:///workspace/scratch/edf34a5d3bf1/inbound/node_modules/.takeoff-replay-Zc2kEG/story.mjs?instance=7:2875:51)
    at async load (file:///workspace/scratch/edf34a5d3bf1/inbound/node_modules/.takeoff-replay-Zc2kEG/story.mjs?instance=7:2913:18)
    at async buildStory (file:///workspace/scratch/edf34a5d3bf1/inbound/node_modules/.takeoff-replay-Zc2kEG/story.mjs?instance=7:10272:22)
    at async loadFlightStoryCore (file:///workspace/scratch/edf34a5d3bf1/inbound/node_modules/.takeoff-replay-Zc2kEG/story.mjs?instance=7:11679:11)
    at async file:///workspace/scratch/edf34a5d3bf1/inbound/node_modules/.takeoff-replay-Zc2kEG/story.mjs?instance=7:2633:19
    at async TestContext.<anonymous> (file:///workspace/scratch/83746901af9a/inbound-route-enrichment/scripts/takeoff-floor-replay.test.mjs:122:27)
    at async Test.run (node:internal/test_runner/test:1389:7)
[flight-phase-state] save failed Error: fixture DB unavailable
    at pg.query (file:///workspace/scratch/83746901af9a/inbound-route-enrichment/scripts/takeoff-floor-replay.test.mjs:110:49)
    at file:///workspace/scratch/edf34a5d3bf1/inbound/node_modules/.takeoff-replay-Zc2kEG/story.mjs?instance=7:2809:20
    at sql (file:///workspace/scratch/edf34a5d3bf1/inbound/node_modules/.takeoff-replay-Zc2kEG/story.mjs?instance=7:2755:10)
    at read (file:///workspace/scratch/edf34a5d3bf1/inbound/node_modules/.takeoff-replay-Zc2kEG/story.mjs?instance=7:2875:51)
    at async save (file:///workspace/scratch/edf34a5d3bf1/inbound/node_modules/.takeoff-replay-Zc2kEG/story.mjs?instance=7:2892:52)
    at async buildStory (file:///workspace/scratch/edf34a5d3bf1/inbound/node_modules/.takeoff-replay-Zc2kEG/story.mjs?instance=7:11264:22)
    at async loadFlightStoryCore (file:///workspace/scratch/edf34a5d3bf1/inbound/node_modules/.takeoff-replay-Zc2kEG/story.mjs?instance=7:11679:11)
    at async file:///workspace/scratch/edf34a5d3bf1/inbound/node_modules/.takeoff-replay-Zc2kEG/story.mjs?instance=7:2633:19
    at async TestContext.<anonymous> (file:///workspace/scratch/83746901af9a/inbound-route-enrichment/scripts/takeoff-floor-replay.test.mjs:122:27)
    at async Test.run (node:internal/test_runner/test:1389:7)
[flight-telemetry] {
  callsignRequested: 'UA219',
  callsign: 'UAL219',
  registration: 'N219UA',
  hex: 'a21900',
  destination: { iata: 'HNL', icao: 'PHNL', lat: 21.3187, lon: -157.9225 },
  livePosition: null,
  altitudeFt: null,
  groundspeedKt: null,
  onGround: null,
  track: null,
  verticalRateFpm: null,
  phase: null,
  headingToDestinationDelta: null,
  isFinalApproach: false,
  routeRemainingNm: 343.7217891419603,
  directToDestNm: null,
  remainingNm: 343.7217891419603,
  etaMin: 49.103112734565755,
  currentStage: 'ride',
  arrivalStatus: 'airborne',
  ourLanded: false,
  positionProvider: 'fallback',
  positionSeenAt: null,
  positionAgeSec: null,
  flightawarePosition: null,
  fr24Position: null,
  adsbPosition: null,
  providerStatus: { flightaware: 'DISABLED', fr24: 'DISABLED' },
  providerEta: { flightaware: null, fr24: null },
  providerDistancesNm: {
    flightawareToFr24: null,
    flightawareToAdsb: null,
    fr24ToAdsb: null
  },
  fusionDisagreementNm: null,
  filedRouteDeviationNm: null,
  displayPathSource: 'direct'
}
[story-request] {"scheduleSource":"flightaware_public","fallbackOutcome":"not_needed","cacheStatus":"miss","event":"story_request","requested":"UA219","fresh":true,"durationMs":72,"outcome":"ok","errorCategory":null}
[aeroapi] key unavailable; using public feed
[flight-telemetry] {
  callsignRequested: 'UA219',
  callsign: 'UAL219',
  registration: 'N219UA',
  hex: 'a21900',
  destination: { iata: 'HNL', icao: 'PHNL', lat: 21.3187, lon: -157.9225 },
  livePosition: { lat: 24.95, lon: -153.1667 },
  altitudeFt: 36000,
  groundspeedKt: 462,
  onGround: false,
  track: 237,
  verticalRateFpm: null,
  phase: 'cruise',
  headingToDestinationDelta: 5.74751028259675,
  isFinalApproach: false,
  routeRemainingNm: 343.72178914196104,
  directToDestNm: 341.23417427770994,
  remainingNm: 343.72178914196104,
  etaMin: 47.469266664981845,
  currentStage: 'ride',
  arrivalStatus: 'airborne',
  ourLanded: false,
  positionProvider: 'flightaware-public',
  positionSeenAt: 1790983650.844,
  positionAgeSec: 1,
  flightawarePosition: null,
  fr24Position: null,
  adsbPosition: null,
  providerStatus: { flightaware: 'DISABLED', fr24: 'DISABLED' },
  providerEta: { flightaware: null, fr24: null },
  providerDistancesNm: {
    flightawareToFr24: null,
    flightawareToAdsb: null,
    fr24ToAdsb: null
  },
  fusionDisagreementNm: null,
  filedRouteDeviationNm: 45.04414723586649,
  displayPathSource: 'track'
}
[story-request] {"scheduleSource":"flightaware_public","fallbackOutcome":"not_needed","cacheStatus":"miss","event":"story_request","requested":"UA219","fresh":true,"durationMs":65,"outcome":"ok","errorCategory":null}
[aeroapi] key unavailable; using public feed
[flightstats-schedule] {
  callsign: 'UAL219',
  date: '2026-10-02',
  origin: 'ORD',
  destination: 'HNL',
  status: 'departed',
  gateOut: 1790955180,
  gateIn: 1790987280,
  candidates: 1
}
[story-request] {"scheduleSource":"flightstats_public","fallbackOutcome":"flightstats_used","cacheStatus":"miss","event":"story_request","requested":"UA219","fresh":true,"durationMs":50,"outcome":"ok","errorCategory":null}
[aeroapi] key unavailable; using public feed
[flight-telemetry] {
  callsignRequested: 'UA219',
  callsign: 'UAL219',
  registration: 'N219UA',
  hex: 'a21900',
  destination: { iata: 'HNL', icao: 'PHNL', lat: 21.3187, lon: -157.9225 },
  livePosition: null,
  altitudeFt: null,
  groundspeedKt: null,
  onGround: null,
  track: null,
  verticalRateFpm: null,
  phase: null,
  headingToDestinationDelta: null,
  isFinalApproach: false,
  routeRemainingNm: 343.72178914196104,
  directToDestNm: null,
  remainingNm: 343.72178914196104,
  etaMin: 47.469266664981845,
  currentStage: 'ride',
  arrivalStatus: 'airborne',
  ourLanded: false,
  positionProvider: 'fallback',
  positionSeenAt: null,
  positionAgeSec: null,
  flightawarePosition: null,
  fr24Position: null,
  adsbPosition: null,
  providerStatus: { flightaware: 'DISABLED', fr24: 'DISABLED' },
  providerEta: { flightaware: null, fr24: null },
  providerDistancesNm: {
    flightawareToFr24: null,
    flightawareToAdsb: null,
    fr24ToAdsb: null
  },
  fusionDisagreementNm: null,
  filedRouteDeviationNm: null,
  displayPathSource: 'track'
}
[story-request] {"scheduleSource":"flightaware_public","fallbackOutcome":"not_needed","cacheStatus":"miss","event":"story_request","requested":"UA219","fresh":true,"durationMs":48,"outcome":"ok","errorCategory":null}
[aeroapi] key unavailable; using public feed
[departure-telemetry] {
  callsignRequested: 'UA219',
  flightInstance: 'leg:v1:UAL219|2026-10-02|ORD|HNL',
  currentStage: 'taxi',
  pushLatched: true,
  taxiOutLatched: true,
  pushTimestamp: 1790983351.844,
  pushTimestampSource: 'provider_actual',
  firstDepartureMovement: false,
  rawTaxiHint: true,
  stageTaxiHint: true,
  taxiThresholdKt: 6,
  parkedObservedSec: 0,
  stationaryAtStand: false,
  awayFromPassengerGateArea: false,
  providerGateOut: { scheduled: 1790952900, estimated: null, actual: 1790983351.844 },
  providerGateOutPublic: { scheduled: 1790952900, estimated: null, actual: 1790983351.844 },
  groundspeedKt: 14,
  onGround: true,
  distanceFromParkedNm: null,
  positionAgeSec: 1,
  positionSource: 'adsb'
}
[push-evidence] {"callsignRequested":"UA219","flightInstance":"leg:v1:UAL219|2026-10-02|ORD|HNL","flightaware":{"flightId":"UAL219-1790952900-schedule-0001","publicGateOut":{"scheduled":1790952900,"estimated":null,"actual":1790983351.844},"aeroApiOut":null,"firstTrackMovement":null},"fr24":{"flightId":null,"status":"DISABLED","firstTrackMovement":null,"summaryOut":null},"adsb":{"firstTrackMovement":null,"positionAgeSec":1,"groundspeedKt":14,"distanceFromParkedNm":null},"inbound":{"parkedPosition":null,"selectedPush":{"unix":1790983351.844,"source":"provider_actual","evidence":null},"pushLatch":{"unix":1790983351.844,"source":"provider_actual","live":true,"at":1790983661.844},"taxiOutLatch":{"at":1790983661.844},"finalPushUnix":1790983351.844,"finalPushSource":"provider_actual","phaseStatePersistenceOnLoad":"ok"}}
[flight-telemetry] {
  callsignRequested: 'UA219',
  callsign: 'UAL219',
  registration: 'N219UA',
  hex: 'a21900',
  destination: { iata: 'HNL', icao: 'PHNL', lat: 21.3187, lon: -157.9225 },
  livePosition: { lat: 41.9786, lon: -87.9048 },
  altitudeFt: 0,
  groundspeedKt: 14,
  onGround: true,
  track: null,
  verticalRateFpm: null,
  phase: 'taxi',
  headingToDestinationDelta: null,
  isFinalApproach: false,
  routeRemainingNm: 3682.0550994217842,
  directToDestNm: null,
  remainingNm: 3682.0550994217842,
  etaMin: 47.30259999831517,
  currentStage: 'taxi',
  arrivalStatus: 'airborne',
  ourLanded: false,
  positionProvider: 'adsb',
  positionSeenAt: 1790983660.844,
  positionAgeSec: 1,
  flightawarePosition: null,
  fr24Position: null,
  adsbPosition: {
    provider: 'adsb',
    flightId: null,
    callsign: 'UAL219',
    lat: 41.9786,
    lon: -87.9048,
    altFt: 0,
    vertFpm: null,
    gsKt: 14,
    track: null,
    onGround: true,
    seenAt: 1790983660.844,
    registration: 'N219UA',
    type: null,
    hex: 'a21900',
    confidence: 'high'
  },
  providerStatus: { flightaware: 'DISABLED', fr24: 'DISABLED' },
  providerEta: { flightaware: null, fr24: null },
  providerDistancesNm: {
    flightawareToFr24: null,
    flightawareToAdsb: null,
    fr24ToAdsb: null
  },
  fusionDisagreementNm: null,
  filedRouteDeviationNm: 1.2685677560137642e-12,
  displayPathSource: 'track'
}
[story-request] {"scheduleSource":"flightaware_public","fallbackOutcome":"not_needed","cacheStatus":"miss","event":"story_request","requested":"UA219","fresh":true,"durationMs":53,"outcome":"ok","errorCategory":null}
[aeroapi] key unavailable; using public feed
[departure-telemetry] {
  callsignRequested: 'UA219',
  flightInstance: 'leg:v1:UAL219|2026-10-02|ORD|HNL',
  currentStage: 'taxi',
  pushLatched: true,
  taxiOutLatched: true,
  pushTimestamp: 1790983351.844,
  pushTimestampSource: 'provider_actual',
  firstDepartureMovement: false,
  rawTaxiHint: false,
  stageTaxiHint: false,
  taxiThresholdKt: 6,
  parkedObservedSec: 0,
  stationaryAtStand: false,
  awayFromPassengerGateArea: false,
  providerGateOut: { scheduled: 1790952900, estimated: null, actual: 1790983351.844 },
  providerGateOutPublic: { scheduled: 1790952900, estimated: null, actual: 1790983351.844 },
  groundspeedKt: null,
  onGround: null,
  distanceFromParkedNm: null,
  positionAgeSec: null,
  positionSource: 'fallback'
}
[push-evidence] {"callsignRequested":"UA219","flightInstance":"leg:v1:UAL219|2026-10-02|ORD|HNL","flightaware":{"flightId":"UAL219-1790952900-schedule-0001","publicGateOut":{"scheduled":1790952900,"estimated":null,"actual":1790983351.844},"aeroApiOut":null,"firstTrackMovement":null},"fr24":{"flightId":null,"status":"DISABLED","firstTrackMovement":null,"summaryOut":null},"adsb":{"firstTrackMovement":null,"positionAgeSec":null,"groundspeedKt":null,"distanceFromParkedNm":null},"inbound":{"parkedPosition":null,"selectedPush":{"unix":1790983351.844,"source":"provider_actual","evidence":null},"pushLatch":{"unix":1790983351.844,"source":"provider_actual","live":true,"at":1790983671.844},"taxiOutLatch":{"at":1790983661.844},"finalPushUnix":1790983351.844,"finalPushSource":"provider_actual","phaseStatePersistenceOnLoad":"ok"}}
[flight-telemetry] {
  callsignRequested: 'UA219',
  callsign: 'UAL219',
  registration: 'N219UA',
  hex: 'a21900',
  destination: { iata: 'HNL', icao: 'PHNL', lat: 21.3187, lon: -157.9225 },
  livePosition: null,
  altitudeFt: null,
  groundspeedKt: null,
  onGround: null,
  track: null,
  verticalRateFpm: null,
  phase: null,
  headingToDestinationDelta: null,
  isFinalApproach: false,
  routeRemainingNm: 3682.0550994217842,
  directToDestNm: null,
  remainingNm: 3682.0550994217842,
  etaMin: 47.13593333164851,
  currentStage: 'taxi',
  arrivalStatus: 'airborne',
  ourLanded: false,
  positionProvider: 'fallback',
  positionSeenAt: null,
  positionAgeSec: null,
  flightawarePosition: null,
  fr24Position: null,
  adsbPosition: null,
  providerStatus: { flightaware: 'DISABLED', fr24: 'DISABLED' },
  providerEta: { flightaware: null, fr24: null },
  providerDistancesNm: {
    flightawareToFr24: null,
    flightawareToAdsb: null,
    fr24ToAdsb: null
  },
  fusionDisagreementNm: null,
  filedRouteDeviationNm: null,
  displayPathSource: 'track'
}
[story-request] {"scheduleSource":"flightaware_public","fallbackOutcome":"not_needed","cacheStatus":"miss","event":"story_request","requested":"UA219","fresh":true,"durationMs":73,"outcome":"ok","errorCategory":null}
[aeroapi] key unavailable; using public feed
[flight-telemetry] {
  callsignRequested: 'UA219',
  callsign: 'UAL219',
  registration: 'N219UA',
  hex: 'a21900',
  destination: { iata: 'HNL', icao: 'PHNL', lat: 21.3187, lon: -157.9225 },
  livePosition: { lat: 24.95, lon: -153.1667 },
  altitudeFt: 36000,
  groundspeedKt: 462,
  onGround: false,
  track: 237,
  verticalRateFpm: null,
  phase: 'cruise',
  headingToDestinationDelta: 5.74751028259675,
  isFinalApproach: false,
  routeRemainingNm: 343.72178914196104,
  directToDestNm: 341.23417427770994,
  remainingNm: 343.72178914196104,
  etaMin: 47.13593333164851,
  currentStage: 'ride',
  arrivalStatus: 'airborne',
  ourLanded: false,
  positionProvider: 'flightaware-public',
  positionSeenAt: 1790983670.844,
  positionAgeSec: 1,
  flightawarePosition: null,
  fr24Position: null,
  adsbPosition: null,
  providerStatus: { flightaware: 'DISABLED', fr24: 'DISABLED' },
  providerEta: { flightaware: null, fr24: null },
  providerDistancesNm: {
    flightawareToFr24: null,
    flightawareToAdsb: null,
    fr24ToAdsb: null
  },
  fusionDisagreementNm: null,
  filedRouteDeviationNm: 45.04414723586649,
  displayPathSource: 'track'
}
[story-request] {"scheduleSource":"flightaware_public","fallbackOutcome":"not_needed","cacheStatus":"miss","event":"story_request","requested":"UA219","fresh":true,"durationMs":45,"outcome":"ok","errorCategory":null}
[aeroapi] key unavailable; using public feed
[flight-telemetry] {
  callsignRequested: 'UA219',
  callsign: 'UAL219',
  registration: 'N219UA',
  hex: 'a21900',
  destination: { iata: 'HNL', icao: 'PHNL', lat: 21.3187, lon: -157.9225 },
  livePosition: null,
  altitudeFt: null,
  groundspeedKt: null,
  onGround: null,
  track: null,
  verticalRateFpm: null,
  phase: null,
  headingToDestinationDelta: null,
  isFinalApproach: false,
  routeRemainingNm: 343.72178914196104,
  directToDestNm: null,
  remainingNm: 343.72178914196104,
  etaMin: 47.13593333164851,
  currentStage: 'ride',
  arrivalStatus: 'airborne',
  ourLanded: false,
  positionProvider: 'fallback',
  positionSeenAt: null,
  positionAgeSec: null,
  flightawarePosition: null,
  fr24Position: null,
  adsbPosition: null,
  providerStatus: { flightaware: 'DISABLED', fr24: 'DISABLED' },
  providerEta: { flightaware: null, fr24: null },
  providerDistancesNm: {
    flightawareToFr24: null,
    flightawareToAdsb: null,
    fr24ToAdsb: null
  },
  fusionDisagreementNm: null,
  filedRouteDeviationNm: null,
  displayPathSource: 'track'
}
[story-request] {"scheduleSource":"flightaware_public","fallbackOutcome":"not_needed","cacheStatus":"miss","event":"story_request","requested":"UA219","fresh":true,"durationMs":49,"outcome":"ok","errorCategory":null}
[aeroapi] key unavailable; using public feed
[departure-telemetry] {
  callsignRequested: 'UA219',
  flightInstance: 'leg:v1:UAL219|2026-10-02|ORD|HNL',
  currentStage: 'ride',
  pushLatched: true,
  taxiOutLatched: true,
  pushTimestamp: 1790955180,
  pushTimestampSource: 'provider_actual',
  firstDepartureMovement: false,
  rawTaxiHint: true,
  stageTaxiHint: true,
  taxiThresholdKt: 6,
  parkedObservedSec: 0,
  stationaryAtStand: false,
  awayFromPassengerGateArea: false,
  providerGateOut: { scheduled: 1790952900, estimated: null, actual: 1790955180 },
  providerGateOutPublic: { scheduled: 1790952900, estimated: null, actual: 1790955180 },
  groundspeedKt: 14,
  onGround: true,
  distanceFromParkedNm: null,
  positionAgeSec: 1,
  positionSource: 'adsb'
}
[push-evidence] {"callsignRequested":"UA219","flightInstance":"leg:v1:UAL219|2026-10-02|ORD|HNL","flightaware":{"flightId":"UAL219-1790952900-schedule-0001","publicGateOut":{"scheduled":1790952900,"estimated":null,"actual":1790955180},"aeroApiOut":null,"firstTrackMovement":null},"fr24":{"flightId":null,"status":"DISABLED","firstTrackMovement":null,"summaryOut":null},"adsb":{"firstTrackMovement":null,"positionAgeSec":1,"groundspeedKt":14,"distanceFromParkedNm":null},"inbound":{"parkedPosition":null,"selectedPush":{"unix":1790955180,"source":"provider_actual","evidence":null},"pushLatch":{"unix":1790955180,"source":"provider_actual","live":true,"at":1790983671.844},"taxiOutLatch":{"at":1790983671.844},"finalPushUnix":1790955180,"finalPushSource":"provider_actual","phaseStatePersistenceOnLoad":"ok"}}
[flight-telemetry] {
  callsignRequested: 'UA219',
  callsign: 'UAL219',
  registration: 'N219UA',
  hex: 'a21900',
  destination: { iata: 'HNL', icao: 'PHNL', lat: 21.3187, lon: -157.9225 },
  livePosition: { lat: 41.9786, lon: -87.9048 },
  altitudeFt: 0,
  groundspeedKt: 14,
  onGround: true,
  track: null,
  verticalRateFpm: null,
  phase: 'taxi',
  headingToDestinationDelta: null,
  isFinalApproach: false,
  routeRemainingNm: 343.72178914196104,
  directToDestNm: null,
  remainingNm: 343.72178914196104,
  etaMin: 47.13593333164851,
  currentStage: 'ride',
  arrivalStatus: 'airborne',
  ourLanded: false,
  positionProvider: 'adsb',
  positionSeenAt: 1790983670.844,
  positionAgeSec: 1,
  flightawarePosition: null,
  fr24Position: null,
  adsbPosition: {
    provider: 'adsb',
    flightId: null,
    callsign: 'UAL219',
    lat: 41.9786,
    lon: -87.9048,
    altFt: 0,
    vertFpm: null,
    gsKt: 14,
    track: null,
    onGround: true,
    seenAt: 1790983670.844,
    registration: 'N219UA',
    type: null,
    hex: 'a21900',
    confidence: 'high'
  },
  providerStatus: { flightaware: 'DISABLED', fr24: 'DISABLED' },
  providerEta: { flightaware: null, fr24: null },
  providerDistancesNm: {
    flightawareToFr24: null,
    flightawareToAdsb: null,
    fr24ToAdsb: null
  },
  fusionDisagreementNm: null,
  filedRouteDeviationNm: 1.2685677560137642e-12,
  displayPathSource: 'track'
}
[story-request] {"scheduleSource":"flightaware_public","fallbackOutcome":"not_needed","cacheStatus":"miss","event":"story_request","requested":"UA219","fresh":true,"durationMs":47,"outcome":"ok","errorCategory":null}
[aeroapi] key unavailable; using public feed
[flight-telemetry] {
  callsignRequested: 'UA219',
  callsign: 'UAL219',
  registration: 'N219UA',
  hex: 'a21900',
  destination: { iata: 'HNL', icao: 'PHNL', lat: 21.3187, lon: -157.9225 },
  livePosition: null,
  altitudeFt: null,
  groundspeedKt: null,
  onGround: null,
  track: null,
  verticalRateFpm: null,
  phase: null,
  headingToDestinationDelta: null,
  isFinalApproach: false,
  routeRemainingNm: 343.72178914196104,
  directToDestNm: null,
  remainingNm: 343.72178914196104,
  etaMin: 47.13593333164851,
  currentStage: 'ride',
  arrivalStatus: 'airborne',
  ourLanded: false,
  positionProvider: 'fallback',
  positionSeenAt: null,
  positionAgeSec: null,
  flightawarePosition: null,
  fr24Position: null,
  adsbPosition: null,
  providerStatus: { flightaware: 'DISABLED', fr24: 'DISABLED' },
  providerEta: { flightaware: null, fr24: null },
  providerDistancesNm: {
    flightawareToFr24: null,
    flightawareToAdsb: null,
    fr24ToAdsb: null
  },
  fusionDisagreementNm: null,
  filedRouteDeviationNm: null,
  displayPathSource: 'track'
}
[story-request] {"scheduleSource":"flightaware_public","fallbackOutcome":"not_needed","cacheStatus":"miss","event":"story_request","requested":"UA219","fresh":true,"durationMs":41,"outcome":"ok","errorCategory":null}
[aeroapi] key unavailable; using public feed
[departure-telemetry] {
  callsignRequested: 'UA219',
  flightInstance: 'leg:v1:UAL219|2026-10-02|ORD|HNL',
  currentStage: 'ride',
  pushLatched: true,
  taxiOutLatched: true,
  pushTimestamp: 1790955180,
  pushTimestampSource: 'provider_actual',
  firstDepartureMovement: false,
  rawTaxiHint: true,
  stageTaxiHint: true,
  taxiThresholdKt: 6,
  parkedObservedSec: 0,
  stationaryAtStand: false,
  awayFromPassengerGateArea: false,
  providerGateOut: { scheduled: 1790952900, estimated: null, actual: 1790955180 },
  providerGateOutPublic: { scheduled: 1790952900, estimated: null, actual: 1790955180 },
  groundspeedKt: 14,
  onGround: true,
  distanceFromParkedNm: null,
  positionAgeSec: 1,
  positionSource: 'adsb'
}
[push-evidence] {"callsignRequested":"UA219","flightInstance":"leg:v1:UAL219|2026-10-02|ORD|HNL","flightaware":{"flightId":"UAL219-1790952900-schedule-0001","publicGateOut":{"scheduled":1790952900,"estimated":null,"actual":1790955180},"aeroApiOut":null,"firstTrackMovement":null},"fr24":{"flightId":null,"status":"DISABLED","firstTrackMovement":null,"summaryOut":null},"adsb":{"firstTrackMovement":null,"positionAgeSec":1,"groundspeedKt":14,"distanceFromParkedNm":null},"inbound":{"parkedPosition":null,"selectedPush":{"unix":1790955180,"source":"provider_actual","evidence":null},"pushLatch":{"unix":1790955180,"source":"provider_actual","live":true,"at":1790983671.844},"taxiOutLatch":{"at":1790983671.844},"finalPushUnix":1790955180,"finalPushSource":"provider_actual","phaseStatePersistenceOnLoad":"ok"}}
[flight-telemetry] {
  callsignRequested: 'UA219',
  callsign: 'UAL219',
  registration: 'N219UA',
  hex: 'a21900',
  destination: { iata: 'HNL', icao: 'PHNL', lat: 21.3187, lon: -157.9225 },
  livePosition: { lat: 41.9786, lon: -87.9048 },
  altitudeFt: 0,
  groundspeedKt: 14,
  onGround: true,
  track: null,
  verticalRateFpm: null,
  phase: 'taxi',
  headingToDestinationDelta: null,
  isFinalApproach: false,
  routeRemainingNm: 343.72178914196104,
  directToDestNm: null,
  remainingNm: 343.72178914196104,
  etaMin: 47.13593333164851,
  currentStage: 'ride',
  arrivalStatus: 'airborne',
  ourLanded: false,
  positionProvider: 'adsb',
  positionSeenAt: 1790983670.844,
  positionAgeSec: 1,
  flightawarePosition: null,
  fr24Position: null,
  adsbPosition: {
    provider: 'adsb',
    flightId: null,
    callsign: 'UAL219',
    lat: 41.9786,
    lon: -87.9048,
    altFt: 0,
    vertFpm: null,
    gsKt: 14,
    track: null,
    onGround: true,
    seenAt: 1790983670.844,
    registration: 'N219UA',
    type: null,
    hex: 'a21900',
    confidence: 'high'
  },
  providerStatus: { flightaware: 'DISABLED', fr24: 'DISABLED' },
  providerEta: { flightaware: null, fr24: null },
  providerDistancesNm: {
    flightawareToFr24: null,
    flightawareToAdsb: null,
    fr24ToAdsb: null
  },
  fusionDisagreementNm: null,
  filedRouteDeviationNm: 1.2685677560137642e-12,
  displayPathSource: 'track'
}
[story-request] {"scheduleSource":"flightaware_public","fallbackOutcome":"not_needed","cacheStatus":"miss","event":"story_request","requested":"UA219","fresh":true,"durationMs":65,"outcome":"ok","errorCategory":null}
[aeroapi] key unavailable; using public feed
[flightstats-schedule] {
  callsign: 'UAL219',
  date: '2026-10-02',
  origin: 'ORD',
  destination: 'HNL',
  status: 'departed',
  gateOut: 1790955180,
  gateIn: 1790987280,
  candidates: 1
}
[departure-telemetry] {
  callsignRequested: 'UA219',
  flightInstance: 'leg:v1:UAL219|2026-10-02|ORD|HNL',
  currentStage: 'push',
  pushLatched: true,
  taxiOutLatched: false,
  pushTimestamp: 1790955180,
  pushTimestampSource: 'provider_actual',
  firstDepartureMovement: false,
  rawTaxiHint: false,
  stageTaxiHint: false,
  taxiThresholdKt: 6,
  parkedObservedSec: 0,
  stationaryAtStand: false,
  awayFromPassengerGateArea: false,
  providerGateOut: { scheduled: 1790954100, estimated: null, actual: 1790955180 },
  providerGateOutPublic: { scheduled: 1790954100, estimated: null, actual: 1790955180 },
  groundspeedKt: null,
  onGround: null,
  distanceFromParkedNm: null,
  positionAgeSec: null,
  positionSource: 'fallback'
}
[push-evidence] {"callsignRequested":"UA219","flightInstance":"leg:v1:UAL219|2026-10-02|ORD|HNL","flightaware":{"flightId":null,"publicGateOut":{"scheduled":1790954100,"estimated":null,"actual":1790955180},"aeroApiOut":null,"firstTrackMovement":null},"fr24":{"flightId":null,"status":"DISABLED","firstTrackMovement":null,"summaryOut":null},"adsb":{"firstTrackMovement":null,"positionAgeSec":null,"groundspeedKt":null,"distanceFromParkedNm":null},"inbound":{"parkedPosition":null,"selectedPush":{"unix":1790955180,"source":"provider_actual","evidence":null},"pushLatch":{"unix":1790955180,"source":"provider_actual","live":true,"at":1790983671.844},"taxiOutLatch":null,"finalPushUnix":1790955180,"finalPushSource":"provider_actual","phaseStatePersistenceOnLoad":"ok"}}
[story-request] {"scheduleSource":"flightstats_public","fallbackOutcome":"flightstats_used","cacheStatus":"miss","event":"story_request","requested":"UA219","fresh":true,"durationMs":38,"outcome":"ok","errorCategory":null}
[aeroapi] key unavailable; using public feed
[schedule-fallback-unavailable] {
  callsign: 'UAL219',
  reason: 'Current flight route unavailable: schedule provider returned HTTP 402 (unidentified response; host=www.flightaware.com; server=absent; type=absent; bodyChars=0; branding=unidentifi'
}
[departure-telemetry] {
  callsignRequested: 'UA219',
  flightInstance: 'resume:2d34234002406a39092e8338243280f49f88568c5d08e949576230e0ab9f3b55:leg:v1:UAL219|2026-10-02|ORD|HNL',
  currentStage: 'push',
  pushLatched: true,
  taxiOutLatched: false,
  pushTimestamp: 1790955180,
  pushTimestampSource: 'provider_actual',
  firstDepartureMovement: false,
  rawTaxiHint: false,
  stageTaxiHint: false,
  taxiThresholdKt: 6,
  parkedObservedSec: 0,
  stationaryAtStand: false,
  awayFromPassengerGateArea: false,
  providerGateOut: { scheduled: 1790952900, estimated: null, actual: 1790955180 },
  providerGateOutPublic: { scheduled: 1790952900, estimated: null, actual: 1790955180 },
  groundspeedKt: 0,
  onGround: true,
  distanceFromParkedNm: null,
  positionAgeSec: 1,
  positionSource: 'adsb'
}
[push-evidence] {"callsignRequested":"UA219","flightInstance":"resume:2d34234002406a39092e8338243280f49f88568c5d08e949576230e0ab9f3b55:leg:v1:UAL219|2026-10-02|ORD|HNL","flightaware":{"flightId":null,"publicGateOut":{"scheduled":1790952900,"estimated":null,"actual":1790955180},"aeroApiOut":null,"firstTrackMovement":null},"fr24":{"flightId":null,"status":"DISABLED","firstTrackMovement":null,"summaryOut":null},"adsb":{"firstTrackMovement":null,"positionAgeSec":1,"groundspeedKt":0,"distanceFromParkedNm":null},"inbound":{"parkedPosition":null,"selectedPush":{"unix":1790955180,"source":"provider_actual","evidence":null},"pushLatch":{"unix":1790955180,"source":"provider_actual","live":true,"at":1790983671.844},"taxiOutLatch":null,"finalPushUnix":1790955180,"finalPushSource":"provider_actual","phaseStatePersistenceOnLoad":"ok"}}
[flight-telemetry] {
  callsignRequested: 'UA219',
  callsign: 'UAL219',
  registration: 'N219UA',
  hex: 'a21900',
  destination: { iata: 'HNL', icao: 'PHNL', lat: 21.3187, lon: -157.9225 },
  livePosition: { lat: 41.9786, lon: -87.9048 },
  altitudeFt: 0,
  groundspeedKt: 0,
  onGround: true,
  track: null,
  verticalRateFpm: null,
  phase: 'parked',
  headingToDestinationDelta: null,
  isFinalApproach: false,
  routeRemainingNm: 3682.0550994217842,
  directToDestNm: null,
  remainingNm: 3682.0550994217842,
  etaMin: 47.13593333164851,
  currentStage: 'push',
  arrivalStatus: 'airborne',
  ourLanded: false,
  positionProvider: 'adsb',
  positionSeenAt: 1790983670.844,
  positionAgeSec: 1,
  flightawarePosition: null,
  fr24Position: null,
  adsbPosition: {
    provider: 'adsb',
    flightId: null,
    callsign: 'UAL219',
    lat: 41.9786,
    lon: -87.9048,
    altFt: 0,
    vertFpm: null,
    gsKt: 0,
    track: null,
    onGround: true,
    seenAt: 1790983670.844,
    registration: 'N219UA',
    type: null,
    hex: 'a21900',
    confidence: 'high'
  },
  providerStatus: { flightaware: 'DISABLED', fr24: 'DISABLED' },
  providerEta: { flightaware: null, fr24: null },
  providerDistancesNm: {
    flightawareToFr24: null,
    flightawareToAdsb: null,
    fr24ToAdsb: null
  },
  fusionDisagreementNm: null,
  filedRouteDeviationNm: 1.2685677560137642e-12,
  displayPathSource: 'track'
}
[story-request] {"scheduleSource":"saved_resume","fallbackOutcome":"resume_used","cacheStatus":"miss","event":"story_request","requested":"UA219","fresh":true,"durationMs":65,"outcome":"ok","errorCategory":null}
✔ UA219 actual takeoff survives provider-ID to FlightStats fallback to provider-ID, cold start and >2h gap (7301.950132ms)
✔ replay wall clock keeps Date.now, new Date and Date() together as a historical replay advances (1.944283ms)
✔ replay wall clock preserves explicit Date arguments, statics, subclasses and instanceof (16.586998ms)
✔ keeps VITE_-prefixed string entries (20.327272ms)
✔ drops non-VITE keys, non-string values and malformed documents (0.277398ms)
✔ a missing app-env.json is a clean no-op (3.94103ms)
✔ reads the app env from a workspace (1.160891ms)
✔ an explicit process-env override wins over the file (0.225487ms)
✔ the template ships auth off (0.606605ms)
✔ vite loadEnv resolves the wrapped value (0.371884ms)
✔ the wrapped command runs with the app env applied (659.332288ms)
✔ the wrapped command sees an explicit override, not the file value (436.940963ms)
✔ the wrapper propagates the command's exit code (511.248956ms)
✔ a signal-killed command is never reported as success (462.667974ms)
✔ the CLI still runs when invoked through a symlinked path (494.088513ms)
✔ parseWriteAtomicArgs needs exactly a staged file and a target (2.909427ms)
✔ stagingError refuses a temp inside public/ and a no-op move (0.453705ms)
✔ handOver replaces the target and clears the staged file (4.855503ms)
✔ handOver creates a missing target directory (1.08984ms)
✔ an interrupted pass leaves the target on its old bytes, temp-free (1.57081ms)
✔ a failed hand-over creates no directory for the target it never wrote (3.932904ms)
✔ a staged file on another filesystem is refused, not copied (1.132555ms)
✔ cli: hands the file over, and refuses a temp staged in public/ (592.101556ms)
✔ cli: relative paths follow the script's root, not the caller's cwd (258.296651ms)
✔ every hand-over the og skill prints is one this script accepts (6.423506ms)
✔ cli: a missing staged file fails without touching the target (239.317271ms)
▶ stale reject
  ✔ rejects an airside observation older than the stale window (5.95855ms)
  ✔ keeps a fresh airside observation (0.934663ms)
✔ stale reject (8.659544ms)
▶ teleport reject
  ✔ rejects a multi-NM jump in a couple of seconds (1.26432ms)
  ✔ keeps the previous track when a later feed teleports (1.383654ms)
✔ teleport reject (3.291016ms)
▶ fresher provider wins
  ✔ picks the observation with the lower seen_pos (1.529418ms)
✔ fresher provider wins (1.887943ms)
▶ hex stickiness
  ✔ keeps the locked hex when it is still fresh (9.161214ms)
  ✔ swaps only when the locked hex is stale and an exact match is nearby (0.453831ms)
✔ hex stickiness (10.002513ms)
▶ extrapolated flag
  ✔ marks a short coast-ahead as extrapolated (2.935398ms)
  ✔ does not extrapolate after the gap window (0.428299ms)
  ✔ keeps a few-minute-old oceanic cruise ping (0.571741ms)
  ✔ stops projecting an enroute track after a short gap (0.669473ms)
  ✔ never repeatedly projects an extrapolated point or rejects a real fix (0.369564ms)
✔ extrapolated flag (5.334316ms)
✔ single cruise jitter cannot confirm climb/descent; a 30-second altitude trend can (2.534126ms)
✔ cruise jitter, repeated timestamps, stale fixes and missing evidence remain unconfirmed (1.099796ms)
✔ provider-only rates need a sustained window, and opposing altitude evidence wins (0.437809ms)
✔ AGL and destination geometry distinguish approach from departure level-off (0.397545ms)
✔ warm evidence is isolated by dated leg/route and ignores reordered samples (0.360343ms)
▶ callTool failure memo
  ✔ replays an identical failure within the memo window without refetching (8.829741ms)
  ✔ keys by token identity so a reminted token shares the memo entry (2.194544ms)
  ✔ sweeps expired entries on write so unique keys do not accumulate (4.376672ms)
  ✔ never memoizes login-required 401s (2.244466ms)
✔ callTool failure memo (20.337998ms)
▶ callTool in the workspace preview vs deployed
  ✔ returns pending (no loginRequired) when the preview has no token yet (2.007248ms)
  ✔ returns a plain error (no sign-in CTA) when a deployed app has no token (3.992104ms)
  ✔ treats a gate 401 in the preview as pending and parks the rejected token (3.4795ms)
  ✔ keeps loginRequired for a gate 401 on a deployed app (1.234489ms)
✔ callTool in the workspace preview vs deployed (12.195705ms)
▶ callTool
  ✔ resolves ok:false for non-serializable args instead of rejecting (0.619171ms)
✔ callTool (0.868134ms)
▶ isLoginRequired
  ✔ is true only for login-required failures (0.371594ms)
✔ isLoginRequired (0.486441ms)
▶ redirectToLoginIfRequired
  ✔ no-ops when login is not required (0.703185ms)
  ✔ navigates to the server-built loginUrl in the browser (0.251699ms)
  ✔ opens a new tab instead of navigating when framed (0.208547ms)
  ✔ falls back to navigation when framed and the popup is blocked (0.187945ms)
  ✔ returns false when the result has no loginUrl (0.193908ms)
  ✔ returns false on the server (no window) (0.174573ms)
✔ redirectToLoginIfRequired (2.050005ms)
▶ GoogleCalendarTools
  ✔ does not expose a list_events name (0.134684ms)
✔ GoogleCalendarTools (0.720179ms)
▶ classifyCallToolError
  ✔ returns null for successful results (0.364249ms)
  ✔ classifies a pending preview token as pending before any other kind (0.628506ms)
  ✔ classifies a deployed missing token as error, not a login CTA (0.206107ms)
  ✔ classifies gate loginRequired without a missing-token message as login (0.359755ms)
  ✔ classifies not_connected and failed_precondition (0.548767ms)
  ✔ classifies scope_denied without claiming a missing grant (0.239692ms)
  ✔ classifies access_denied (0.300394ms)
  ✔ falls back to a generic error with the raw message (0.60659ms)
✔ classifyCallToolError (3.903703ms)
▶ readinessProbeDelayMs
  ✔ backs off through the schedule and then holds the last delay (2.186582ms)
  ✔ clamps a negative attempt to the first delay (0.238986ms)
✔ readinessProbeDelayMs (4.422663ms)
▶ readinessProbeExhausted
  ✔ gives up only once the total wait budget has elapsed (0.274918ms)
✔ readinessProbeExhausted (0.552029ms)
✔ one missing-position poll holds the durable plan from the last real fix, explicitly stale (7.580951ms)
✔ legacy held cursor can render geometry without claiming a real aircraft observation (0.928965ms)
✔ landing and two distinct off-path fixes still stop rendering a held plan (1.285342ms)
✔ runway change resets geometry and entry gate still prevents a new plan (4.277877ms)
✔ ATIS arrival lists, approach assignments, combined LDG/DEP and no bulletin (3.076608ms)
✔ multiple arrival runways choose the aircraft side and remain stable between polls (1.344368ms)
✔ provider fallback, confirmed actual priority, wind fallback, calm/variable/unknown states (0.57194ms)
✔ aligned aircraft passes FAF and ends exactly at threshold without a loop (0.81214ms)
✔ opposite side produces downwind, a smoothed base, and a longer path (0.54664ms)
✔ side produces downwind, a smoothed base, and a longer path (0.406692ms)
✔ patterns require a fresh descending/approach fix near destination, never ground or landed (0.26042ms)
✔ displaced landing threshold is moved forward along the true runway heading (0.193785ms)
✔ level downwind keeps the started pattern even without approach phase (5.374965ms)
✔ one extrapolated or 120-second fix holds the exact last pattern (2.768839ms)
✔ held side survives crossing centerline, and base/final consume rather than redraw the loop (8.045968ms)
✔ real AA5012 past-FAF downwind extends base beyond the aircraft (0.523986ms)
✔ two distinct fresh fixes more than 8nm off path reject, one or duplicate fix does not (1.504709ms)
✔ new reported runway resets side; landing ends the projection (0.902893ms)
✔ UAL2207 observed final fixes consume steadily instead of growing and snapping (8.07403ms)
✔ UAL2207 straight-in remaining path stays within 1nm of the threshold distance (1.97082ms)
✔ UAL2207 displayed planned points never lie behind the observed aircraft (3.663724ms)
✔ UAL2207 cursor never moves backward across JSON cold-instance reloads (2.009701ms)
✔ passing the threshold keeps a consumed projection at zero until landing (4.651048ms)
✔ short planned legs use perpendicular distance, not distance to their start (0.289206ms)
✔ level low downwind enters without vertical rate or a stage approach phase; cruise fly-over does not (0.685079ms)
✔ altitude delta persists before runway entry, then derives arrival-only descent on a cold instance (1.132974ms)
✔ nearby parallel final cannot consume base while the aircraft is still on downwind (3.166871ms)
✔ old durable jsonb rows upgrade without losing runway, side or activation (0.860498ms)
[arrival-atis] fetch fallback { airport: 'KERR', held: false, error: 'Error: offline' }
✔ five-minute airport cache coalesces calls and rejects stale/failed bulletins (9.789553ms)
[arrival-atis] fetch fallback { airport: 'KORD', held: true, error: 'Error: ATIS timeout' }
[arrival-atis] fetch fallback { airport: 'KORD', held: false, error: 'Error: ATIS timeout' }
[arrival-state] load failed Error: DB down
    at file:///workspace/scratch/83746901af9a/inbound-route-enrichment/src/lib/arrival-state-store.server.test.ts:53:64
    at Object.load (file:///workspace/scratch/83746901af9a/inbound-route-enrichment/src/lib/arrival-state-store.server.ts:17:27)
    at TestContext.<anonymous> (file:///workspace/scratch/83746901af9a/inbound-route-enrichment/src/lib/arrival-state-store.server.test.ts:54:32)
    at async Test.run (node:internal/test_runner/test:1389:7)
    at async startSubtestAfterBootstrap (node:internal/test_runner/harness:387:3)
[arrival-state] save failed Error: DB down
    at file:///workspace/scratch/83746901af9a/inbound-route-enrichment/src/lib/arrival-state-store.server.test.ts:53:64
    at Object.save (file:///workspace/scratch/83746901af9a/inbound-route-enrichment/src/lib/arrival-state-store.server.ts:45:27)
    at TestContext.<anonymous> (file:///workspace/scratch/83746901af9a/inbound-route-enrichment/src/lib/arrival-state-store.server.test.ts:55:32)
    at async Test.run (node:internal/test_runner/test:1389:7)
    at async startSubtestAfterBootstrap (node:internal/test_runner/harness:387:3)
[arrival-state] load failed Error: DB down
    at file:///workspace/scratch/83746901af9a/inbound-route-enrichment/src/lib/arrival-state-store.server.test.ts:53:64
    at Object.load (file:///workspace/scratch/83746901af9a/inbound-route-enrichment/src/lib/arrival-state-store.server.ts:17:27)
    at TestContext.<anonymous> (file:///workspace/scratch/83746901af9a/inbound-route-enrichment/src/lib/arrival-state-store.server.test.ts:56:36)
    at async Test.run (node:internal/test_runner/test:1389:7)
    at async startSubtestAfterBootstrap (node:internal/test_runner/harness:387:3)
✔ durable runway/side across cold instances, optimistic race, ATIS last-good cache and outage fallback (3450.588561ms)
▶ verifyGateIdentityToken
  ✔ returns the identity for a valid token (14.07543ms)
  ✔ omits optional claims as nulls (10.113927ms)
  ✔ rejects a wrong audience (14.560462ms)
  ✔ rejects a wrong issuer (7.631474ms)
  ✔ rejects an expired token (2.641597ms)
  ✔ rejects a token without exp (2.016765ms)
  ✔ rejects a token signed by a different key with the same kid (2.068132ms)
  ✔ refetches the JWKS when the kid rotates (3.448057ms)
✔ verifyGateIdentityToken (58.985819ms)
▶ gateIdentityFromHeaders
  ✔ verifies the header token end to end and fails closed without it (6.664917ms)
  ✔ activates on a deployed-shaped request without GROK_GATE_ORIGIN (6.007682ms)
  ✔ verifies a preview-audience token with no gate env vars via the loopback default (6.182619ms)
  ✔ rejects a wrong-issuer token in the loopback default mode (2.526275ms)
  ✔ verifies a preview-audience token when only GROK_GATE_ORIGIN is set (1.543207ms)
  ✔ rejects a preview-audience token when GROK_PROJECT_ID is set (1.71966ms)
  ✔ rejects an app-audience token in preview mode (4.183507ms)
✔ gateIdentityFromHeaders (29.823439ms)
▶ gateIdentityEnabled
  ✔ is enabled by default with no gate env vars (0.150776ms)
  ✔ is disabled when VITE_AUTH_ENABLED is false (0.138191ms)
✔ gateIdentityEnabled (1.351451ms)
▶ gateTokenAudience
  ✔ pins app:<id> when GROK_PROJECT_ID is set, even alongside GROK_GATE_ORIGIN (0.180593ms)
  ✔ pins preview when GROK_PROJECT_ID is unset (0.110602ms)
✔ gateTokenAudience (0.42686ms)
▶ gateIdentityUserInfo
  ✔ falls back to a synthetic email and name for sub-only claims (0.160419ms)
  ✔ keeps real claims, lowercasing the email and marking it verified (0.097898ms)
✔ gateIdentityUserInfo (0.350449ms)
▶ sessionBoundToGateIdentity
  ✔ keeps the session when it is bound to the same gate sub (0.286957ms)
  ✔ rotates when the session belongs to a different gate sub (0.071065ms)
  ✔ rotates when the session user has no gate-bound account (0.044528ms)
✔ sessionBoundToGateIdentity (0.519486ms)
▶ resolveSignInGateState
  ✔ is pending while the session check is in flight, user or not (4.794398ms)
  ✔ is signed_in once a user is present (0.287819ms)
  ✔ is signed_out only after the check resolved with no user (0.22299ms)
✔ resolveSignInGateState (8.762537ms)
▶ briefing update log
  ✔ does not seed the passenger timeline with audit-only entries (2.780897ms)
  ✔ logs taxi, takeoff, and landing in everyday words (27.932188ms)
  ✔ logs a delay but ignores a routine 12-minute arrival adjustment (0.869252ms)
  ✔ ignores tiny schedule jitter (2.70288ms)
  ✔ logs material turbulence and thunderstorms without aviation codes (2.790014ms)
  ✔ ignores light-smooth chop chatter and dest-category flips (0.827201ms)
  ✔ uses was → now when turbulence eases (0.661666ms)
  ✔ ride briefing uses miles and does not mix airborne with no-signal (0.79437ms)
  ✔ separates landed from at-the-gate in the arrival brief (0.996012ms)
  ✔ does not repeat the same line (0.807863ms)
  ✔ does not add manual refreshes to the passenger timeline (0.831266ms)
  ✔ caps the log (11.44419ms)
  ✔ maps airport delay programs into plain words (0.456333ms)
✔ briefing update log (56.47154ms)
▶ on the move briefing
  ✔ describes a recorded departure without obsolete inbound or future push wording (0.609992ms)
✔ on the move briefing (0.788965ms)
✔ does not call an estimated movement time a reported departure (0.235967ms)
✔ refreshes current text even for changes below the history thresholds (0.625195ms)
▶ UAL219 curated briefing regression
  ✔ keeps one canonical pushback event when better evidence corrects its time (1.329702ms)
  ✔ does not describe the previous inbound leg as the current aircraft during final approach (0.197297ms)
  ✔ supersedes obsolete departure estimates after actual pushback and takeoff (0.764939ms)
  ✔ does not persist minor arrival or taxi estimate fluctuations (0.371453ms)
  ✔ collapses opposite arrival estimates and removes them after landing (0.638861ms)
✔ UAL219 curated briefing regression (4.419064ms)
▶ Overview record migration
  ✔ keeps completed trip events in the Briefing chronology with passenger labels (0.995308ms)
  ✔ logs meaningful gate changes and removes the standalone Overview Records card (1.26049ms)
  ✔ keeps live timing and arrival facts visible while secondary facts stay in disclosures (1.172908ms)
  ✔ keeps guarded live altitude and speed in the timing section and Refresh in the summary (0.792916ms)
✔ Overview record migration (4.467891ms)
▶ Briefing refresh feedback
  ✔ reports no change without adding a timeline entry (0.814033ms)
  ✔ recognizes a meaningful new update and keeps feedback out of history (0.61531ms)
  ✔ keeps a failed refresh distinct from no-change feedback (0.111635ms)
  ✔ shows a meaningful local update even if optional remote copy fails (0.12416ms)
✔ Briefing refresh feedback (1.844743ms)
▶ UA2762 approach status fluctuations
  ✔ does not record another takeoff when approach is reassessed as flight (0.242077ms)
  ✔ labels legacy stage entries without claiming physical takeoff or touchdown (0.143499ms)
✔ UA2762 approach status fluctuations (0.481674ms)
✔ validated actual takeoff confirms; scheduled, estimated and Departed alone do not (2.260415ms)
✔ fresh compatible airborne AGL or speed confirms without inventing an event time (1.348808ms)
✔ reject future clocks, wrong service dates/routes, conflicting identity, and device claims (0.507475ms)
✔ floor raises every pre-departure stage, preserves arrival stages and a go-around ride (0.604878ms)
✔ premature provider stamp with a fresh matched origin surface fix has no active latch (1.937311ms)
✔ provider stamp without any position latches immediately (0.187141ms)
✔ early origin surface fix revokes provider-only proof through the ten-minute boundary (0.455944ms)
✔ observed airborne proof survives surface conflict, including provider actual upgrades (0.521279ms)
✔ only real, fresh, positively matched origin surface fixes contradict a provider clock (1.278406ms)
▶ official provider normalization
  ✔ normalizes FR24 live kinematics (1.371347ms)
  ✔ retains FR24 vertical rate for display while one unconfirmed sample stays cruise (1.156561ms)
  ✔ normalizes AeroAPI operational times and position (0.965405ms)
✔ official provider normalization (5.373803ms)
▶ position confidence fusion
  ✔ uses consensus and rejects a spatial outlier (2.294393ms)
  ✔ falls back when airborne providers are stale or absent (0.341928ms)
  ✔ protects sticky aircraft identity (0.322037ms)
  ✔ uses a fresh identity-compatible FR24 ground fix as the preferred surface source (0.439917ms)
  ✔ falls back to the best validated ground provider when FR24 is missing (1.941944ms)
  ✔ does not use a stale FR24 surface fix and resumes normal fusion once airborne (0.485436ms)
  ✔ shares the 30-second surface boundary with the story wrapper (0.501509ms)
  ✔ lets a much newer airborne fix beat a 25-second FR24 ground fix (0.217545ms)
  ✔ retains the FR24 ground preference when its fix is only two seconds older (0.167939ms)
  ✔ does not resurrect stale ground data when airborne data is absent or invalid (0.363815ms)
  ✔ requires matching identity, clear airborne evidence, and more than ten seconds of freshness advantage (0.522367ms)
✔ position confidence fusion (8.800551ms)
▶ same-number consecutive-leg selection
  ✔ keeps the arrived-but-not-gated leg ahead of the next same-number departure (0.384311ms)
✔ same-number consecutive-leg selection (0.581951ms)
▶ AA2668 touchdown ETA regression
  ✔ collapses from live geometry despite a stale provider ETA (1.148248ms)
  ✔ cannot expose a stale provider ETA at fresh touchdown geometry (0.261605ms)
✔ AA2668 touchdown ETA regression (1.558258ms)
{"event":"canonical_leg_key_unavailable","reason":"missing_scheduled","requested":"DL4820","ident":"EDV4820","origin":"MDW","destination":"MSP","scheduledDeparture":null,"serviceDate":null}
{"event":"canonical_leg_key_unavailable","reason":"missing_scheduled","requested":"DL4820","ident":"DAL4820","origin":"MDW","destination":"MSP","scheduledDeparture":null,"serviceDate":null}
{"event":"canonical_leg_key_unavailable","reason":"missing_scheduled","requested":"DL4820","ident":"EDV4820","origin":"MDW","destination":"MSP","scheduledDeparture":null,"serviceDate":null}
✔ FR24-only EDV/DAL alternation keeps one writable fallback row across cold stores and folds old alias state (3231.05624ms)
✔ EDV/DAL alternation keeps push/taxi/takeoff and arrival in one requested row across cold stores and late alias updates (2439.356232ms)
✔ validated alias folds isolate dates/routes and preserve CAS winners under concurrent cold loads (2198.202073ms)
✔ legacy provider row carries forward; handoff and cold stores use one canonical row, legacy untouched (2719.72946ms)
✔ fallback cold start carries old origKey forward; existing canonical state takes precedence (4744.573681ms)
✔ fallback-only cold start discovers dated provider rows, leaving opaque and tomorrow's rows untouched (3260.464532ms)
✔ simultaneous cold carry-forward and stale phase saves retain CAS/mergeForward (3486.714835ms)
✔ arrival carry-forward never overwrites a concurrent canonical winner (2599.57223ms)
✔ next-day and different-route polls do not carry old state forward (2425.103385ms)
✔ UA219 provider handoff fixture selects the same durable leg without changing stage logic (2.800061ms)
{"event":"canonical_leg_key_unavailable","reason":"missing_scheduled","requested":"UA219","ident":"UAL219","origin":"ORD","destination":"HNL","scheduledDeparture":null,"serviceDate":null}
✔ unvalidated FR24 state survives cold stores, folds forward, and reconciles later schedule gaps (2889.190952ms)
✔ fallback rows isolate different days/routes and UTC date is validated against scheduled clock (2672.864504ms)
{"event":"canonical_leg_key_unavailable","reason":"missing_scheduled","requested":"UA219","ident":"UAL219","origin":"ORD","destination":"HNL","scheduledDeparture":null,"serviceDate":null}
{"event":"canonical_leg_key_unavailable","reason":"missing_scheduled","requested":"UA219","ident":"UAL219","origin":"ORD","destination":"HNL","scheduledDeparture":null,"serviceDate":null}
{"event":"canonical_leg_key_unavailable","reason":"missing_scheduled","requested":"UA219","ident":"UAL219","origin":"ORD","destination":"HNL","scheduledDeparture":null,"serviceDate":null}
{"event":"canonical_leg_key_unavailable","reason":"missing_scheduled","requested":"UA219","ident":"UAL219","origin":"ORD","destination":"HNL","scheduledDeparture":null,"serviceDate":null}
{"event":"canonical_leg_key_unavailable","reason":"route_mismatch","requested":"UA219","ident":"UAL219","origin":"ORD","destination":"LAX","scheduledDeparture":null,"serviceDate":null}
{"event":"canonical_leg_key_unavailable","reason":"missing_scheduled","requested":"UA219","ident":"UAL219","origin":"ORD","destination":"HNL","scheduledDeparture":null,"serviceDate":null}
✔ schedule-less push/taxi and arrival survive midnight in cold stores, only from a recent same-route row (2359.686717ms)
[flight-phase-state] save conflict retry also lost the race { landKey: 'leg:v1:UAL219|2026-10-02|ORD|HNL' }
✔ confirmed takeoff survives concurrent stale CAS writes and same-version omissions (3217.733034ms)
✔ confirmed takeoff never crosses a scheduled service day or route (2633.718717ms)
✔ early provider revocation survives stale CAS, omissions and legacy folds; observed races remain permanent (1947.704172ms)
{"event":"canonical_leg_key_unavailable","reason":"service_date_mismatch","requested":"UA219","ident":"UAL219","origin":"ORD","destination":"HNL","scheduledDeparture":1790952900,"serviceDate":"2026-10-03"}
{"event":"canonical_leg_key_unavailable","reason":"route_mismatch","requested":"UA219","ident":"UAL219","origin":"ORD","destination":"HNL","scheduledDeparture":1790952900,"serviceDate":"2026-10-02"}
{"event":"canonical_leg_key_unavailable","reason":"missing_scheduled","requested":"UA219","ident":"UAL219","origin":"ORD","destination":"HNL","scheduledDeparture":null,"serviceDate":"2026-10-02"}
{"event":"canonical_leg_key_unavailable","reason":"service_date_mismatch","requested":"DL4820","ident":"EDV4820","origin":"MDW","destination":"MSP","scheduledDeparture":1791054000,"serviceDate":"2026-10-04"}
{"event":"canonical_leg_key_unavailable","reason":"route_mismatch","requested":"DL4820","ident":"EDV4820","origin":"MDW","destination":"MSP","scheduledDeparture":1791054000,"serviceDate":"2026-10-03"}
{"event":"canonical_leg_key_unavailable","reason":"service_date_mismatch","requested":"DL4820","ident":"DAL4820","origin":"MDW","destination":"MSP","scheduledDeparture":1791054000,"serviceDate":"2026-10-04"}
{"event":"canonical_leg_key_unavailable","reason":"route_mismatch","requested":"DL4820","ident":"DAL4820","origin":"MDW","destination":"MSP","scheduledDeparture":1791054000,"serviceDate":"2026-10-03"}
{"event":"canonical_leg_key_unavailable","reason":"service_date_mismatch","requested":"DL4820","ident":"9E4820","origin":"MDW","destination":"MSP","scheduledDeparture":1791054000,"serviceDate":"2026-10-04"}
{"event":"canonical_leg_key_unavailable","reason":"route_mismatch","requested":"DL4820","ident":"9E4820","origin":"MDW","destination":"MSP","scheduledDeparture":1791054000,"serviceDate":"2026-10-03"}
{"event":"canonical_leg_key_unavailable","reason":"route_mismatch","requested":"UA219","ident":"UAL219","origin":"ORD","destination":"MSY","scheduledDeparture":1790952900,"serviceDate":"2026-10-02"}
{"event":"canonical_leg_key_unavailable","reason":"route_mismatch","requested":"DL4820","ident":"EDV4820","origin":"MDW","destination":"MSP","scheduledDeparture":null,"serviceDate":null}
{"event":"canonical_leg_key_unavailable","reason":"missing_scheduled","requested":"UA219","ident":"UAL219","origin":"ORD","destination":"HNL","scheduledDeparture":null,"serviceDate":"2026-10-02"}
✔ provider-ID -> dated fallback -> provider-ID uses the same canonical IATA leg key (18.116302ms)
✔ next day's same flight number has a different key (0.692812ms)
✔ different routes have different keys (0.519324ms)
✔ scheduled departure date uses origin local time, not UTC or delayed actual time (0.635689ms)
✔ reject mismatched service date/route and missing scheduled departure (1.996826ms)
✔ requested carrier and normalized number select the key, regardless of provider carrier (1.026745ms)
✔ DL4820 uses DAL across EDV/DAL provider alternation and only folds validated same-leg aliases (4.345726ms)
✔ provider aliases use the validated origin-local day, including a UTC date boundary (1.523526ms)
✔ already resolved provider airports outside the local catalog retain durable identity (0.790258ms)
✔ each unavailable canonical key logs its specific reason and selects separate durable fallback (3.486793ms)
✔ unvalidated key preserves origKey's scheduled/estimated/actual/now UTC date source (0.428908ms)
✔ schedule-less identity prefers the request and folds only same-day/route provider fallback aliases (0.485038ms)
✔ device-only fallback and canonical resumes never write or carry legacy into shared rows (0.814405ms)
▶ regional codeshare idents
  ✔ maps marketed Delta Connection 9E to Endeavor EDV (1.358115ms)
  ✔ keeps marketed DL5305 as DAL5305, not the regional operator (0.353464ms)
  ✔ parses operator callsign EDV5305 when the passenger types that (0.2643ms)
  ✔ maps other US regionals used as codeshares (0.392694ms)
  ✔ still treats a DL5305 story as the flight the passenger asked for (0.42767ms)
✔ regional codeshare idents (4.461127ms)
▶ airline identity isolation
  ✔ resolves both Allegiant formats without switching to American (0.482394ms)
  ✔ rejects a wrong airline even when the original query was echoed (7.76042ms)
✔ airline identity isolation (11.022105ms)
▶ mergeForward
  ✔ keeps a present push when the other side has none (2.61653ms)
  ✔ keeps a present taxiOut when the other side has none (0.341612ms)
  ✔ prefers the earlier push when both sides have one and neither is provider_actual (0.229394ms)
  ✔ prefers a provider_actual push over a later-or-earlier track/live detection (0.431012ms)
  ✔ falls back to earliest-wins between two provider_actual records (0.22053ms)
  ✔ prefers the numerically later taxiOut when both sides have one (0.178177ms)
  ✔ resolves push and taxiOut independently, never all-or-nothing (0.299247ms)
  ✔ returns an empty state when both sides are empty (0.222174ms)
✔ mergeForward (6.444638ms)
▶ phaseStateEqual
  ✔ treats two empty states as equal (2.118579ms)
  ✔ treats identical non-empty states as equal (0.362392ms)
  ✔ treats a changed push as not equal (0.288118ms)
  ✔ treats a changed taxiOut as not equal (0.178272ms)
  ✔ treats a present vs. absent field as not equal (0.169788ms)
✔ phaseStateEqual (3.782321ms)
▶ confirmed takeoff merge
  ✔ never erases confirmation with an empty or stale ground state (0.291736ms)
  ✔ keeps provider actual time over observed and the first confirmation, in either order (0.426037ms)
  ✔ observations keep a null event time and confirmations merge associatively (0.443551ms)
  ✔ revoked stamps cannot return through a merge, corrected stamps can, and observed proof is retained (0.56886ms)
✔ confirmed takeoff merge (2.124016ms)
✔ leaving aborts the pending transport, removes only this story, and cannot schedule retries after focus/reconnect (38.822756ms)
✔ a not-found query makes one request and stays stopped on focus/reconnect; explicit retry can recover (22.051968ms)
✔ verified not-found stops; empty/402/ambiguous-404 source failures retain bounded retries (2.534594ms)
✔ an initial temporary outage makes at most five requests and focus/reconnect cannot reset the budget (26.316184ms)
✔ the existing 35-second transport deadline aborts, and an already-cancelled search never starts (8.951951ms)
✔ every server/wrapper stage has an explicit progress and pager mapping (2.606502ms)
✔ origin-local canonical day keeps baggage, airline and history identities stable when originals are cleared (23.275786ms)
✔ eight-hour slip retains the operational fallback rule independent of original schedule memory (0.685542ms)
✔ legacy posted clocks and validated dates work without original fields; wrong-route keys cannot choose a date (0.602489ms)
✔ same flight tomorrow and a different route have separate history identities (0.351098ms)
✔ canonical state identity matches diversion alerts through provider-ID handoff with null originals (0.879497ms)
▶ passenger miles
  ✔ rounds the same way for a long remaining distance (41.151096ms)
  ✔ handles short remaining distance (0.438276ms)
  ✔ still exports formatNm for airside distances (0.244328ms)
✔ passenger miles (43.372428ms)
▶ long-route cache subsample
  ✔ keeps Hawaii to Chicago connected after even thinning (2.981565ms)
✔ long-route cache subsample (3.219291ms)
✔ Chicago acquisition reuses the three existing free providers and the one covering 50nm geometry (9.850515ms)
✔ accepted boundary preserves real motion, altitude, vertical rate, metadata and opaque IDs (0.96302ms)
✔ normalization never invents a missing or invalid track, speed, altitude or vertical rate (1.680505ms)
✔ real response latency advances source age without resetting the authoritative fix timestamp (0.447885ms)
✔ Nearby opt-in observed fusion preserves a fast real fix while a slower provider finishes (1.023409ms)
✔ strict existing32s airborne and45s ground rules reject stale and future fixes (0.515286ms)
✔ conflicting current callsigns or registrations are rejected after existing fusion (0.315761ms)
✔ persisted previous observation rejects cold-instance teleport and regressed timestamp (0.840992ms)
✔ current evidence requirement rejects warm old and fusion-extrapolated positions (0.633233ms)
✔ normalization crops to covering collection and preserves ground/vehicle evidence for ranking boundary (0.40824ms)
✔ opaque IDs persist within one aircraft session and change when accepted callsign changes (0.489285ms)
✔ optional identity omissions preserve private session continuity without fabricating current identity (0.631882ms)
✔ session identity continuity expires after120s observed gap and new identity gets new opaque IDs (0.446641ms)
✔ overlong identifiers are unknown rather than truncated into invented callsigns or registrations (0.439601ms)
✔ successful empty is truly empty despite previously remembered fusion tracks (1.158733ms)
✔ partial usable acquisition publishes partial; partial empty and rejected-only are coverage failures (6.428534ms)
✔ status-aware failures and malformed payloads preserve health backoff and legacy behavior (2.817156ms)
✔ extracted existing interesting signal is behavior-equivalent for all known frame types and years (0.699827ms)
✔ private acquisition does not call paid or per-flight APIs and legacy fixture code remains disconnected (1.608272ms)
✔ 100 independent viewers use one SQL lease and one three-call acquisition cycle (3202.817044ms)
✔ Failure preserves last-safe positions, advances backoff, and cannot stampede (2651.484174ms)
✔ Demand and private ticks stop at activity expiry, then reactivate; cleanup stays bounded (2845.064876ms)
✔ Successful empty and partial are distinct from failure; original fix age controls serving (3314.447831ms)
✔ Database coordination errors stop acquisition rather than falling back per viewer (1.927414ms)
✔ Private Chicago, ORD and MDW entry points reuse the same accepted collection and recalculate their views (2351.750047ms)
✔ A publication racing view construction keeps shared incumbents and returns the new telemetry version (2450.156774ms)
✔ Nearby display motion uses accepted ground track and knots with spherical distance (3.586831ms)
✔ Spherical extrapolation remains bounded and wraps the antimeridian at high latitude (0.453375ms)
✔ Prediction stops at 25 seconds and stays fixed through stale and expired telemetry (0.796494ms)
✔ Missing or invalid motion, unknown ground state and derived anchors never extrapolate (1.067191ms)
✔ Invalid anchor/time has no display position and tolerated clock skew cannot move backward (0.815091ms)
✔ A new authoritative fix replaces a large prediction disagreement without mutation or vertical invention (1.454499ms)
✔ Cold Nearby polls agree with main on one-sample jitter and sustained altitude movement (19.068153ms)
✔ Cold jitter evidence is bounded and flat altitude overrides instantaneous provider rates (24.812338ms)
✔ Repeated authoritative timestamps retain old proof without manufacturing new proof (1.49312ms)
✔ Session change or expired continuity drops phase evidence; identity omissions preserve it (1.756146ms)
✔ Geometric provider rates are preserved when barometric rates are unavailable (1.599591ms)
✔ Dense accepted collections with phase evidence stay within the existing durable byte cap (189.182563ms)
✔ 100 independent engines share one cold aircraft acquisition and zero viewer-triggered route lookups (11794.427941ms)
✔ 100 explicit route workers collapse callsigns and share two-per-collection/six-per-rolling-minute SQL budgets (25868.566361ms)
✔ Concurrent provider outage uses shared negative retry protection and cannot remove or destabilize accepted aircraft (3817.412875ms)
✔ Radar immediately returns accepted telemetry while optional route reads are blocked or failing (58.741512ms)
✔ Chicago, ORD and MDW share route hints and one collection, without a worker configured by default (92.858418ms)
✔ Route-neutral construction selects twelve eligible aircraft and retains all five current incumbents (19.373284ms)
✔ Enrichment pool ignores existing route weights and excludes old, conflicting and ineligible observations (6.457056ms)
✔ Positive cache overlays private copies only while negative, malformed and expired hints leave routes unknown (16.041193ms)
✔ Only the bounded pool receives cache overlays; unknown routes remain eligible and populate Radar (54.762162ms)
✔ Generic hint expiry is logical; a fresh telemetry snapshot needs fresh evidence after expiry (0.772307ms)
✔ Existing Inbound confirmed or hint evidence wins a route disagreement without mutation (1.672677ms)
✔ Confirmed routes require every existing dated identity and freshness binding (3.730765ms)
✔ Callsign or session changes do not inherit cached aliases or confirmed dated bindings (3.37204ms)
✔ Existing hint and confirmed weights are exactly five/fifteen with association only for confirmation (1.236417ms)
✔ Route transitions use the existing five-slot board, ninety-second hold and twenty-point margin (2.18925ms)
✔ At most one competitive replacement and deterministic ties survive concurrent-route score transitions (2.843395ms)
✔ Featured route display uses only safe route fields and an optional matching generic airline label (4.333366ms)
✔ Enriched Radar retains accepted track, excludes all private route/evidence fields and stops motion at twenty-five seconds (3.63416ms)
✔ Viewer cache reads never call a fake provider; explicit construction consumes at most two missing keys (13.08489ms)
✔ Lookup failures and wrong callsigns publish negative retry protection without removing accepted aircraft (5.468866ms)
✔ Cache outage and stale or failed aircraft snapshots do no provider work (1.995368ms)
✔ Negative expiry can become a positive hint, then accepted dated confirmation, while the incumbent board stays stable (14.157744ms)
✔ Route DDL creates only bounded mutable hint/budget tables, is idempotent, and stays opt-in (5263.445586ms)
✔ SQL enforces route fields, positive/negative maximum TTL, environment and six-start budget bounds (3475.017561ms)
✔ 100 cold shared callers collapse the same callsign to one lease and one charged lookup (4035.126892ms)
✔ Budget allows two per actual collection cycle and six per rolling minute, including exact boundary (2963.903323ms)
✔ Positive and negative cache reuse survives collection refresh; failure retries after sixty seconds (3167.339674ms)
✔ Crashes, stale owners and duplicate writers are fenced without a retry stampede (3324.961749ms)
✔ Claims require the current fresh active successful collection and isolate environments (3349.777638ms)
✔ Cleanup cannot erase cycle or rolling quota; collection recreation has a new actual snapshot cycle (5284.047282ms)
✔ Concurrent cleanup and claims after collection recreation preserve two winners and the shared budget (3242.102676ms)
✔ Per-environment row cap includes pending hints and expired rows are pruned on claim (1919.436222ms)
✔ Database-clock claims resample time after waiting for the budget lock path (1991.706887ms)
✔ Default route store ignores caller clocks; missing shared DB and malformed publications fail closed (2193.014658ms)
✔ Observed callsign normalization preserves operating identity without marketing aliases (3.243321ms)
✔ Observed callsign normalization rejects malformed and oversized identities (0.741072ms)
✔ Positive route hint records only generic evidence and the original normalized callsign (4.346238ms)
✔ A positive route hint may contain one endpoint but cannot invent a missing endpoint (0.996314ms)
✔ A negative route hint has no route or airline information and a 60-second TTL (0.541411ms)
✔ Generic callsign route lookup can never claim a confirmed occurrence (0.530612ms)
✔ Route hints reject malformed endpoint codes instead of parsing route strings (0.913678ms)
✔ Lookup shape rejects missing, extra, raw-provider and dated-occurrence fields (0.796283ms)
✔ Lookup accepts only the exact normalized observed key and valid outcomes (1.293487ms)
✔ Safe Unicode airline labels are preserved within the display text bound (1.05202ms)
✔ Airline labels reject padding, empty text, control characters, markup and URLs (0.880586ms)
✔ Private source class is bounded ASCII classification rather than a provider URL or payload (0.687014ms)
✔ Serialized hint shape requires both timestamps and excludes extra private payloads (0.544644ms)
✔ Serialized route timestamps must be valid bounded ISO instants (1.606966ms)
✔ Positive and negative TTL limits include the exact maximum and reject any excess (0.673661ms)
✔ Logical hint expiry is strict and does not revive a positive or negative entry (0.485527ms)
✔ Unusable route evidence is ignored and future timestamps have only the existing one-second tolerance (0.373791ms)
✔ Cold SQL stores preserve bounded phase evidence and use main's sustained classifier (5129.760634ms)
✔ Publication rejects oversized, malformed, repeated, reordered or expired private phase evidence (3518.107261ms)
✔ Dense normalized phase snapshots fit the actual SQL JSONB byte constraint (3332.110793ms)
✔ Nearby migration applies only two bounded current-state tables to disposable PGlite (2539.093062ms)
✔ 100 independent cold stores share one SQL lease and one gated provider acquisition (3541.913815ms)
✔ lease fencing rejects late writers, duplicate publication, failure and owner ABA (2704.901026ms)
✔ failure preserves last-safe data/version, backs off 20/40/80/120 and resets on success (2402.792644ms)
✔ activity expires, requests reactivate, logical expiry precedes scoped cleanup (1838.316697ms)
✔ shared ranked views use collection/version CAS and preserve outage slots (2337.795527ms)
✔ invalid publication and unavailable shared DB never bypass coordination (2736.894422ms)
✔ default coordination uses the database clock even when callers supply a future clock (1878.055259ms)
✔ Radar can contain 100 accepted symbols while featured remains the same four/five prefix (138.24794ms)
✔ Renderer boundary preserves accepted anchors and telemetry while omitting private/provider/token data (2.664675ms)
✔ Unidentified accepted aircraft populate Radar with a neutral ident and no invented track (0.87585ms)
✔ Existing ranking eligibility rejects vehicles, ground aircraft, unsafe positions and conflicts (1.968052ms)
✔ Ranking deduplication selects the newest telemetry for Radar as well as featured cards (1.212549ms)
✔ Chicago, ORD and MDW reuse one collection but independently calculate proximity, crop and ranking (11.841039ms)
✔ Last-safe stale reads preserve featured order and report actual age without advancing accepted positions (5.142681ms)
✔ Telemetry and publication hard cutoffs remove old aircraft even when cached ranking state remains (2.216696ms)
✔ View assembly is pure and byte-bounded even when a private radar identifier is unexpectedly oversized (2.874203ms)
▶ passenger next-event lifecycle
  ✔ never sends final approach back to a departure event (2.677043ms)
  ✔ follows arrival stages monotonically (0.414905ms)
✔ passenger next-event lifecycle (5.041073ms)
▶ passenger airport presentation
  ✔ uses observations rather than publishing flight categories (1.929254ms)
  ✔ formats the UA219 gate event in Honolulu time, not the current wall clock (27.456441ms)
✔ passenger airport presentation (29.779737ms)
✔ Nearby fixture: healthyChicago (4.569481ms)
✔ Nearby fixture: ord (0.995188ms)
✔ Nearby fixture: mdw (0.754631ms)
✔ Nearby fixture: fourCardBoard (0.806222ms)
✔ Nearby fixture: fewerThanFour (0.779002ms)
✔ Nearby fixture: unknownRoute (0.472091ms)
✔ Nearby fixture: routeHint (0.431946ms)
✔ Nearby fixture: confirmedRoute (0.456155ms)
✔ Nearby fixture: extrapolatedPosition (1.500711ms)
✔ Nearby fixture: partialCoverage (2.319341ms)
✔ Nearby fixture: staleLastKnown (0.796812ms)
✔ Nearby fixture: emptySuccess (0.379526ms)
✔ Nearby fixture: feedUnavailable (0.358231ms)
✔ Nearby fixture: warming (0.529945ms)
✔ Nearby fixture: missingArea (0.328924ms)
✔ Nearby fixture: invalidArea (0.276876ms)
✔ Detail fixture: predeparture (1.499689ms)
✔ Detail fixture: pushbackDetected (1.474582ms)
✔ Detail fixture: taxiOut (1.26431ms)
✔ Detail fixture: takeoffRoll (1.642766ms)
✔ Detail fixture: airborne (6.987411ms)
✔ Detail fixture: arrival (1.820719ms)
✔ Detail fixture: finalApproach (0.937009ms)
✔ Detail fixture: landedTaxiIn (0.86647ms)
✔ Detail fixture: atGate (0.953117ms)
✔ Detail fixture: cancelled (1.117927ms)
✔ Detail fixture: diverted (1.781492ms)
✔ Detail fixture: stalePosition (1.163137ms)
✔ Detail fixture: noPosition (1.070347ms)
✔ Detail fixture: inferredLanding (1.20582ms)
✔ Detail fixture: providerActualLanding (1.391439ms)
✔ Detail fixture: unknownTimeProvenance (1.022805ms)
✔ Result fixture: resolved (2.622822ms)
✔ Result fixture: ambiguous (2.356514ms)
✔ Result fixture: notFound (0.277892ms)
✔ Result fixture: unavailable (0.247879ms)
✔ Result fixture: expired (0.146045ms)
✔ Result fixture: unsupported (0.135033ms)
✔ Result fixture: invalidRequest (0.109617ms)
✔ Result fixture: repeatedSameDay (0.652001ms)
✔ Strict request variants reject unknown and mixed properties at every level (4.588675ms)
✔ Dates, UTC instants, IANA zones and handle formats validate (0.964042ms)
✔ Nulls stay null; missing fact is not a false, zero, empty, or value:null (4.870932ms)
✔ Every public numeric kind rejects NaN/infinities and out-of-range coordinates (20.651493ms)
✔ Five-card/candidate, 128-point, UTF-8 payload and text bounds (14.939849ms)
✔ Nearby status invariants distinguish empty, outage, invalid and last-known (13.422646ms)
✔ All detailed result statuses enforce their discriminated invariants (11.554912ms)
✔ Route, selection, provenance, source attribution and unknown-position invariants (9.912123ms)
✔ Repeated same-day operations remain explicit choices with distinct handles (2.433161ms)
✔ Unsupported/missing area resolution is entirely synchronous, before acquisition (2.106693ms)
✔ Exported versioned JSON schemas prohibit additional properties recursively (37.284507ms)
✔ All approved aliases resolve inside Inbound with exact defaults (3.317597ms)
✔ Unsupported aliases/radii/limits/point input fail safely without clamping (1.874783ms)
✔ Nine views fit the proposed Chicago covering circle and re-crop independently (2.177705ms)
✔ Distance is nautical miles from area reference; statute conversion is display-only (3.088493ms)
✔ View key excludes per-viewer limit, identity and position options (0.298105ms)
✔ Foundation and fixture proof import no provider, live story, DB runtime, or current web UI (6.048938ms)
✔ Deployment is exactly three audited files byte-identical to the fixture build (813.696983ms)
✔ Negative safety fixtures reject outbound clients, forbidden modules, dynamic code, endpoints and credentials (3784.629411ms)
{"fixtureOnly":true,"method":"initialize","toolCalls":0,"egressPolicy":"static-isolation"}
{"fixtureOnly":true,"method":"tools/list","toolCalls":0,"egressPolicy":"static-isolation"}
{"fixtureOnly":true,"method":"resources/list","toolCalls":0,"egressPolicy":"static-isolation"}
{"fixtureOnly":true,"method":"resources/read","toolCalls":0,"egressPolicy":"static-isolation"}
{"fixtureOnly":true,"method":"tools/call","toolCalls":1,"egressPolicy":"static-isolation"}
{"fixtureOnly":true,"method":"tools/call","toolCalls":2,"egressPolicy":"static-isolation"}
{"fixtureOnly":true,"method":"tools/call","toolCalls":3,"egressPolicy":"static-isolation"}
{"fixtureOnly":true,"method":"tools/call","toolCalls":4,"egressPolicy":"static-isolation"}
{"fixtureOnly":true,"method":"tools/call","toolCalls":5,"egressPolicy":"static-isolation"}
✔ Compiled fixture works through real HTTP/Undici without changing host globals or Node builtins (486.119554ms)
{"fixtureOnly":true,"method":"initialize","toolCalls":0,"egressPolicy":"static-isolation"}
{"fixtureOnly":true,"method":"tools/list","toolCalls":0,"egressPolicy":"static-isolation"}
{"fixtureOnly":true,"method":"resources/list","toolCalls":0,"egressPolicy":"static-isolation"}
{"fixtureOnly":true,"method":"resources/read","toolCalls":0,"egressPolicy":"static-isolation"}
{"fixtureOnly":true,"method":"tools/call","toolCalls":1,"egressPolicy":"static-isolation"}
{"fixtureOnly":true,"method":"tools/call","toolCalls":2,"egressPolicy":"static-isolation"}
{"fixtureOnly":true,"method":"tools/list","toolCalls":2,"egressPolicy":"static-isolation"}
✔ Preview is read-only, fixture-only, bounded, and fails closed for production, secrets and expired test windows (89.33378ms)
✔ Fixture import leaves host transport and instrumentation writable (0.6083ms)
✔ Radar projection centers the named reference and preserves north/east and aspect ratio (5.193352ms)
✔ Radar projection rejects invalid coordinates and identifies out-of-view observations (0.299932ms)
✔ Same four existing fixture coordinates and timestamps survive Chicago/ORD/MDW reads (7.597537ms)
✔ Fixture response excludes aircraft outside the requested area before applying limit (1.264224ms)
✔ Radar fits deterministic airport and aircraft coordinates with valid mobile geometry (1.467578ms)
✔ Radar UI remains self-contained and passes the same build-time safety check (129.937892ms)
✔ Fixture tool never resolves flights, preserves nulls, and honors area/presentation input (39.880644ms)
✔ Self-contained UI resource has valid JS, safe fixture text and explicit host fallback (4.602092ms)
✔ Local MCP protocol discovery, UI metadata, JSON transport and safety boundaries (166.613015ms)
✔ Plugin phase shares Inbound's sustained evidence rules while raw display trend remains instantaneous (7.514393ms)
✔ Display-only vertical trend preserves its separate +/-250 fpm thresholds (0.471167ms)
✔ Shared destination geometry requires confirmed dated routes before an approach label (14.144779ms)
✔ Every hard eligibility exclusion is enforced, while unknown route/private identity remains eligible (2.343341ms)
✔ Exact score tops out at 128 and bonuses follow the frozen policy (1.674499ms)
✔ Confirmation ages and aircraft-session binding downgrade safely (0.292371ms)
✔ Ranking ties use score, distance, fix time then opaque card ID; input order is irrelevant (1.883118ms)
✔ Private identity deduplication picks the fresh fix and rejects conflicting sessions (1.224852ms)
✔ Shared top five and all one-to-five limits use one deterministic prefix (3.568879ms)
✔ Incumbents are held for 90 seconds despite a large challenger score (1.165618ms)
✔ Twenty-point margin is inclusive; one competitive replacement per version (1.488731ms)
✔ Hard removal bypasses hold, fills vacancies, and preserves surviving relative order (1.418499ms)
✔ Changing scores never sorts incumbents; reverse ranking tie breaks select the worst (0.938004ms)
✔ Outage does not rank or replace; cold failure has no board; inactive state expires (0.605158ms)
✔ Staged design is outside both automatic migration discovery paths (1.180957ms)
✔ Ephemeral DDL validates using existing local PGLite and Sql surface only (4707.452569ms)
▶ schedule-only presentation memory
  ✔ never remembers actual-only push, takeoff, or landing as scheduled (2.392224ms)
  ✔ never remembers estimated-only push, takeoff, or landing as scheduled (0.326634ms)
  ✔ remembers original schedules, and explicitly scheduled posted values (0.353917ms)
  ✔ uses explicit stamps to reject unscheduled server orig* seeds, including matching actual values (0.458478ms)
  ✔ hides unproven orig* seeds when the server schedule cannot supply explicit stamps (0.256511ms)
  ✔ keeps a known schedule across provider gaps without letting an earlier estimate replace it (0.176975ms)
  ✔ accepts a schedule equal to an actual when explicitly proven, including landing without pushback (0.274103ms)
  ✔ rejects nonfinite values (0.239343ms)
✔ schedule-only presentation memory (6.59557ms)
▶ shared time labels and local clocks
  ✔ uses the reported kind rather than guessing from equal clock times (0.414284ms)
  ✔ adds the device-local abbreviation to update clocks, including daylight saving and UTC (37.012979ms)
✔ shared time labels and local clocks (39.697812ms)
▶ next weather before strongest weather
  ✔ leads with light at 11 minutes, then moderate at 3h 48m, using the map/Weather copy (2.458519ms)
  ✔ removes passed events, includes an event starting now, and does not mutate samples (0.749072ms)
  ✔ does not invent a stronger secondary event for equal or weaker weather (1.176833ms)
✔ next weather before strongest weather (4.651879ms)
▶ radar tiles
  ✔ covers HNL through ORD, including Utah and the Midwest (1.631776ms)
  ✔ still covers a short domestic hop at a tighter zoom (0.366043ms)
  ✔ does not starve the east side of a wide box (0.408447ms)
✔ radar tiles (5.454452ms)
✔ filed-only and track holds keep geometry, last known progress and age together across provider IDs (14.456644ms)
✔ holds guard stateKey, service date and route; validated reroutes and landing own the new geometry (0.456848ms)
✔ fresh recovery projects the new real fix on held geometry instead of freezing old progress (5.21787ms)
✔ a runway change or deactivated arrival plan cannot reapply the previous approach (0.298688ms)
✔ free pan stops half a route screen beyond each edge (12.83665ms)
✔ free map zoom cannot shrink below 0.75 or exceed 12 (0.381336ms)
✔ bounds contain the viewport within the route buffer at every scale and aspect (0.636847ms)
✔ weather preview retains its existing zoom and pan limits (0.26858ms)
✔ filed → direct → filed, cold stores, reroute and concurrent weak polls retain the best same-leg geometry (4437.84415ms)
✔ route memory rejects unvalidated waypoints and isolates date/route/diversion changes (1.921402ms)
✔ loading aliases is read-only; their facts fold with a concurrent poll in one final CAS save (3425.072127ms)
✔ UA219 oceanic gap retains last observed progress and clock; fresh recovery resumes (2.847372ms)
✔ fresh progress accepts only real, timed airborne fixes within 90 s (1.474058ms)
✔ large tracks stay bounded and preserve the first and latest real observation (27.241676ms)
✔ light and explicit light-to-moderate are yellow; moderate-to-severe is red (2.104701ms)
✔ a continuous light-then-moderate event has one marker and changes color at the moderate sample (10.753021ms)
✔ a smooth gap of five minutes or less splits numbers and stays teal (1.65827ms)
✔ storm-only and cloud-only events have icons, not turbulence numbers (1.659808ms)
✔ each marker is exactly the first point of its segment, including unsorted samples and partial progress (1.926809ms)
✔ explicit light-to-moderate retains its yellow range label instead of becoming plain moderate (0.877403ms)
✔ yellow and red tokens contrast with both themes and the radar outline background (6.66803ms)
▶ runway chip screen layout
  ✔ places the chip opposite downwind without crossing a line or airport at 375px (7.652051ms)
  ✔ places the chip opposite downwind without crossing a line or airport at 390px (0.458595ms)
  ✔ hides a tiny overview approach and an offscreen threshold (0.306203ms)
  ✔ repositions for zoom and pan instead of clamping across the approach (0.729878ms)
  ✔ keeps the aircraft and overlay pills clear, or hides when no safe space remains (6.247527ms)
  ✔ handles segments crossing the screen with both endpoints outside (4.365716ms)
  ✔ uses the other side for a mirrored downwind (0.938303ms)
✔ runway chip screen layout (25.808049ms)
▶ departure evidence
  ✔ does not mark UA1532 airborne while its takeoff is still in the future (1.29472ms)
  ✔ does not treat gate departure alone as takeoff (0.718828ms)
  ✔ keeps an old FlightAware fix at its observed location (1.204662ms)
✔ departure evidence (5.343142ms)
▶ FlightAware JSON
  ✔ parses an object even when a string contains braces (0.341766ms)
✔ FlightAware JSON (0.710967ms)
▶ FA altitude
  ✔ treats FlightAware hundreds as feet (5.78216ms)
✔ FA altitude (6.011296ms)
▶ airborne without takeoff actual
  ✔ uses estimated takeoff once the flight is airborne (0.641499ms)
✔ airborne without takeoff actual (1.001405ms)
▶ live from FA track
  ✔ uses the last track point when top-level coord is missing (0.709352ms)
✔ live from FA track (0.917669ms)
▶ estimated takeoff is not observation
  ✔ keeps off-block flights on the ground when an airborne label precedes actual takeoff (0.247104ms)
✔ estimated takeoff is not observation (0.382174ms)
✔ each cache hit/miss/coalesced request logs duration, schedule source, fallback outcome and category (4.519096ms)
✔ overlapping flights keep request diagnostics isolated, including failure and cached-source recovery (2.070452ms)
▶ world country rings
  ✔ covers major landmasses (41.252723ms)
  ✔ does not scribble across the antimeridian (28.337128ms)
  ✔ shows countries on overseas route boxes (2.947967ms)
✔ world country rings (74.73764ms)
▶ admin1 rings
  ✔ includes US states, Canada provinces, Mexico states, Hawaii (3.574754ms)
  ✔ does not scribble across the antimeridian (5.760574ms)
✔ admin1 rings (9.82411ms)
▶ Great Lakes shoreline
  ✔ distinguishes Lake Michigan from Michigan land and preserves its islands (0.555925ms)
✔ Great Lakes shoreline (0.92175ms)
▶ route PIREP bounds
  ✔ bounds Chicago to Los Angeles and ignores invalid coordinates (3.134806ms)
  ✔ splits a dateline crossing into two narrow boxes (0.653889ms)
✔ route PIREP bounds (7.842748ms)
▶ route advisory validity
  ✔ omits a SIGMET or CWA before issue validity and after expiry (10.798028ms)
  ✔ matches a forecast snapshot to the time the aircraft reaches it (4.698852ms)
✔ route advisory validity (15.915712ms)
▶ altitude-aware AIRMET
  ✔ skips high-alt turbulence near the ground on arrival (1.163085ms)
  ✔ applies low-level AIRMET and LLWS only near the field (0.56416ms)
  ✔ parses FL bands (0.86995ms)
  ✔ uses severity when present (0.487584ms)
✔ altitude-aware AIRMET (10.614582ms)
▶ PIREP association
  ✔ rejects PIREPs that are far or at the wrong altitude (0.52859ms)
  ✔ reads FL from raw PIREP text (0.793756ms)
✔ PIREP association (1.624408ms)
▶ filed snapshot vs live delta
  ✔ keeps the first digest and reports weather deltas later (0.909227ms)
  ✔ hash changes when chop changes (4.336045ms)
✔ filed snapshot vs live delta (5.486163ms)
▶ TAF passenger line
  ✔ mentions tempo thunderstorms and low ceiling (1.015345ms)
  ✔ does not report a later storm as weather at an earlier arrival time (0.571064ms)
✔ TAF passenger line (1.780656ms)
▶ corridor stations
  ✔ picks airports near the path, not origin or dest (1.042383ms)
✔ corridor stations (1.244757ms)
▶ worseChop
  ✔ ranks severe over light (0.271034ms)
✔ worseChop (0.388434ms)
▶ airport-leg turbulence evidence
  ✔ rejects missing or high layers below 10,000 feet (4.736741ms)
  ✔ requires a nearby low-level PIREP, preserving cruise reports (0.147123ms)
✔ airport-leg turbulence evidence (5.005047ms)
ℹ tests 909
ℹ suites 88
ℹ pass 908
ℹ fail 0
ℹ cancelled 0
ℹ skipped 0
ℹ todo 1
ℹ duration_ms 78973.104946

✖ failing tests:

test at scripts/flight-audit-regression.test.mjs:837:3
⚠ loads an exact route from a FlightStats-style public status page (2.042587ms) # Held #6: unknown-airport route support — https://github.com/jarndtphoto/Inbound/blob/codex/test-suite-cleanup/docs/test-cleanup-held-bugs.md#6-zrh--unknown-airport-public-route-support
  AssertionError [ERR_ASSERTION]: Expected values to be strictly equal:
  
  undefined !== 'UA3'
  
      at TestContext.<anonymous> (file:///workspace/scratch/83746901af9a/inbound-route-enrichment/scripts/flight-audit-regression.test.mjs:840:12)
      at Test.runInAsyncScope (node:async_hooks:227:14)
      at Test.run (node:internal/test_runner/test:1382:25)
      at Suite.processPendingSubtests (node:internal/test_runner/test:960:18)
      at Test.postRun (node:internal/test_runner/test:1522:19)
      at Test.run (node:internal/test_runner/test:1447:12)
      at async Suite.processPendingSubtests (node:internal/test_runner/test:960:7) {
    generatedMessage: true,
    code: 'ERR_ASSERTION',
    actual: undefined,
    expected: 'UA3',
    operator: 'strictEqual',
    diff: 'simple'
  }
