[aeroapi] key unavailable; using public feed
▶ passenger weather presentation
  ✔ does not use numbered weather events as passenger titles (1.442156ms)
  ✔ uses experience-based weather titles and impact copy (0.600369ms)
  ✔ translates aviation products into passenger source labels (0.528149ms)
  ✔ retains internal marker numbering for map association (0.325575ms)
✔ passenger weather presentation (4.693945ms)
▶ zoom-stable route presentation
  ✔ keeps every route, flown-track, projected, outline, and weather stroke screen-sized (5.914011ms)
  ✔ uses butt caps on route runs so weather entry markers do not get a bullseye halo (0.711439ms)
  ✔ counter-scales route decorations and the aircraft inside the zoom group (0.883577ms)
  ✔ does not stack a convective halo underneath a numbered weather event (0.344443ms)
  ✔ keeps route water styling scoped away from the airport ground map (0.344715ms)
  ✔ fills the actual lake path with ocean water while retaining the shoreline (0.338024ms)
  ✔ fits the initial ground-map view to the loaded airport surface (1.526131ms)
✔ zoom-stable route presentation (11.04259ms)
▶ weather card copy hierarchy
  ✔ renders the full passenger headline once and uses a compact preview-map label (11.083393ms)
  ✔ keeps compact labels across turbulence, storms, and clouds (0.182714ms)
✔ weather card copy hierarchy (11.421421ms)
▶ final approach passenger stage
  ✔ keeps a descending aircraft 25 NM out in Arrival (1.139259ms)
  ✔ shows Final approach at 10 NM when low and descending (0.301017ms)
  ✔ keeps an established aircraft 5 NM out in Final approach (0.153596ms)
  ✔ allows close-in geometry when vertical rate and phase are missing (0.582402ms)
  ✔ uses heading toward destination as supporting evidence farther out (0.186187ms)
  ✔ rejects obviously high or implausibly slow close-in aircraft (0.194464ms)
  ✔ transitions touchdown to Landed/rollout (0.175788ms)
  ✔ does not show Final approach while high or far away (0.147551ms)
  ✔ logs final-approach evidence for live validation (1.361677ms)
  ✔ renders Final approach as a first-class passenger stage (0.653459ms)
✔ final approach passenger stage (8.754543ms)
▶ post-landing passenger stage
  ✔ keeps a fresh 120 kt touchdown as Landed/rollout (0.262707ms)
  ✔ makes fresh 18 kt ground movement a first-class Taxiing in stage (0.106872ms)
  ✔ makes fresh 35 kt post-rollout movement Taxiing in (0.136606ms)
  ✔ retains Taxiing in when the surface position disappears (0.084965ms)
  ✔ retains Taxiing in with a stale surface fix (0.083534ms)
  ✔ never marks a moving aircraft At gate without gate-in (0.114026ms)
  ✔ marks confirmed gate-in At gate (0.071313ms)
  ✔ marks robust stationary/parked detection At gate (0.063895ms)
  ✔ renders Taxiing in as the actual passenger stage (0.617633ms)
✔ post-landing passenger stage (1.87922ms)
[departure-telemetry] {
  callsignRequested: 'UA1532',
  flightInstance: 'leg:v1:UAL1532|2026-09-12|ORD|MSY',
  currentStage: 'push',
  pushLatched: true,
  taxiOutLatched: false,
  pushTimestamp: 1789231380,
  pushTimestampSource: 'provider_actual',
  firstDepartureMovement: false,
  rawTaxiHint: false,
  stageTaxiHint: false,
  taxiThresholdKt: 6,
  parkedObservedSec: 0,
  stationaryAtStand: false,
  awayFromPassengerGateArea: false,
  providerGateOut: { scheduled: 1789227420, estimated: 1789231200, actual: 1789231380 },
  providerGateOutPublic: { scheduled: 1789227420, estimated: 1789231200, actual: 1789231380 },
  groundspeedKt: null,
  onGround: null,
  distanceFromParkedNm: null,
  positionAgeSec: null,
  positionSource: 'fallback'
}
[push-evidence] {"callsignRequested":"UA1532","flightInstance":"leg:v1:UAL1532|2026-09-12|ORD|MSY","flightaware":{"flightId":null,"publicGateOut":{"scheduled":1789227420,"estimated":1789231200,"actual":1789231380},"aeroApiOut":null,"firstTrackMovement":null},"fr24":{"flightId":null,"status":"DISABLED","firstTrackMovement":null,"summaryOut":null},"adsb":{"firstTrackMovement":null,"positionAgeSec":null,"groundspeedKt":null,"distanceFromParkedNm":null},"inbound":{"parkedPosition":null,"selectedPush":{"unix":1789231380,"source":"provider_actual","evidence":null},"pushLatch":{"unix":1789231380,"source":"provider_actual","live":true,"at":1789231976},"taxiOutLatch":null,"finalPushUnix":1789231380,"finalPushSource":"provider_actual","phaseStatePersistenceOnLoad":"ok"}}
[story-request] {"scheduleSource":"flightaware_public","fallbackOutcome":"not_needed","cacheStatus":"miss","event":"story_request","requested":"UA1532","fresh":true,"durationMs":5345,"outcome":"ok","errorCategory":null}
[story-request] {"scheduleSource":"flightaware_public","fallbackOutcome":"not_needed","cacheStatus":"miss","event":"story_request","requested":"AA3008","fresh":true,"durationMs":37,"outcome":"ok","errorCategory":null}
[departure-telemetry] {
  callsignRequested: 'UA1533',
  flightInstance: 'leg:v1:UAL1533|2026-09-12|ORD|MSY',
  currentStage: 'origin_gate',
  pushLatched: false,
  taxiOutLatched: false,
  pushTimestamp: null,
  pushTimestampSource: null,
  firstDepartureMovement: false,
  rawTaxiHint: false,
  stageTaxiHint: false,
  taxiThresholdKt: 6,
  parkedObservedSec: 0,
  stationaryAtStand: true,
  awayFromPassengerGateArea: false,
  providerGateOut: { scheduled: 1789227420, estimated: 1789231200, actual: null },
  providerGateOutPublic: { scheduled: 1789227420, estimated: 1789231200, actual: null },
  groundspeedKt: 0,
  onGround: true,
  distanceFromParkedNm: 0,
  positionAgeSec: 0,
  positionSource: 'adsb'
}
[push-evidence] {"callsignRequested":"UA1533","flightInstance":"leg:v1:UAL1533|2026-09-12|ORD|MSY","flightaware":{"flightId":null,"publicGateOut":{"scheduled":1789227420,"estimated":1789231200,"actual":null},"aeroApiOut":null,"firstTrackMovement":null},"fr24":{"flightId":null,"status":"DISABLED","firstTrackMovement":null,"summaryOut":null},"adsb":{"firstTrackMovement":null,"positionAgeSec":0,"groundspeedKt":0,"distanceFromParkedNm":0},"inbound":{"parkedPosition":{"lat":41.9786,"lon":-87.9048,"at":1789231976000},"selectedPush":null,"pushLatch":null,"taxiOutLatch":null,"finalPushUnix":null,"finalPushSource":null,"phaseStatePersistenceOnLoad":"ok"}}
[story-request] {"scheduleSource":"flightaware_public","fallbackOutcome":"not_needed","cacheStatus":"miss","event":"story_request","requested":"UA1533","fresh":true,"durationMs":21,"outcome":"ok","errorCategory":null}
[departure-telemetry] {
  callsignRequested: 'UA1533',
  flightInstance: 'leg:v1:UAL1533|2026-09-12|ORD|MSY',
  currentStage: 'origin_gate',
  pushLatched: false,
  taxiOutLatched: false,
  pushTimestamp: null,
  pushTimestampSource: null,
  firstDepartureMovement: false,
  rawTaxiHint: false,
  stageTaxiHint: false,
  taxiThresholdKt: 6,
  parkedObservedSec: 65,
  stationaryAtStand: true,
  awayFromPassengerGateArea: false,
  providerGateOut: { scheduled: 1789227420, estimated: 1789231200, actual: 1789232031 },
  providerGateOutPublic: { scheduled: 1789227420, estimated: 1789231200, actual: 1789232031 },
  groundspeedKt: 0,
  onGround: true,
  distanceFromParkedNm: 0,
  positionAgeSec: 0,
  positionSource: 'adsb'
}
[push-evidence] {"callsignRequested":"UA1533","flightInstance":"leg:v1:UAL1533|2026-09-12|ORD|MSY","flightaware":{"flightId":null,"publicGateOut":{"scheduled":1789227420,"estimated":1789231200,"actual":1789232031},"aeroApiOut":null,"firstTrackMovement":null},"fr24":{"flightId":null,"status":"DISABLED","firstTrackMovement":null,"summaryOut":null},"adsb":{"firstTrackMovement":null,"positionAgeSec":0,"groundspeedKt":0,"distanceFromParkedNm":0},"inbound":{"parkedPosition":{"lat":41.9786,"lon":-87.9048,"at":1789231976000},"selectedPush":{"unix":1789232031,"source":"provider_actual","evidence":null},"pushLatch":null,"taxiOutLatch":null,"finalPushUnix":null,"finalPushSource":null,"phaseStatePersistenceOnLoad":"ok"}}
[story-request] {"scheduleSource":"flightaware_public","fallbackOutcome":"not_needed","cacheStatus":"miss","event":"story_request","requested":"UA1533","fresh":true,"durationMs":18,"outcome":"ok","errorCategory":null}
[departure-telemetry] {
  callsignRequested: 'UA1533',
  flightInstance: 'leg:v1:UAL1533|2026-09-12|ORD|MSY',
  currentStage: 'push',
  pushLatched: true,
  taxiOutLatched: false,
  pushTimestamp: 1789232031,
  pushTimestampSource: 'provider_actual',
  firstDepartureMovement: false,
  rawTaxiHint: false,
  stageTaxiHint: false,
  taxiThresholdKt: 6,
  parkedObservedSec: 70,
  stationaryAtStand: false,
  awayFromPassengerGateArea: false,
  providerGateOut: { scheduled: 1789227420, estimated: 1789231200, actual: 1789232031 },
  providerGateOutPublic: { scheduled: 1789227420, estimated: 1789231200, actual: 1789232031 },
  groundspeedKt: 3,
  onGround: true,
  distanceFromParkedNm: 0.05802388793119437,
  positionAgeSec: 0,
  positionSource: 'adsb'
}
[push-evidence] {"callsignRequested":"UA1533","flightInstance":"leg:v1:UAL1533|2026-09-12|ORD|MSY","flightaware":{"flightId":null,"publicGateOut":{"scheduled":1789227420,"estimated":1789231200,"actual":1789232031},"aeroApiOut":null,"firstTrackMovement":null},"fr24":{"flightId":null,"status":"DISABLED","firstTrackMovement":null,"summaryOut":null},"adsb":{"firstTrackMovement":null,"positionAgeSec":0,"groundspeedKt":3,"distanceFromParkedNm":0.05802388793119437},"inbound":{"parkedPosition":{"lat":41.9786,"lon":-87.9048,"at":1789231976000},"selectedPush":{"unix":1789232031,"source":"provider_actual","evidence":null},"pushLatch":{"unix":1789232031,"source":"provider_actual","live":true,"at":1789232046},"taxiOutLatch":null,"finalPushUnix":1789232031,"finalPushSource":"provider_actual","phaseStatePersistenceOnLoad":"ok"}}
[story-request] {"scheduleSource":"flightaware_public","fallbackOutcome":"not_needed","cacheStatus":"miss","event":"story_request","requested":"UA1533","fresh":true,"durationMs":20,"outcome":"ok","errorCategory":null}
[departure-telemetry] {
  callsignRequested: 'UA1533',
  flightInstance: 'leg:v1:UAL1533|2026-09-12|ORD|MSY',
  currentStage: 'push',
  pushLatched: true,
  taxiOutLatched: false,
  pushTimestamp: 1789232031,
  pushTimestampSource: 'provider_actual',
  firstDepartureMovement: false,
  rawTaxiHint: false,
  stageTaxiHint: false,
  taxiThresholdKt: 6,
  parkedObservedSec: 75,
  stationaryAtStand: false,
  awayFromPassengerGateArea: false,
  providerGateOut: { scheduled: 1789227420, estimated: 1789231200, actual: 1789232031 },
  providerGateOutPublic: { scheduled: 1789227420, estimated: 1789231200, actual: 1789232031 },
  groundspeedKt: 0,
  onGround: true,
  distanceFromParkedNm: 0.06695063992068874,
  positionAgeSec: 0,
  positionSource: 'adsb'
}
[push-evidence] {"callsignRequested":"UA1533","flightInstance":"leg:v1:UAL1533|2026-09-12|ORD|MSY","flightaware":{"flightId":null,"publicGateOut":{"scheduled":1789227420,"estimated":1789231200,"actual":1789232031},"aeroApiOut":null,"firstTrackMovement":null},"fr24":{"flightId":null,"status":"DISABLED","firstTrackMovement":null,"summaryOut":null},"adsb":{"firstTrackMovement":null,"positionAgeSec":0,"groundspeedKt":0,"distanceFromParkedNm":0.06695063992068874},"inbound":{"parkedPosition":{"lat":41.9786,"lon":-87.9048,"at":1789231976000},"selectedPush":{"unix":1789232031,"source":"provider_actual","evidence":null},"pushLatch":{"unix":1789232031,"source":"provider_actual","live":true,"at":1789232051},"taxiOutLatch":null,"finalPushUnix":1789232031,"finalPushSource":"provider_actual","phaseStatePersistenceOnLoad":"ok"}}
[story-request] {"scheduleSource":"flightaware_public","fallbackOutcome":"not_needed","cacheStatus":"miss","event":"story_request","requested":"UA1533","fresh":true,"durationMs":20,"outcome":"ok","errorCategory":null}
[story-request] {"scheduleSource":"unavailable","fallbackOutcome":"unavailable","cacheStatus":"miss","event":"story_request","requested":"UA9087","fresh":true,"durationMs":3,"outcome":"error","errorCategory":"source_unavailable"}
[schedule-fallback-unavailable] {
  callsign: 'UAL9087',
  reason: 'Current flight route unavailable: schedule provider returned no flight data. Please try again shortly.'
}
[story-request] {"scheduleSource":"unavailable","fallbackOutcome":"unavailable","cacheStatus":"miss","event":"story_request","requested":"WN2531","fresh":true,"durationMs":2,"outcome":"error","errorCategory":"source_unavailable"}
[schedule-fallback-unavailable] {
  callsign: 'SWA2531',
  reason: 'Current flight route unavailable: schedule provider returned HTTP 503. Please try again shortly.'
}
[story-request] {"scheduleSource":"flightaware_public","fallbackOutcome":"not_needed","cacheStatus":"miss","event":"story_request","requested":"WN2512","fresh":true,"durationMs":13,"outcome":"ok","errorCategory":null}
[story-request] {"scheduleSource":"flightaware_public","fallbackOutcome":"not_needed","cacheStatus":"miss","event":"story_request","requested":"UA218","fresh":true,"durationMs":27,"outcome":"ok","errorCategory":null}
[departure-telemetry] {
  callsignRequested: 'WN363',
  flightInstance: 'leg:v1:SWA363|2026-09-12|MDW|LGB',
  currentStage: 'push',
  pushLatched: true,
  taxiOutLatched: false,
  pushTimestamp: 1789231886,
  pushTimestampSource: 'provider_actual',
  firstDepartureMovement: false,
  rawTaxiHint: false,
  stageTaxiHint: false,
  taxiThresholdKt: 6,
  parkedObservedSec: 0,
  stationaryAtStand: false,
  awayFromPassengerGateArea: false,
  providerGateOut: { scheduled: 1789227420, estimated: 1789231200, actual: 1789231886 },
  providerGateOutPublic: { scheduled: 1789227420, estimated: 1789231200, actual: 1789231886 },
  groundspeedKt: 0,
  onGround: true,
  distanceFromParkedNm: null,
  positionAgeSec: 1,
  positionSource: 'adsb'
}
[push-evidence] {"callsignRequested":"WN363","flightInstance":"leg:v1:SWA363|2026-09-12|MDW|LGB","flightaware":{"flightId":null,"publicGateOut":{"scheduled":1789227420,"estimated":1789231200,"actual":1789231886},"aeroApiOut":null,"firstTrackMovement":null},"fr24":{"flightId":null,"status":"DISABLED","firstTrackMovement":null,"summaryOut":null},"adsb":{"firstTrackMovement":null,"positionAgeSec":1,"groundspeedKt":0,"distanceFromParkedNm":null},"inbound":{"parkedPosition":null,"selectedPush":{"unix":1789231886,"source":"provider_actual","evidence":null},"pushLatch":{"unix":1789231886,"source":"provider_actual","live":true,"at":1789231976},"taxiOutLatch":null,"finalPushUnix":1789231886,"finalPushSource":"provider_actual","phaseStatePersistenceOnLoad":"ok"}}
[story-request] {"scheduleSource":"flightaware_public","fallbackOutcome":"not_needed","cacheStatus":"miss","event":"story_request","requested":"WN363","fresh":true,"durationMs":24,"outcome":"ok","errorCategory":null}
[departure-telemetry] {
  callsignRequested: 'WN1035',
  flightInstance: 'leg:v1:SWA1035|2026-09-12|MDW|LGB',
  currentStage: 'taxi',
  pushLatched: true,
  taxiOutLatched: true,
  pushTimestamp: 1789231796,
  pushTimestampSource: 'provider_actual',
  firstDepartureMovement: false,
  rawTaxiHint: true,
  stageTaxiHint: true,
  taxiThresholdKt: 6,
  parkedObservedSec: 0,
  stationaryAtStand: false,
  awayFromPassengerGateArea: false,
  providerGateOut: { scheduled: 1789227420, estimated: 1789231200, actual: 1789231796 },
  providerGateOutPublic: { scheduled: 1789227420, estimated: 1789231200, actual: 1789231796 },
  groundspeedKt: 14,
  onGround: true,
  distanceFromParkedNm: null,
  positionAgeSec: 1,
  positionSource: 'adsb'
}
[push-evidence] {"callsignRequested":"WN1035","flightInstance":"leg:v1:SWA1035|2026-09-12|MDW|LGB","flightaware":{"flightId":null,"publicGateOut":{"scheduled":1789227420,"estimated":1789231200,"actual":1789231796},"aeroApiOut":null,"firstTrackMovement":null},"fr24":{"flightId":null,"status":"DISABLED","firstTrackMovement":null,"summaryOut":null},"adsb":{"firstTrackMovement":null,"positionAgeSec":1,"groundspeedKt":14,"distanceFromParkedNm":null},"inbound":{"parkedPosition":null,"selectedPush":{"unix":1789231796,"source":"provider_actual","evidence":null},"pushLatch":{"unix":1789231796,"source":"provider_actual","live":true,"at":1789231976},"taxiOutLatch":{"at":1789231976},"finalPushUnix":1789231796,"finalPushSource":"provider_actual","phaseStatePersistenceOnLoad":"ok"}}
[story-request] {"scheduleSource":"flightaware_public","fallbackOutcome":"not_needed","cacheStatus":"miss","event":"story_request","requested":"WN1035","fresh":true,"durationMs":23,"outcome":"ok","errorCategory":null}
[departure-telemetry] {
  callsignRequested: 'WN102',
  flightInstance: 'leg:v1:SWA102|2026-09-12|MDW|LGB',
  currentStage: 'taxi',
  pushLatched: true,
  taxiOutLatched: true,
  pushTimestamp: 1789231396,
  pushTimestampSource: 'provider_actual',
  firstDepartureMovement: false,
  rawTaxiHint: true,
  stageTaxiHint: true,
  taxiThresholdKt: 6,
  parkedObservedSec: 0,
  stationaryAtStand: false,
  awayFromPassengerGateArea: false,
  providerGateOut: { scheduled: 1789227420, estimated: 1789231200, actual: 1789231396 },
  providerGateOutPublic: { scheduled: 1789227420, estimated: 1789231200, actual: 1789231396 },
  groundspeedKt: 65,
  onGround: true,
  distanceFromParkedNm: null,
  positionAgeSec: 1,
  positionSource: 'adsb'
}
[push-evidence] {"callsignRequested":"WN102","flightInstance":"leg:v1:SWA102|2026-09-12|MDW|LGB","flightaware":{"flightId":null,"publicGateOut":{"scheduled":1789227420,"estimated":1789231200,"actual":1789231396},"aeroApiOut":null,"firstTrackMovement":null},"fr24":{"flightId":null,"status":"DISABLED","firstTrackMovement":null,"summaryOut":null},"adsb":{"firstTrackMovement":null,"positionAgeSec":1,"groundspeedKt":65,"distanceFromParkedNm":null},"inbound":{"parkedPosition":null,"selectedPush":{"unix":1789231396,"source":"provider_actual","evidence":null},"pushLatch":{"unix":1789231396,"source":"provider_actual","live":true,"at":1789231976},"taxiOutLatch":{"at":1789231976},"finalPushUnix":1789231396,"finalPushSource":"provider_actual","phaseStatePersistenceOnLoad":"ok"}}
[story-request] {"scheduleSource":"flightaware_public","fallbackOutcome":"not_needed","cacheStatus":"miss","event":"story_request","requested":"WN102","fresh":true,"durationMs":23,"outcome":"ok","errorCategory":null}
[departure-telemetry] {
  callsignRequested: 'UA9219',
  flightInstance: 'leg:v1:UAL9219|2026-09-12|ORD|MSY',
  currentStage: 'origin_gate',
  pushLatched: false,
  taxiOutLatched: false,
  pushTimestamp: null,
  pushTimestampSource: null,
  firstDepartureMovement: false,
  rawTaxiHint: false,
  stageTaxiHint: false,
  taxiThresholdKt: 6,
  parkedObservedSec: 0,
  stationaryAtStand: true,
  awayFromPassengerGateArea: false,
  providerGateOut: { scheduled: 1789230300, estimated: 1789230300, actual: null },
  providerGateOutPublic: { scheduled: 1789230300, estimated: 1789230300, actual: null },
  groundspeedKt: 0,
  onGround: true,
  distanceFromParkedNm: 0,
  positionAgeSec: 0,
  positionSource: 'adsb'
}
[push-evidence] {"callsignRequested":"UA9219","flightInstance":"leg:v1:UAL9219|2026-09-12|ORD|MSY","flightaware":{"flightId":"UAL9219-20260914-test","publicGateOut":{"scheduled":1789230300,"estimated":1789230300,"actual":null},"aeroApiOut":null,"firstTrackMovement":null},"fr24":{"flightId":null,"status":"DISABLED","firstTrackMovement":null,"summaryOut":null},"adsb":{"firstTrackMovement":null,"positionAgeSec":0,"groundspeedKt":0,"distanceFromParkedNm":0},"inbound":{"parkedPosition":{"lat":41.9786,"lon":-87.9048,"at":1789230600000},"selectedPush":null,"pushLatch":null,"taxiOutLatch":null,"finalPushUnix":null,"finalPushSource":null,"phaseStatePersistenceOnLoad":"ok"}}
[story-request] {"scheduleSource":"flightaware_public","fallbackOutcome":"not_needed","cacheStatus":"miss","event":"story_request","requested":"UA9219","fresh":true,"durationMs":21,"outcome":"ok","errorCategory":null}
[departure-telemetry] {
  callsignRequested: 'UA9219',
  flightInstance: 'leg:v1:UAL9219|2026-09-12|ORD|MSY',
  currentStage: 'push',
  pushLatched: true,
  taxiOutLatched: false,
  pushTimestamp: 1789231020,
  pushTimestampSource: 'live_detected',
  firstDepartureMovement: true,
  rawTaxiHint: false,
  stageTaxiHint: false,
  taxiThresholdKt: 6,
  parkedObservedSec: 420,
  stationaryAtStand: false,
  awayFromPassengerGateArea: false,
  providerGateOut: { scheduled: 1789230300, estimated: 1789230300, actual: null },
  providerGateOutPublic: { scheduled: 1789230300, estimated: 1789230300, actual: null },
  groundspeedKt: 4,
  onGround: true,
  distanceFromParkedNm: 0.05356051193641675,
  positionAgeSec: 0,
  positionSource: 'adsb'
}
[push-evidence] {"callsignRequested":"UA9219","flightInstance":"leg:v1:UAL9219|2026-09-12|ORD|MSY","flightaware":{"flightId":"UAL9219-20260914-test","publicGateOut":{"scheduled":1789230300,"estimated":1789230300,"actual":null},"aeroApiOut":null,"firstTrackMovement":null},"fr24":{"flightId":null,"status":"DISABLED","firstTrackMovement":null,"summaryOut":null},"adsb":{"firstTrackMovement":null,"positionAgeSec":0,"groundspeedKt":4,"distanceFromParkedNm":0.05356051193641675},"inbound":{"parkedPosition":{"lat":41.9786,"lon":-87.9048,"at":1789230600000},"selectedPush":null,"pushLatch":{"unix":1789231020,"source":"live_detected","live":true,"at":1789231020},"taxiOutLatch":null,"finalPushUnix":1789231020,"finalPushSource":"live_detected","phaseStatePersistenceOnLoad":"ok"}}
[story-request] {"scheduleSource":"flightaware_public","fallbackOutcome":"not_needed","cacheStatus":"miss","event":"story_request","requested":"UA9219","fresh":true,"durationMs":19,"outcome":"ok","errorCategory":null}
[departure-telemetry] {
  callsignRequested: 'UA9219',
  flightInstance: 'leg:v1:UAL9219|2026-09-12|ORD|MSY',
  currentStage: 'taxi',
  pushLatched: true,
  taxiOutLatched: true,
  pushTimestamp: 1789231020,
  pushTimestampSource: 'live_detected',
  firstDepartureMovement: false,
  rawTaxiHint: true,
  stageTaxiHint: true,
  taxiThresholdKt: 6,
  parkedObservedSec: 450,
  stationaryAtStand: false,
  awayFromPassengerGateArea: false,
  providerGateOut: { scheduled: 1789230300, estimated: 1789230300, actual: null },
  providerGateOutPublic: { scheduled: 1789230300, estimated: 1789230300, actual: null },
  groundspeedKt: 15,
  onGround: true,
  distanceFromParkedNm: 0.14282803182330792,
  positionAgeSec: 0,
  positionSource: 'adsb'
}
[push-evidence] {"callsignRequested":"UA9219","flightInstance":"leg:v1:UAL9219|2026-09-12|ORD|MSY","flightaware":{"flightId":"UAL9219-20260914-test","publicGateOut":{"scheduled":1789230300,"estimated":1789230300,"actual":null},"aeroApiOut":null,"firstTrackMovement":null},"fr24":{"flightId":null,"status":"DISABLED","firstTrackMovement":null,"summaryOut":null},"adsb":{"firstTrackMovement":null,"positionAgeSec":0,"groundspeedKt":15,"distanceFromParkedNm":0.14282803182330792},"inbound":{"parkedPosition":{"lat":41.9786,"lon":-87.9048,"at":1789230600000},"selectedPush":null,"pushLatch":{"unix":1789231020,"source":"live_detected","live":true,"at":1789231050},"taxiOutLatch":{"at":1789231050},"finalPushUnix":1789231020,"finalPushSource":"live_detected","phaseStatePersistenceOnLoad":"ok"}}
[story-request] {"scheduleSource":"flightaware_public","fallbackOutcome":"not_needed","cacheStatus":"miss","event":"story_request","requested":"UA9219","fresh":true,"durationMs":20,"outcome":"ok","errorCategory":null}
[departure-telemetry] {
  callsignRequested: 'UA9219',
  flightInstance: 'leg:v1:UAL9219|2026-09-12|ORD|MSY',
  currentStage: 'taxi',
  pushLatched: true,
  taxiOutLatched: true,
  pushTimestamp: 1789231020,
  pushTimestampSource: 'live_detected',
  firstDepartureMovement: false,
  rawTaxiHint: true,
  stageTaxiHint: true,
  taxiThresholdKt: 6,
  parkedObservedSec: 490,
  stationaryAtStand: false,
  awayFromPassengerGateArea: false,
  providerGateOut: { scheduled: 1789230300, estimated: 1789230300, actual: 1789231080 },
  providerGateOutPublic: { scheduled: 1789230300, estimated: 1789230300, actual: 1789231080 },
  groundspeedKt: 15,
  onGround: true,
  distanceFromParkedNm: 0.14282803182330792,
  positionAgeSec: 0,
  positionSource: 'adsb'
}
[push-evidence] {"callsignRequested":"UA9219","flightInstance":"leg:v1:UAL9219|2026-09-12|ORD|MSY","flightaware":{"flightId":"UAL9219-20260914-test","publicGateOut":{"scheduled":1789230300,"estimated":1789230300,"actual":1789231080},"aeroApiOut":null,"firstTrackMovement":null},"fr24":{"flightId":null,"status":"DISABLED","firstTrackMovement":null,"summaryOut":null},"adsb":{"firstTrackMovement":null,"positionAgeSec":0,"groundspeedKt":15,"distanceFromParkedNm":0.14282803182330792},"inbound":{"parkedPosition":{"lat":41.9786,"lon":-87.9048,"at":1789230600000},"selectedPush":{"unix":1789231080,"source":"provider_actual","evidence":null},"pushLatch":{"unix":1789231020,"source":"live_detected","live":true,"at":1789231090},"taxiOutLatch":{"at":1789231090},"finalPushUnix":1789231020,"finalPushSource":"live_detected","phaseStatePersistenceOnLoad":"ok"}}
[story-request] {"scheduleSource":"flightaware_public","fallbackOutcome":"not_needed","cacheStatus":"miss","event":"story_request","requested":"UA9219","fresh":true,"durationMs":30,"outcome":"ok","errorCategory":null}
[departure-telemetry] {
  callsignRequested: 'UA9360',
  flightInstance: 'leg:v1:UAL9360|2026-09-12|ORD|MSY',
  currentStage: 'origin_gate',
  pushLatched: false,
  taxiOutLatched: false,
  pushTimestamp: null,
  pushTimestampSource: null,
  firstDepartureMovement: false,
  rawTaxiHint: false,
  stageTaxiHint: false,
  taxiThresholdKt: 6,
  parkedObservedSec: 0,
  stationaryAtStand: true,
  awayFromPassengerGateArea: false,
  providerGateOut: { scheduled: 1789230000, estimated: 1789230600, actual: null },
  providerGateOutPublic: { scheduled: 1789230000, estimated: 1789230600, actual: null },
  groundspeedKt: 0,
  onGround: true,
  distanceFromParkedNm: 0,
  positionAgeSec: 0,
  positionSource: 'adsb'
}
[push-evidence] {"callsignRequested":"UA9360","flightInstance":"leg:v1:UAL9360|2026-09-12|ORD|MSY","flightaware":{"flightId":"UAL9360-20260914-test","publicGateOut":{"scheduled":1789230000,"estimated":1789230600,"actual":null},"aeroApiOut":null,"firstTrackMovement":null},"fr24":{"flightId":null,"status":"DISABLED","firstTrackMovement":null,"summaryOut":null},"adsb":{"firstTrackMovement":null,"positionAgeSec":0,"groundspeedKt":0,"distanceFromParkedNm":0},"inbound":{"parkedPosition":{"lat":41.9786,"lon":-87.9048,"at":1789230600000},"selectedPush":null,"pushLatch":null,"taxiOutLatch":null,"finalPushUnix":null,"finalPushSource":null,"phaseStatePersistenceOnLoad":"ok"}}
[story-request] {"scheduleSource":"flightaware_public","fallbackOutcome":"not_needed","cacheStatus":"miss","event":"story_request","requested":"UA9360","fresh":true,"durationMs":16,"outcome":"ok","errorCategory":null}
[departure-telemetry] {
  callsignRequested: 'UA9360',
  flightInstance: 'leg:v1:UAL9360|2026-09-12|ORD|MSY',
  currentStage: 'push',
  pushLatched: true,
  taxiOutLatched: false,
  pushTimestamp: 1789230610,
  pushTimestampSource: 'live_detected',
  firstDepartureMovement: true,
  rawTaxiHint: false,
  stageTaxiHint: false,
  taxiThresholdKt: 6,
  parkedObservedSec: 10,
  stationaryAtStand: false,
  awayFromPassengerGateArea: false,
  providerGateOut: { scheduled: 1789230000, estimated: 1789230600, actual: null },
  providerGateOutPublic: { scheduled: 1789230000, estimated: 1789230600, actual: null },
  groundspeedKt: 4,
  onGround: true,
  distanceFromParkedNm: 0.05356051193641675,
  positionAgeSec: 0,
  positionSource: 'adsb'
}
[push-evidence] {"callsignRequested":"UA9360","flightInstance":"leg:v1:UAL9360|2026-09-12|ORD|MSY","flightaware":{"flightId":"UAL9360-20260914-test","publicGateOut":{"scheduled":1789230000,"estimated":1789230600,"actual":null},"aeroApiOut":null,"firstTrackMovement":null},"fr24":{"flightId":null,"status":"DISABLED","firstTrackMovement":null,"summaryOut":null},"adsb":{"firstTrackMovement":null,"positionAgeSec":0,"groundspeedKt":4,"distanceFromParkedNm":0.05356051193641675},"inbound":{"parkedPosition":{"lat":41.9786,"lon":-87.9048,"at":1789230600000},"selectedPush":null,"pushLatch":{"unix":1789230610,"source":"live_detected","live":true,"at":1789230610},"taxiOutLatch":null,"finalPushUnix":1789230610,"finalPushSource":"live_detected","phaseStatePersistenceOnLoad":"ok"}}
[story-request] {"scheduleSource":"flightaware_public","fallbackOutcome":"not_needed","cacheStatus":"miss","event":"story_request","requested":"UA9360","fresh":true,"durationMs":22,"outcome":"ok","errorCategory":null}
[departure-telemetry] {
  callsignRequested: 'UA9360',
  flightInstance: 'leg:v1:UAL9360|2026-09-12|ORD|MSY',
  currentStage: 'taxi',
  pushLatched: true,
  taxiOutLatched: true,
  pushTimestamp: 1789230610,
  pushTimestampSource: 'live_detected',
  firstDepartureMovement: false,
  rawTaxiHint: true,
  stageTaxiHint: true,
  taxiThresholdKt: 6,
  parkedObservedSec: 20,
  stationaryAtStand: false,
  awayFromPassengerGateArea: false,
  providerGateOut: { scheduled: 1789230000, estimated: 1789230600, actual: null },
  providerGateOutPublic: { scheduled: 1789230000, estimated: 1789230600, actual: null },
  groundspeedKt: 15,
  onGround: true,
  distanceFromParkedNm: 0.14282803182330792,
  positionAgeSec: 0,
  positionSource: 'adsb'
}
[push-evidence] {"callsignRequested":"UA9360","flightInstance":"leg:v1:UAL9360|2026-09-12|ORD|MSY","flightaware":{"flightId":"UAL9360-20260914-test","publicGateOut":{"scheduled":1789230000,"estimated":1789230600,"actual":null},"aeroApiOut":null,"firstTrackMovement":null},"fr24":{"flightId":null,"status":"DISABLED","firstTrackMovement":null,"summaryOut":null},"adsb":{"firstTrackMovement":null,"positionAgeSec":0,"groundspeedKt":15,"distanceFromParkedNm":0.14282803182330792},"inbound":{"parkedPosition":{"lat":41.9786,"lon":-87.9048,"at":1789230600000},"selectedPush":null,"pushLatch":{"unix":1789230610,"source":"live_detected","live":true,"at":1789230620},"taxiOutLatch":{"at":1789230620},"finalPushUnix":1789230610,"finalPushSource":"live_detected","phaseStatePersistenceOnLoad":"ok"}}
[story-request] {"scheduleSource":"flightaware_public","fallbackOutcome":"not_needed","cacheStatus":"miss","event":"story_request","requested":"UA9360","fresh":true,"durationMs":40,"outcome":"ok","errorCategory":null}
[departure-telemetry] {
  callsignRequested: 'UA9360',
  flightInstance: 'leg:v1:UAL9360|2026-09-12|ORD|MSY',
  currentStage: 'taxi',
  pushLatched: true,
  taxiOutLatched: true,
  pushTimestamp: 1789230610,
  pushTimestampSource: 'live_detected',
  firstDepartureMovement: false,
  rawTaxiHint: false,
  stageTaxiHint: false,
  taxiThresholdKt: 6,
  parkedObservedSec: 30,
  stationaryAtStand: false,
  awayFromPassengerGateArea: false,
  providerGateOut: { scheduled: 1789230000, estimated: 1789230600, actual: null },
  providerGateOutPublic: { scheduled: 1789230000, estimated: 1789230600, actual: null },
  groundspeedKt: 2,
  onGround: true,
  distanceFromParkedNm: 0.14282803182330792,
  positionAgeSec: 0,
  positionSource: 'adsb'
}
[push-evidence] {"callsignRequested":"UA9360","flightInstance":"leg:v1:UAL9360|2026-09-12|ORD|MSY","flightaware":{"flightId":"UAL9360-20260914-test","publicGateOut":{"scheduled":1789230000,"estimated":1789230600,"actual":null},"aeroApiOut":null,"firstTrackMovement":null},"fr24":{"flightId":null,"status":"DISABLED","firstTrackMovement":null,"summaryOut":null},"adsb":{"firstTrackMovement":null,"positionAgeSec":0,"groundspeedKt":2,"distanceFromParkedNm":0.14282803182330792},"inbound":{"parkedPosition":{"lat":41.9786,"lon":-87.9048,"at":1789230600000},"selectedPush":null,"pushLatch":{"unix":1789230610,"source":"live_detected","live":true,"at":1789230630},"taxiOutLatch":{"at":1789230620},"finalPushUnix":1789230610,"finalPushSource":"live_detected","phaseStatePersistenceOnLoad":"ok"}}
[story-request] {"scheduleSource":"flightaware_public","fallbackOutcome":"not_needed","cacheStatus":"miss","event":"story_request","requested":"UA9360","fresh":true,"durationMs":17,"outcome":"ok","errorCategory":null}
[departure-telemetry] {
  callsignRequested: 'UA9360',
  flightInstance: 'leg:v1:UAL9360|2026-09-12|ORD|MSY',
  currentStage: 'taxi',
  pushLatched: true,
  taxiOutLatched: true,
  pushTimestamp: 1789230610,
  pushTimestampSource: 'live_detected',
  firstDepartureMovement: false,
  rawTaxiHint: false,
  stageTaxiHint: false,
  taxiThresholdKt: 6,
  parkedObservedSec: 40,
  stationaryAtStand: false,
  awayFromPassengerGateArea: false,
  providerGateOut: { scheduled: 1789230000, estimated: 1789230600, actual: null },
  providerGateOutPublic: { scheduled: 1789230000, estimated: 1789230600, actual: null },
  groundspeedKt: 0,
  onGround: true,
  distanceFromParkedNm: 0.14282803182330792,
  positionAgeSec: 0,
  positionSource: 'adsb'
}
[push-evidence] {"callsignRequested":"UA9360","flightInstance":"leg:v1:UAL9360|2026-09-12|ORD|MSY","flightaware":{"flightId":"UAL9360-20260914-test","publicGateOut":{"scheduled":1789230000,"estimated":1789230600,"actual":null},"aeroApiOut":null,"firstTrackMovement":null},"fr24":{"flightId":null,"status":"DISABLED","firstTrackMovement":null,"summaryOut":null},"adsb":{"firstTrackMovement":null,"positionAgeSec":0,"groundspeedKt":0,"distanceFromParkedNm":0.14282803182330792},"inbound":{"parkedPosition":{"lat":41.9786,"lon":-87.9048,"at":1789230600000},"selectedPush":null,"pushLatch":{"unix":1789230610,"source":"live_detected","live":true,"at":1789230640},"taxiOutLatch":{"at":1789230620},"finalPushUnix":1789230610,"finalPushSource":"live_detected","phaseStatePersistenceOnLoad":"ok"}}
[story-request] {"scheduleSource":"flightaware_public","fallbackOutcome":"not_needed","cacheStatus":"miss","event":"story_request","requested":"UA9360","fresh":true,"durationMs":12,"outcome":"ok","errorCategory":null}
[departure-telemetry] {
  callsignRequested: 'UA9360',
  flightInstance: 'leg:v1:UAL9360|2026-09-12|ORD|MSY',
  currentStage: 'taxi',
  pushLatched: true,
  taxiOutLatched: true,
  pushTimestamp: 1789230610,
  pushTimestampSource: 'live_detected',
  firstDepartureMovement: false,
  rawTaxiHint: false,
  stageTaxiHint: false,
  taxiThresholdKt: 6,
  parkedObservedSec: 50,
  stationaryAtStand: false,
  awayFromPassengerGateArea: false,
  providerGateOut: { scheduled: 1789230000, estimated: 1789230600, actual: null },
  providerGateOutPublic: { scheduled: 1789230000, estimated: 1789230600, actual: null },
  groundspeedKt: 0,
  onGround: true,
  distanceFromParkedNm: 0.14282803182330792,
  positionAgeSec: 10,
  positionSource: 'adsb'
}
[push-evidence] {"callsignRequested":"UA9360","flightInstance":"leg:v1:UAL9360|2026-09-12|ORD|MSY","flightaware":{"flightId":"UAL9360-20260914-test","publicGateOut":{"scheduled":1789230000,"estimated":1789230600,"actual":null},"aeroApiOut":null,"firstTrackMovement":null},"fr24":{"flightId":null,"status":"DISABLED","firstTrackMovement":null,"summaryOut":null},"adsb":{"firstTrackMovement":null,"positionAgeSec":10,"groundspeedKt":0,"distanceFromParkedNm":0.14282803182330792},"inbound":{"parkedPosition":{"lat":41.9786,"lon":-87.9048,"at":1789230600000},"selectedPush":null,"pushLatch":{"unix":1789230610,"source":"live_detected","live":true,"at":1789230650},"taxiOutLatch":{"at":1789230620},"finalPushUnix":1789230610,"finalPushSource":"live_detected","phaseStatePersistenceOnLoad":"ok"}}
[story-request] {"scheduleSource":"flightaware_public","fallbackOutcome":"not_needed","cacheStatus":"miss","event":"story_request","requested":"UA9360","fresh":true,"durationMs":20,"outcome":"ok","errorCategory":null}
[departure-telemetry] {
  callsignRequested: 'AA9917',
  flightInstance: 'leg:v1:AAL9917|2026-09-12|ORD|MSY',
  currentStage: 'origin_gate',
  pushLatched: false,
  taxiOutLatched: false,
  pushTimestamp: null,
  pushTimestampSource: null,
  firstDepartureMovement: false,
  rawTaxiHint: false,
  stageTaxiHint: false,
  taxiThresholdKt: 6,
  parkedObservedSec: 0,
  stationaryAtStand: true,
  awayFromPassengerGateArea: false,
  providerGateOut: { scheduled: 1789230000, estimated: 1789230100, actual: null },
  providerGateOutPublic: { scheduled: 1789230000, estimated: 1789230100, actual: null },
  groundspeedKt: 0,
  onGround: true,
  distanceFromParkedNm: 0,
  positionAgeSec: 0,
  positionSource: 'adsb'
}
[push-evidence] {"callsignRequested":"AA9917","flightInstance":"leg:v1:AAL9917|2026-09-12|ORD|MSY","flightaware":{"flightId":null,"publicGateOut":{"scheduled":1789230000,"estimated":1789230100,"actual":null},"aeroApiOut":null,"firstTrackMovement":null},"fr24":{"flightId":null,"status":"DISABLED","firstTrackMovement":null,"summaryOut":null},"adsb":{"firstTrackMovement":null,"positionAgeSec":0,"groundspeedKt":0,"distanceFromParkedNm":0},"inbound":{"parkedPosition":{"lat":41.99,"lon":-87.91,"at":1789231976000},"selectedPush":null,"pushLatch":null,"taxiOutLatch":null,"finalPushUnix":null,"finalPushSource":null,"phaseStatePersistenceOnLoad":"ok"}}
[story-request] {"scheduleSource":"flightaware_public","fallbackOutcome":"not_needed","cacheStatus":"miss","event":"story_request","requested":"AA9917","fresh":true,"durationMs":16,"outcome":"ok","errorCategory":null}
[departure-telemetry] {
  callsignRequested: 'UA1599',
  flightInstance: 'leg:v1:UAL1599|2026-09-12|ORD|MSY',
  currentStage: 'push',
  pushLatched: true,
  taxiOutLatched: false,
  pushTimestamp: 1789231380,
  pushTimestampSource: 'provider_actual',
  firstDepartureMovement: false,
  rawTaxiHint: false,
  stageTaxiHint: false,
  taxiThresholdKt: 6,
  parkedObservedSec: 0,
  stationaryAtStand: false,
  awayFromPassengerGateArea: false,
  providerGateOut: { scheduled: 1789227420, estimated: 1789231200, actual: 1789231380 },
  providerGateOutPublic: { scheduled: 1789227420, estimated: 1789231200, actual: 1789231380 },
  groundspeedKt: null,
  onGround: null,
  distanceFromParkedNm: null,
  positionAgeSec: null,
  positionSource: 'fallback'
}
[push-evidence] {"callsignRequested":"UA1599","flightInstance":"leg:v1:UAL1599|2026-09-12|ORD|MSY","flightaware":{"flightId":null,"publicGateOut":{"scheduled":1789227420,"estimated":1789231200,"actual":1789231380},"aeroApiOut":null,"firstTrackMovement":null},"fr24":{"flightId":null,"status":"DISABLED","firstTrackMovement":null,"summaryOut":null},"adsb":{"firstTrackMovement":null,"positionAgeSec":null,"groundspeedKt":null,"distanceFromParkedNm":null},"inbound":{"parkedPosition":null,"selectedPush":{"unix":1789231380,"source":"provider_actual","evidence":null},"pushLatch":{"unix":1789231380,"source":"provider_actual","live":true,"at":1789311976},"taxiOutLatch":null,"finalPushUnix":1789231380,"finalPushSource":"provider_actual","phaseStatePersistenceOnLoad":"ok"}}
[flight-telemetry] {
  callsignRequested: 'UA1599',
  callsign: 'UAL1599',
  registration: null,
  hex: null,
  destination: { iata: 'MSY', icao: 'KMSY', lat: 29.9933, lon: -90.259 },
  livePosition: null,
  altitudeFt: null,
  groundspeedKt: null,
  onGround: null,
  track: null,
  verticalRateFpm: null,
  phase: null,
  headingToDestinationDelta: null,
  isFinalApproach: false,
  routeRemainingNm: 733.1657436932583,
  directToDestNm: null,
  remainingNm: 733.1657436932583,
  etaMin: 104.73796338475118,
  currentStage: 'push',
  arrivalStatus: 'airborne',
  ourLanded: false,
  positionProvider: 'fallback',
  positionSeenAt: null,
  positionAgeSec: null,
  flightawarePosition: null,
  fr24Position: null,
  adsbPosition: null,
  providerStatus: { flightaware: 'DISABLED', fr24: 'DISABLED' },
  providerEta: { flightaware: null, fr24: null },
  providerDistancesNm: {
    flightawareToFr24: null,
    flightawareToAdsb: null,
    fr24ToAdsb: null
  },
  fusionDisagreementNm: null,
  filedRouteDeviationNm: null,
  displayPathSource: 'filed'
}
[story-request] {"scheduleSource":"flightaware_public","fallbackOutcome":"not_needed","cacheStatus":"miss","event":"story_request","requested":"UA1599","fresh":true,"durationMs":15,"outcome":"ok","errorCategory":null}
▶ September 12 flight audit replay
  ✔ UA1532: preserves departure facts when no position is available (5347.545012ms)
  ✔ AA3008: preserves departure facts when no position is available (38.499594ms)
  ✔ keeps pushback registered when a moving aircraft pauses near its stand (78.420194ms)
  ✔ does not invent ORD to LAX when the route feeds have no flight (3.361175ms)
  ✔ does not use an old flight-number route when the current schedule feed is unavailable (2.777251ms)
  ✔ WN2512: ignores a different airborne tail and future actual push/takeoff (14.029558ms)
  ✔ UA218: a canonical inbound history redirect does not put airborne UA219 at the gate (27.38245ms)
✔ September 12 flight audit replay (5512.77152ms)
▶ MDW departure surface-stage replays
  ✔ WN363: fresh surface telemetry contradicts a premature provider takeoff (25.01374ms)
  ✔ WN1035: fresh surface telemetry contradicts a premature provider takeoff (23.007265ms)
  ✔ WN102: fresh surface telemetry contradicts a premature provider takeoff (23.41897ms)
✔ MDW departure surface-stage replays (71.713791ms)
▶ ground trace freshness
  ✔ accepts recent movement but rejects stale and future movement (2.124603ms)
✔ ground trace freshness (2.31924ms)
▶ AA2554 inbound/main-stage consistency
  ✔ does not alternate Gate and Inbound as surface positions appear and disappear (0.242365ms)
✔ AA2554 inbound/main-stage consistency (0.452159ms)
▶ inbound canonical history details
  ✔ reads actual gate arrival from the redirected dated flight (1.367338ms)
✔ inbound canonical history details (1.684576ms)
▶ taxi duration consistency
  ✔ uses current push and takeoff estimates instead of a generic 25 minutes (0.214094ms)
✔ taxi duration consistency (0.301596ms)
▶ first-class pushback and taxi-out stages
  ✔ keeps a parked 0 kt aircraft At gate (0.236535ms)
  ✔ shows first 2–5 kt movement as Pushback (0.176046ms)
  ✔ shows sustained 8–20 kt movement as Taxiing out (0.110778ms)
  ✔ does not return to At gate through a stale surface gap (0.100272ms)
  ✔ keeps Taxiing out monotonic once its latch is established (0.121218ms)
  ✔ preserves the existing takeoff transition (0.195084ms)
  ✔ renders Pushback and Taxiing out as separate passenger stages (1.007618ms)
✔ first-class pushback and taxi-out stages (2.22194ms)
▶ on the move evidence
  ✔ UA219: keeps an overdue estimate non-actual, then records only observed/provider push (90.985665ms)
  ✔ UA219: reconstructs the first stand exit from track history instead of the 10:03 taxi classification (0.373621ms)
  ✔ UA219: replaces a persisted detected time copied from the 9:25 estimate (0.085003ms)
  ✔ preserves a genuine earlier movement latch when it did not copy an estimate (0.07267ms)
  ✔ labels the passenger operational event Pushback, not Departure (0.642926ms)
  ✔ UA3600: never regresses from Taxiing out to Pushback during normal surface changes (130.249785ms)
  ✔ does not advance a stationary aircraft just because scheduled departure passed (16.610519ms)
✔ on the move evidence (239.545811ms)
✔ preserves missing weather feeds as unknown while the flight still loads (15.248523ms)
▶ MDW fresh ground position can advance the stage
  ✔ recognizes WN1266 runway-area fix as already away from the passenger gates (0.13744ms)
  ✔ does not call a terminal-side stationary fix away from the gate area (0.059143ms)
  ✔ does not infer movement from a remote position hours before the departure window (0.043469ms)
✔ MDW fresh ground position can advance the stage (0.327398ms)
▶ stage and ground-map position identity
  ✔ uses the commercial flight number for the stage FR24 lookup (1.35933ms)
✔ stage and ground-map position identity (1.430447ms)
▶ public schedule fallback
  ✔ shares each section date across Scheduled, Estimated and Actual labels (1.662651ms)
  ✔ honors explicit later dates across midnight and month rollover (0.770233ms)
  ✔ keeps labels without a preceding section date unconfirmed (0.221969ms)
  ✔ still rejects invalid clocks and unknown timezone abbreviations (0.173542ms)
  ⚠ loads an exact route from a FlightStats-style public status page (1.487231ms) # Held #6: unknown-airport route support — https://github.com/jarndtphoto/Inbound/blob/codex/test-suite-cleanup/docs/test-cleanup-held-bugs.md#6-zrh--unknown-airport-public-route-support
  ✔ parses public scheduled and actual gate times when FlightStats exposes them (0.225074ms)
  ✔ chooses the active return leg instead of the earlier same-number segment (0.62656ms)
  ✔ prefers a recently arrived local-date flight over tomorrow UTC-date schedule (0.457832ms)
  ✔ fails closed when the page does not identify two known airports (0.117882ms)
  ✔ allows an exact FR24 leg up to 60 seconds old to establish origin-gate identity (1.209352ms)
✔ public schedule fallback (7.541217ms)
▶ departure checkpoint survives provider handoff
  ✔ rebuilds a provider-actual push latch from the saved checkpoint (0.242541ms)
  ✔ prefers a detected physical push timestamp when one exists (0.096201ms)
  ✔ does not turn a scheduled or estimated time into a push checkpoint (0.095863ms)
✔ departure checkpoint survives provider handoff (0.532534ms)
▶ codeshare operating callsign
  ✔ uses the operating callsign encoded in the public flight instance (0.072269ms)
✔ codeshare operating callsign (0.109868ms)
▶ current-flight trace selection
  ✔ does not concatenate a previous matching leg underneath the current flight (0.450733ms)
  ✔ chooses the most recent matching leg when no live point is available (0.160626ms)
✔ current-flight trace selection (0.797131ms)
▶ live reroute display geometry
  ✔ uses the actual deviation for the portion behind the aircraft (0.151062ms)
  ✔ joins actual track naturally to the current aircraft without an obsolete filed-route jump (0.063037ms)
  ✔ starts projection at the current aircraft and never selects a segment behind it (0.077527ms)
  ✔ keeps Route and Weather on the same canonical story samples (0.862466ms)
  ✔ shows filed fixes as secondary references without using them as the live path (0.334813ms)
  ✔ never renders interpolated route samples as waypoint markers (0.231672ms)
  ✔ does not add published fix markers as the map zoom changes (0.315743ms)
  ✔ does not evaluate future weather against the abandoned route behind the aircraft (0.118236ms)
✔ live reroute display geometry (2.340581ms)
▶ Hawaii route-map geography
  ✔ includes targeted detailed outlines for the six passenger-visible islands (0.108277ms)
  ✔ renders Hawaii with zoom-stable coastline strokes (0.360593ms)
✔ Hawaii route-map geography (0.536682ms)
▶ FlightAware filed route references
  ✔ reads only named published fixes from the AeroAPI route response (0.235957ms)
  ✔ renders filed fixes as zoom-stable white markers without sample markers (0.282258ms)
✔ FlightAware filed route references (0.586917ms)
▶ AAL3197 weather entry rendering
  ✔ orders samples in direction of travel and discards points behind progress (0.098639ms)
  ✔ renders the numbered marker at the affected-range entry coordinate (6.69915ms)
  ✔ leads with the next weather event once and keeps its entry timing and shared map wording (1.943671ms)
  ✔ does not split one continuous moderate range when storm detail changes (0.234121ms)
  ✔ combines contiguous light and moderate turbulence into one passenger event (0.22806ms)
✔ AAL3197 weather entry rendering (9.414577ms)
[aeroapi] key unavailable; using public feed
[schedule-fallback-unavailable] {
  callsign: 'UAL219',
  reason: 'Current flight route unavailable: schedule provider returned HTTP 402 (unidentified response; host=www.flightaware.com; server=absent; type=absent; bodyChars=0; branding=unidentifi'
}
{"event":"fr24_upstream_request","timestamp":"2026-10-02T14:54:00.000Z","callsign":null,"registration":null,"endpoint":"/live/flight-positions/full","cache":"miss"}
{"event":"fr24_flight_number_match","requested":"UAL219","flightNumber":"UA219","flightId":"fixture-fr24-219","callsign":"UAL219"}
{"event":"fr24_live_leg_fallback","requested":"UAL219","flightId":"fixture-fr24-219","origin":"ORD","destination":"HNL"}
{"event":"canonical_leg_key_unavailable","reason":"missing_scheduled","requested":"UAL219","ident":"UAL219","origin":"ORD","destination":"HNL","scheduledDeparture":null,"serviceDate":null}
[departure-telemetry] {
  callsignRequested: 'UA219',
  flightInstance: 'leg:unvalidated:UAL219|ORD|HNL|2026-10-02',
  currentStage: 'origin_gate',
  pushLatched: false,
  taxiOutLatched: false,
  pushTimestamp: null,
  pushTimestampSource: null,
  firstDepartureMovement: false,
  rawTaxiHint: false,
  stageTaxiHint: false,
  taxiThresholdKt: 6,
  parkedObservedSec: 0,
  stationaryAtStand: true,
  awayFromPassengerGateArea: false,
  providerGateOut: { scheduled: null, estimated: null, actual: null },
  providerGateOutPublic: { scheduled: null, estimated: null, actual: null },
  groundspeedKt: 0,
  onGround: true,
  distanceFromParkedNm: 0,
  positionAgeSec: 0,
  positionSource: 'fr24'
}
[push-evidence] {"callsignRequested":"UA219","flightInstance":"leg:unvalidated:UAL219|ORD|HNL|2026-10-02","flightaware":{"flightId":"fixture-fr24-219","publicGateOut":{"scheduled":null,"estimated":null,"actual":null},"aeroApiOut":null,"firstTrackMovement":null},"fr24":{"flightId":"fixture-fr24-219","status":"ACTIVE","firstTrackMovement":null,"summaryOut":{"scheduled":null,"estimated":null,"actual":null}},"adsb":{"firstTrackMovement":null,"positionAgeSec":0,"groundspeedKt":0,"distanceFromParkedNm":0},"inbound":{"parkedPosition":{"lat":41.9786,"lon":-87.9048,"at":1790952840000},"selectedPush":null,"pushLatch":null,"taxiOutLatch":null,"finalPushUnix":null,"finalPushSource":null,"phaseStatePersistenceOnLoad":"ok"}}
[story-request] {"scheduleSource":"fr24_live","fallbackOutcome":"fr24_used","cacheStatus":"miss","event":"story_request","requested":"UA219","fresh":true,"durationMs":69,"outcome":"ok","errorCategory":null}
[schedule-fallback-unavailable] {
  callsign: 'UAL219',
  reason: 'Current flight route unavailable: schedule provider returned HTTP 402 (unidentified response; host=www.flightaware.com; server=absent; type=absent; bodyChars=0; branding=unidentifi'
}
{"event":"fr24_upstream_request","timestamp":"2026-10-02T14:54:10.000Z","callsign":null,"registration":null,"endpoint":"/live/flight-positions/full","cache":"miss"}
{"event":"fr24_live_leg_fallback","requested":"UAL219","flightId":"fixture-fr24-219","origin":"ORD","destination":"HNL"}
{"event":"canonical_leg_key_unavailable","reason":"missing_scheduled","requested":"UAL219","ident":"UAL219","origin":"ORD","destination":"HNL","scheduledDeparture":null,"serviceDate":null}
[departure-telemetry] {
  callsignRequested: 'UA219',
  flightInstance: 'leg:unvalidated:UAL219|ORD|HNL|2026-10-02',
  currentStage: 'push',
  pushLatched: true,
  taxiOutLatched: false,
  pushTimestamp: 1790952850,
  pushTimestampSource: 'live_detected',
  firstDepartureMovement: true,
  rawTaxiHint: false,
  stageTaxiHint: false,
  taxiThresholdKt: 6,
  parkedObservedSec: 10,
  stationaryAtStand: false,
  awayFromPassengerGateArea: false,
  providerGateOut: { scheduled: null, estimated: null, actual: null },
  providerGateOutPublic: { scheduled: null, estimated: null, actual: null },
  groundspeedKt: 4,
  onGround: true,
  distanceFromParkedNm: 0.05356051193641675,
  positionAgeSec: 0,
  positionSource: 'fr24'
}
[push-evidence] {"callsignRequested":"UA219","flightInstance":"leg:unvalidated:UAL219|ORD|HNL|2026-10-02","flightaware":{"flightId":"fixture-fr24-219","publicGateOut":{"scheduled":null,"estimated":null,"actual":null},"aeroApiOut":null,"firstTrackMovement":null},"fr24":{"flightId":"fixture-fr24-219","status":"ACTIVE","firstTrackMovement":null,"summaryOut":{"scheduled":null,"estimated":null,"actual":null}},"adsb":{"firstTrackMovement":null,"positionAgeSec":0,"groundspeedKt":4,"distanceFromParkedNm":0.05356051193641675},"inbound":{"parkedPosition":{"lat":41.9786,"lon":-87.9048,"at":1790952840000},"selectedPush":null,"pushLatch":{"unix":1790952850,"source":"live_detected","live":true,"at":1790952850},"taxiOutLatch":null,"finalPushUnix":1790952850,"finalPushSource":"live_detected","phaseStatePersistenceOnLoad":"ok"}}
[story-request] {"scheduleSource":"fr24_live","fallbackOutcome":"fr24_used","cacheStatus":"miss","event":"story_request","requested":"UA219","fresh":true,"durationMs":29,"outcome":"ok","errorCategory":null}
[aeroapi] key unavailable; using public feed
[schedule-fallback-unavailable] {
  callsign: 'UAL219',
  reason: 'Current flight route unavailable: schedule provider returned HTTP 402 (unidentified response; host=www.flightaware.com; server=absent; type=absent; bodyChars=0; branding=unidentifi'
}
{"event":"fr24_upstream_request","timestamp":"2026-10-02T14:54:20.000Z","callsign":null,"registration":null,"endpoint":"/live/flight-positions/full","cache":"miss"}
{"event":"fr24_flight_number_match","requested":"UAL219","flightNumber":"UA219","flightId":"fixture-fr24-219","callsign":"UAL219"}
{"event":"fr24_live_leg_fallback","requested":"UAL219","flightId":"fixture-fr24-219","origin":"ORD","destination":"HNL"}
{"event":"canonical_leg_key_unavailable","reason":"missing_scheduled","requested":"UAL219","ident":"UAL219","origin":"ORD","destination":"HNL","scheduledDeparture":null,"serviceDate":null}
[departure-telemetry] {
  callsignRequested: 'UA219',
  flightInstance: 'leg:unvalidated:UAL219|ORD|HNL|2026-10-02',
  currentStage: 'taxi',
  pushLatched: true,
  taxiOutLatched: true,
  pushTimestamp: 1790952850,
  pushTimestampSource: 'live_detected',
  firstDepartureMovement: false,
  rawTaxiHint: true,
  stageTaxiHint: true,
  taxiThresholdKt: 6,
  parkedObservedSec: 0,
  stationaryAtStand: false,
  awayFromPassengerGateArea: false,
  providerGateOut: { scheduled: null, estimated: null, actual: null },
  providerGateOutPublic: { scheduled: null, estimated: null, actual: null },
  groundspeedKt: 15,
  onGround: true,
  distanceFromParkedNm: null,
  positionAgeSec: 0,
  positionSource: 'fr24'
}
[push-evidence] {"callsignRequested":"UA219","flightInstance":"leg:unvalidated:UAL219|ORD|HNL|2026-10-02","flightaware":{"flightId":"fixture-fr24-219","publicGateOut":{"scheduled":null,"estimated":null,"actual":null},"aeroApiOut":null,"firstTrackMovement":null},"fr24":{"flightId":"fixture-fr24-219","status":"ACTIVE","firstTrackMovement":null,"summaryOut":{"scheduled":null,"estimated":null,"actual":null}},"adsb":{"firstTrackMovement":null,"positionAgeSec":0,"groundspeedKt":15,"distanceFromParkedNm":null},"inbound":{"parkedPosition":null,"selectedPush":null,"pushLatch":{"unix":1790952850,"source":"live_detected","live":true,"at":1790952860},"taxiOutLatch":{"at":1790952860},"finalPushUnix":1790952850,"finalPushSource":"live_detected","phaseStatePersistenceOnLoad":"ok"}}
[story-request] {"scheduleSource":"fr24_live","fallbackOutcome":"fr24_used","cacheStatus":"miss","event":"story_request","requested":"UA219","fresh":true,"durationMs":46,"outcome":"ok","errorCategory":null}
[aeroapi] key unavailable; using public feed
[schedule-fallback-unavailable] {
  callsign: 'UAL219',
  reason: 'Current flight route unavailable: schedule provider returned HTTP 402 (unidentified response; host=www.flightaware.com; server=absent; type=absent; bodyChars=0; branding=unidentifi'
}
{"event":"fr24_upstream_request","timestamp":"2026-10-02T14:54:30.000Z","callsign":null,"registration":null,"endpoint":"/live/flight-positions/full","cache":"miss"}
{"event":"fr24_flight_number_match","requested":"UAL219","flightNumber":"UA219","flightId":"fixture-fr24-219","callsign":"UAL219"}
{"event":"fr24_live_leg_fallback","requested":"UAL219","flightId":"fixture-fr24-219","origin":"ORD","destination":"HNL"}
{"event":"canonical_leg_key_unavailable","reason":"missing_scheduled","requested":"UAL219","ident":"UAL219","origin":"ORD","destination":"HNL","scheduledDeparture":null,"serviceDate":null}
[departure-telemetry] {
  callsignRequested: 'UA219',
  flightInstance: 'leg:unvalidated:UAL219|ORD|HNL|2026-10-02',
  currentStage: 'taxi',
  pushLatched: true,
  taxiOutLatched: true,
  pushTimestamp: 1790952850,
  pushTimestampSource: 'live_detected',
  firstDepartureMovement: false,
  rawTaxiHint: false,
  stageTaxiHint: false,
  taxiThresholdKt: 6,
  parkedObservedSec: 0,
  stationaryAtStand: false,
  awayFromPassengerGateArea: false,
  providerGateOut: { scheduled: null, estimated: null, actual: null },
  providerGateOutPublic: { scheduled: null, estimated: null, actual: null },
  groundspeedKt: 0,
  onGround: true,
  distanceFromParkedNm: null,
  positionAgeSec: 0,
  positionSource: 'fr24'
}
[push-evidence] {"callsignRequested":"UA219","flightInstance":"leg:unvalidated:UAL219|ORD|HNL|2026-10-02","flightaware":{"flightId":"fixture-fr24-219","publicGateOut":{"scheduled":null,"estimated":null,"actual":null},"aeroApiOut":null,"firstTrackMovement":null},"fr24":{"flightId":"fixture-fr24-219","status":"ACTIVE","firstTrackMovement":null,"summaryOut":{"scheduled":null,"estimated":null,"actual":null}},"adsb":{"firstTrackMovement":null,"positionAgeSec":0,"groundspeedKt":0,"distanceFromParkedNm":null},"inbound":{"parkedPosition":null,"selectedPush":null,"pushLatch":{"unix":1790952850,"source":"live_detected","live":true,"at":1790952860},"taxiOutLatch":{"at":1790952860},"finalPushUnix":1790952850,"finalPushSource":"live_detected","phaseStatePersistenceOnLoad":"ok"}}
[story-request] {"scheduleSource":"fr24_live","fallbackOutcome":"fr24_used","cacheStatus":"miss","event":"story_request","requested":"UA219","fresh":true,"durationMs":51,"outcome":"ok","errorCategory":null}
[aeroapi] key unavailable; using public feed
{"event":"fr24_upstream_request","timestamp":"2026-10-02T14:54:40.000Z","callsign":null,"registration":null,"endpoint":"/live/flight-positions/full","cache":"miss"}
{"event":"fr24_flight_number_match","requested":"UAL219","flightNumber":"UA219","flightId":"fixture-fr24-219","callsign":"UAL219"}
[departure-telemetry] {
  callsignRequested: 'UA219',
  flightInstance: 'leg:v1:UAL219|2026-10-02|ORD|HNL',
  currentStage: 'taxi',
  pushLatched: true,
  taxiOutLatched: true,
  pushTimestamp: 1790952850,
  pushTimestampSource: 'live_detected',
  firstDepartureMovement: false,
  rawTaxiHint: false,
  stageTaxiHint: false,
  taxiThresholdKt: 6,
  parkedObservedSec: 0,
  stationaryAtStand: false,
  awayFromPassengerGateArea: false,
  providerGateOut: { scheduled: 1790952900, estimated: null, actual: null },
  providerGateOutPublic: { scheduled: 1790952900, estimated: null, actual: null },
  groundspeedKt: 0,
  onGround: true,
  distanceFromParkedNm: null,
  positionAgeSec: 0,
  positionSource: 'fr24'
}
[push-evidence] {"callsignRequested":"UA219","flightInstance":"leg:v1:UAL219|2026-10-02|ORD|HNL","flightaware":{"flightId":"UAL219-1790952900-schedule-0001","publicGateOut":{"scheduled":1790952900,"estimated":null,"actual":null},"aeroApiOut":null,"firstTrackMovement":null},"fr24":{"flightId":"fixture-fr24-219","status":"ACTIVE","firstTrackMovement":null,"summaryOut":{"scheduled":null,"estimated":null,"actual":null}},"adsb":{"firstTrackMovement":null,"positionAgeSec":0,"groundspeedKt":0,"distanceFromParkedNm":null},"inbound":{"parkedPosition":null,"selectedPush":null,"pushLatch":{"unix":1790952850,"source":"live_detected","live":true,"at":1790952860},"taxiOutLatch":{"at":1790952860},"finalPushUnix":1790952850,"finalPushSource":"live_detected","phaseStatePersistenceOnLoad":"ok"}}
[story-request] {"scheduleSource":"flightaware_public","fallbackOutcome":"not_needed","cacheStatus":"miss","event":"story_request","requested":"UA219","fresh":true,"durationMs":50,"outcome":"ok","errorCategory":null}
✔ fixture audit and FR24-only push/taxi survive actual cold story instances and schedule promotion (5799.83631ms)
[aeroapi] key unavailable; using public feed
[schedule-fallback-unavailable] {
  callsign: 'SWA1111',
  reason: 'Current flight route unavailable: schedule provider returned HTTP 402 (unidentified response; host=www.flightaware.com; server=absent; type=absent; bodyChars=0; branding=unidentifi'
}
[departure-telemetry] {
  callsignRequested: 'WN1111',
  flightInstance: 'resume:2a424f50fad660b543b70d0f337977ea7663b622f2feb64372fcfa140b93ab3f:leg:v1:SWA1111|2026-09-13|MDW|MSP',
  currentStage: 'origin_gate',
  pushLatched: false,
  taxiOutLatched: false,
  pushTimestamp: null,
  pushTimestampSource: null,
  firstDepartureMovement: false,
  rawTaxiHint: false,
  stageTaxiHint: false,
  taxiThresholdKt: 6,
  parkedObservedSec: 0,
  stationaryAtStand: true,
  awayFromPassengerGateArea: false,
  providerGateOut: { scheduled: 1789318200, estimated: null, actual: null },
  providerGateOutPublic: { scheduled: 1789318200, estimated: null, actual: null },
  groundspeedKt: 0,
  onGround: true,
  distanceFromParkedNm: 0,
  positionAgeSec: 1,
  positionSource: 'adsb'
}
[push-evidence] {"callsignRequested":"WN1111","flightInstance":"resume:2a424f50fad660b543b70d0f337977ea7663b622f2feb64372fcfa140b93ab3f:leg:v1:SWA1111|2026-09-13|MDW|MSP","flightaware":{"flightId":null,"publicGateOut":{"scheduled":1789318200,"estimated":null,"actual":null},"aeroApiOut":null,"firstTrackMovement":null},"fr24":{"flightId":null,"status":"DISABLED","firstTrackMovement":null,"summaryOut":null},"adsb":{"firstTrackMovement":null,"positionAgeSec":1,"groundspeedKt":0,"distanceFromParkedNm":0},"inbound":{"parkedPosition":{"lat":41.787,"lon":-87.752,"at":1789318800000},"selectedPush":null,"pushLatch":null,"taxiOutLatch":null,"finalPushUnix":null,"finalPushSource":null,"phaseStatePersistenceOnLoad":"ok"}}
[flight-telemetry] {
  callsignRequested: 'WN1111',
  callsign: 'SWA1111',
  registration: 'N12345',
  hex: 'a12345',
  destination: { iata: 'MSP', icao: 'KMSP', lat: 44.8848, lon: -93.2223 },
  livePosition: { lat: 41.787, lon: -87.752 },
  altitudeFt: 0,
  groundspeedKt: 0,
  onGround: true,
  track: 310,
  verticalRateFpm: null,
  phase: 'parked',
  headingToDestinationDelta: null,
  isFinalApproach: false,
  routeRemainingNm: 302.638444110557,
  directToDestNm: null,
  remainingNm: 302.638444110557,
  etaMin: 60,
  currentStage: 'origin_gate',
  arrivalStatus: 'airborne',
  ourLanded: false,
  positionProvider: 'adsb',
  positionSeenAt: 1789318799,
  positionAgeSec: 1,
  flightawarePosition: null,
  fr24Position: null,
  adsbPosition: {
    provider: 'adsb',
    flightId: null,
    callsign: 'SWA1111',
    lat: 41.787,
    lon: -87.752,
    altFt: 0,
    vertFpm: null,
    gsKt: 0,
    track: 310,
    onGround: true,
    seenAt: 1789318799,
    registration: 'N12345',
    type: 'B738',
    hex: 'a12345',
    confidence: 'high'
  },
  providerStatus: { flightaware: 'DISABLED', fr24: 'DISABLED' },
  providerEta: { flightaware: null, fr24: null },
  providerDistancesNm: {
    flightawareToFr24: null,
    flightawareToAdsb: null,
    fr24ToAdsb: null
  },
  fusionDisagreementNm: null,
  filedRouteDeviationNm: 0.010476603989354029,
  displayPathSource: 'direct'
}
[story-request] {"scheduleSource":"saved_resume","fallbackOutcome":"resume_used","cacheStatus":"miss","event":"story_request","requested":"WN1111","fresh":true,"durationMs":62,"outcome":"ok","errorCategory":null}
[schedule-fallback-unavailable] {
  callsign: 'SWA1111',
  reason: 'Current flight route unavailable: schedule provider returned HTTP 402 (unidentified response; host=www.flightaware.com; server=absent; type=absent; bodyChars=0; branding=unidentifi'
}
[departure-telemetry] {
  callsignRequested: 'WN1111',
  flightInstance: 'resume:1bd10b93d2024925cd5e606e83ff29dc99899e58a2568d1d2d6d6f5c998a1afe:leg:v1:SWA1111|2026-09-13|MDW|MSP',
  currentStage: 'push',
  pushLatched: true,
  taxiOutLatched: false,
  pushTimestamp: 1789318810,
  pushTimestampSource: 'live_detected',
  firstDepartureMovement: true,
  rawTaxiHint: true,
  stageTaxiHint: false,
  taxiThresholdKt: 6,
  parkedObservedSec: 0,
  stationaryAtStand: false,
  awayFromPassengerGateArea: false,
  providerGateOut: { scheduled: 1789318200, estimated: null, actual: null },
  providerGateOutPublic: { scheduled: 1789318200, estimated: null, actual: null },
  groundspeedKt: 10,
  onGround: true,
  distanceFromParkedNm: null,
  positionAgeSec: 1,
  positionSource: 'adsb'
}
[push-evidence] {"callsignRequested":"WN1111","flightInstance":"resume:1bd10b93d2024925cd5e606e83ff29dc99899e58a2568d1d2d6d6f5c998a1afe:leg:v1:SWA1111|2026-09-13|MDW|MSP","flightaware":{"flightId":null,"publicGateOut":{"scheduled":1789318200,"estimated":null,"actual":null},"aeroApiOut":null,"firstTrackMovement":null},"fr24":{"flightId":null,"status":"DISABLED","firstTrackMovement":null,"summaryOut":null},"adsb":{"firstTrackMovement":null,"positionAgeSec":1,"groundspeedKt":10,"distanceFromParkedNm":null},"inbound":{"parkedPosition":null,"selectedPush":null,"pushLatch":{"unix":1789318810,"source":"live_detected","live":true,"at":1789318810},"taxiOutLatch":null,"finalPushUnix":1789318810,"finalPushSource":"live_detected","phaseStatePersistenceOnLoad":"ok"}}
[flight-telemetry] {
  callsignRequested: 'WN1111',
  callsign: 'SWA1111',
  registration: 'N12345',
  hex: 'a12345',
  destination: { iata: 'MSP', icao: 'KMSP', lat: 44.8848, lon: -93.2223 },
  livePosition: { lat: 41.788, lon: -87.751 },
  altitudeFt: 0,
  groundspeedKt: 10,
  onGround: true,
  track: 310,
  verticalRateFpm: null,
  phase: 'taxi',
  headingToDestinationDelta: null,
  isFinalApproach: false,
  routeRemainingNm: 302.638444110557,
  directToDestNm: null,
  remainingNm: 302.638444110557,
  etaMin: 59.833333333333336,
  currentStage: 'push',
  arrivalStatus: 'airborne',
  ourLanded: false,
  positionProvider: 'adsb',
  positionSeenAt: 1789318809,
  positionAgeSec: 1,
  flightawarePosition: null,
  fr24Position: null,
  adsbPosition: {
    provider: 'adsb',
    flightId: null,
    callsign: 'SWA1111',
    lat: 41.788,
    lon: -87.751,
    altFt: 0,
    vertFpm: null,
    gsKt: 10,
    track: 310,
    onGround: true,
    seenAt: 1789318809,
    registration: 'N12345',
    type: 'B738',
    hex: 'a12345',
    confidence: 'high'
  },
  providerStatus: { flightaware: 'DISABLED', fr24: 'DISABLED' },
  providerEta: { flightaware: null, fr24: null },
  providerDistancesNm: {
    flightawareToFr24: null,
    flightawareToAdsb: null,
    fr24ToAdsb: null
  },
  fusionDisagreementNm: null,
  filedRouteDeviationNm: 0.06285807019502178,
  displayPathSource: 'direct'
}
[story-request] {"scheduleSource":"saved_resume","fallbackOutcome":"resume_used","cacheStatus":"miss","event":"story_request","requested":"WN1111","fresh":true,"durationMs":19,"outcome":"ok","errorCategory":null}
[schedule-fallback-unavailable] {
  callsign: 'SWA1111',
  reason: 'Current flight route unavailable: schedule provider returned HTTP 402 (unidentified response; host=www.flightaware.com; server=absent; type=absent; bodyChars=0; branding=unidentifi'
}
[departure-telemetry] {
  callsignRequested: 'WN1111',
  flightInstance: 'resume:f17bc3c25a1843ad7113cc8fdf5f59f4d7f1a75aac43be99e7732bf42863c371:leg:v1:SWA1111|2026-09-13|MDW|MSP',
  currentStage: 'taxi',
  pushLatched: true,
  taxiOutLatched: true,
  pushTimestamp: 1789318810,
  pushTimestampSource: 'live_detected',
  firstDepartureMovement: false,
  rawTaxiHint: true,
  stageTaxiHint: true,
  taxiThresholdKt: 6,
  parkedObservedSec: 0,
  stationaryAtStand: false,
  awayFromPassengerGateArea: false,
  providerGateOut: { scheduled: 1789318200, estimated: null, actual: null },
  providerGateOutPublic: { scheduled: 1789318200, estimated: null, actual: null },
  groundspeedKt: 10,
  onGround: true,
  distanceFromParkedNm: null,
  positionAgeSec: 1,
  positionSource: 'adsb'
}
[push-evidence] {"callsignRequested":"WN1111","flightInstance":"resume:f17bc3c25a1843ad7113cc8fdf5f59f4d7f1a75aac43be99e7732bf42863c371:leg:v1:SWA1111|2026-09-13|MDW|MSP","flightaware":{"flightId":null,"publicGateOut":{"scheduled":1789318200,"estimated":null,"actual":null},"aeroApiOut":null,"firstTrackMovement":null},"fr24":{"flightId":null,"status":"DISABLED","firstTrackMovement":null,"summaryOut":null},"adsb":{"firstTrackMovement":null,"positionAgeSec":1,"groundspeedKt":10,"distanceFromParkedNm":null},"inbound":{"parkedPosition":null,"selectedPush":null,"pushLatch":{"unix":1789318810,"source":"live_detected","live":true,"at":1789318820},"taxiOutLatch":{"at":1789318820},"finalPushUnix":1789318810,"finalPushSource":"live_detected","phaseStatePersistenceOnLoad":"ok"}}
[flight-telemetry] {
  callsignRequested: 'WN1111',
  callsign: 'SWA1111',
  registration: 'N12345',
  hex: 'a12345',
  destination: { iata: 'MSP', icao: 'KMSP', lat: 44.8848, lon: -93.2223 },
  livePosition: { lat: 41.789, lon: -87.75 },
  altitudeFt: 0,
  groundspeedKt: 10,
  onGround: true,
  track: 310,
  verticalRateFpm: null,
  phase: 'taxi',
  headingToDestinationDelta: null,
  isFinalApproach: false,
  routeRemainingNm: 302.638444110557,
  directToDestNm: null,
  remainingNm: 302.638444110557,
  etaMin: 59.666666666666664,
  currentStage: 'taxi',
  arrivalStatus: 'airborne',
  ourLanded: false,
  positionProvider: 'adsb',
  positionSeenAt: 1789318819,
  positionAgeSec: 1,
  flightawarePosition: null,
  fr24Position: null,
  adsbPosition: {
    provider: 'adsb',
    flightId: null,
    callsign: 'SWA1111',
    lat: 41.789,
    lon: -87.75,
    altFt: 0,
    vertFpm: null,
    gsKt: 10,
    track: 310,
    onGround: true,
    seenAt: 1789318819,
    registration: 'N12345',
    type: 'B738',
    hex: 'a12345',
    confidence: 'high'
  },
  providerStatus: { flightaware: 'DISABLED', fr24: 'DISABLED' },
  providerEta: { flightaware: null, fr24: null },
  providerDistancesNm: {
    flightawareToFr24: null,
    flightawareToAdsb: null,
    fr24ToAdsb: null
  },
  fusionDisagreementNm: null,
  filedRouteDeviationNm: 0.11523694351685479,
  displayPathSource: 'direct'
}
[story-request] {"scheduleSource":"saved_resume","fallbackOutcome":"resume_used","cacheStatus":"miss","event":"story_request","requested":"WN1111","fresh":true,"durationMs":19,"outcome":"ok","errorCategory":null}
[schedule-fallback-unavailable] {
  callsign: 'SWA1111',
  reason: 'Current flight route unavailable: schedule provider returned HTTP 402 (unidentified response; host=www.flightaware.com; server=absent; type=absent; bodyChars=0; branding=unidentifi'
}
[flight-telemetry] {
  callsignRequested: 'WN1111',
  callsign: 'SWA1111',
  registration: 'N12345',
  hex: 'a12345',
  destination: { iata: 'MSP', icao: 'KMSP', lat: 44.8848, lon: -93.2223 },
  livePosition: { lat: 42.2, lon: -88.3 },
  altitudeFt: 12000,
  groundspeedKt: 300,
  onGround: false,
  track: 310,
  verticalRateFpm: 1500,
  phase: 'climb',
  headingToDestinationDelta: 1.362760470542753,
  isFinalApproach: false,
  routeRemainingNm: 268.32381943276533,
  directToDestNm: 268.014789316454,
  remainingNm: 268.32381943276533,
  etaMin: 56.666666666666664,
  currentStage: 'ride',
  arrivalStatus: 'airborne',
  ourLanded: false,
  positionProvider: 'adsb',
  positionSeenAt: 1789318999,
  positionAgeSec: 1,
  flightawarePosition: null,
  fr24Position: null,
  adsbPosition: {
    provider: 'adsb',
    flightId: null,
    callsign: 'SWA1111',
    lat: 42.2,
    lon: -88.3,
    altFt: 12000,
    vertFpm: 1500,
    gsKt: 300,
    track: 310,
    onGround: false,
    seenAt: 1789318999,
    registration: 'N12345',
    type: 'B738',
    hex: 'a12345',
    confidence: 'high'
  },
  providerStatus: { flightaware: 'DISABLED', fr24: 'DISABLED' },
  providerEta: { flightaware: null, fr24: null },
  providerDistancesNm: {
    flightawareToFr24: null,
    flightawareToAdsb: null,
    fr24ToAdsb: null
  },
  fusionDisagreementNm: null,
  filedRouteDeviationNm: 3.626107118572527,
  displayPathSource: 'direct'
}
[story-request] {"scheduleSource":"saved_resume","fallbackOutcome":"resume_used","cacheStatus":"miss","event":"story_request","requested":"WN1111","fresh":true,"durationMs":11,"outcome":"ok","errorCategory":null}
[aeroapi] key unavailable; using public feed
[schedule-fallback-unavailable] {
  callsign: 'SWA1111',
  reason: 'Current flight route unavailable: schedule provider returned HTTP 402 (unidentified response; host=www.flightaware.com; server=absent; type=absent; bodyChars=0; branding=unidentifi'
}
[story-request] {"scheduleSource":"unavailable","fallbackOutcome":"flightstats_unavailable","cacheStatus":"miss","event":"story_request","requested":"WN1111","fresh":false,"durationMs":9,"outcome":"error","errorCategory":"source_unavailable"}
[aeroapi] key unavailable; using public feed
[schedule-fallback-unavailable] {
  callsign: 'SWA1112',
  reason: 'Current flight route unavailable: schedule provider returned HTTP 402 (unidentified response; host=www.flightaware.com; server=absent; type=absent; bodyChars=0; branding=unidentifi'
}
[story-request] {"scheduleSource":"unavailable","fallbackOutcome":"flightstats_unavailable","cacheStatus":"miss","event":"story_request","requested":"WN1112","fresh":false,"durationMs":9,"outcome":"error","errorCategory":"source_unavailable"}
[schedule-fallback-unavailable] {
  callsign: 'SWA1111',
  reason: 'Current flight route unavailable: schedule provider returned HTTP 402 (unidentified response; host=www.flightaware.com; server=absent; type=absent; bodyChars=0; branding=unidentifi'
}
[story-request] {"scheduleSource":"unavailable","fallbackOutcome":"flightstats_unavailable","cacheStatus":"miss","event":"story_request","requested":"WN1111","fresh":false,"durationMs":2,"outcome":"error","errorCategory":"source_unavailable"}
[schedule-fallback-unavailable] {
  callsign: 'SWA1111',
  reason: 'Current flight route unavailable: schedule provider returned HTTP 402 (unidentified response; host=www.flightaware.com; server=absent; type=absent; bodyChars=0; branding=unidentifi'
}
[story-request] {"scheduleSource":"unavailable","fallbackOutcome":"flightstats_unavailable","cacheStatus":"miss","event":"story_request","requested":"WN1111","fresh":false,"durationMs":1,"outcome":"error","errorCategory":"source_unavailable"}
[aeroapi] key unavailable; using public feed
[schedule-fallback-unavailable] {
  callsign: 'SWA1111',
  reason: 'Current flight route unavailable: schedule provider returned HTTP 402 (unidentified response; host=www.flightaware.com; server=absent; type=absent; bodyChars=0; branding=unidentifi'
}
[story-request] {"scheduleSource":"saved_resume","fallbackOutcome":"resume_used","cacheStatus":"miss","event":"story_request","requested":"WN1111","fresh":false,"durationMs":19,"outcome":"error","errorCategory":"source_unavailable"}
[aeroapi] key unavailable; using public feed
[schedule-fallback-unavailable] {
  callsign: 'SWA1111',
  reason: 'Current flight route unavailable: schedule provider returned HTTP 402 (unidentified response; host=www.flightaware.com; server=absent; type=absent; bodyChars=0; branding=unidentifi'
}
[departure-telemetry] {
  callsignRequested: 'WN1111',
  flightInstance: 'resume:436b0ebd91afd490adfa1d4ab98fd79b4d82354e9614bb79d064259865a4889b:leg:v1:SWA1111|2026-09-13|MDW|MSP',
  currentStage: 'push',
  pushLatched: true,
  taxiOutLatched: false,
  pushTimestamp: 1789318710,
  pushTimestampSource: 'provider_actual',
  firstDepartureMovement: false,
  rawTaxiHint: false,
  stageTaxiHint: false,
  taxiThresholdKt: 6,
  parkedObservedSec: 0,
  stationaryAtStand: false,
  awayFromPassengerGateArea: false,
  providerGateOut: { scheduled: 1789318200, estimated: null, actual: 1789318710 },
  providerGateOutPublic: { scheduled: 1789318200, estimated: null, actual: 1789318710 },
  groundspeedKt: 0,
  onGround: true,
  distanceFromParkedNm: null,
  positionAgeSec: 1,
  positionSource: 'adsb'
}
[push-evidence] {"callsignRequested":"WN1111","flightInstance":"resume:436b0ebd91afd490adfa1d4ab98fd79b4d82354e9614bb79d064259865a4889b:leg:v1:SWA1111|2026-09-13|MDW|MSP","flightaware":{"flightId":null,"publicGateOut":{"scheduled":1789318200,"estimated":null,"actual":1789318710},"aeroApiOut":null,"firstTrackMovement":null},"fr24":{"flightId":null,"status":"DISABLED","firstTrackMovement":null,"summaryOut":null},"adsb":{"firstTrackMovement":null,"positionAgeSec":1,"groundspeedKt":0,"distanceFromParkedNm":null},"inbound":{"parkedPosition":null,"selectedPush":{"unix":1789318710,"source":"provider_actual","evidence":null},"pushLatch":{"unix":1789318710,"source":"provider_actual","live":true,"at":1789318800},"taxiOutLatch":null,"finalPushUnix":1789318710,"finalPushSource":"provider_actual","phaseStatePersistenceOnLoad":"ok"}}
[flight-telemetry] {
  callsignRequested: 'WN1111',
  callsign: 'SWA1111',
  registration: 'N12345',
  hex: 'a12345',
  destination: { iata: 'MSP', icao: 'KMSP', lat: 44.8848, lon: -93.2223 },
  livePosition: { lat: 41.787, lon: -87.752 },
  altitudeFt: 0,
  groundspeedKt: 0,
  onGround: true,
  track: 310,
  verticalRateFpm: null,
  phase: 'parked',
  headingToDestinationDelta: null,
  isFinalApproach: false,
  routeRemainingNm: 302.638444110557,
  directToDestNm: null,
  remainingNm: 302.638444110557,
  etaMin: 60,
  currentStage: 'push',
  arrivalStatus: 'airborne',
  ourLanded: false,
  positionProvider: 'adsb',
  positionSeenAt: 1789318799,
  positionAgeSec: 1,
  flightawarePosition: null,
  fr24Position: null,
  adsbPosition: {
    provider: 'adsb',
    flightId: null,
    callsign: 'SWA1111',
    lat: 41.787,
    lon: -87.752,
    altFt: 0,
    vertFpm: null,
    gsKt: 0,
    track: 310,
    onGround: true,
    seenAt: 1789318799,
    registration: 'N12345',
    type: 'B738',
    hex: 'a12345',
    confidence: 'high'
  },
  providerStatus: { flightaware: 'DISABLED', fr24: 'DISABLED' },
  providerEta: { flightaware: null, fr24: null },
  providerDistancesNm: {
    flightawareToFr24: null,
    flightawareToAdsb: null,
    fr24ToAdsb: null
  },
  fusionDisagreementNm: null,
  filedRouteDeviationNm: 0.010476603989354029,
  displayPathSource: 'direct'
}
[story-request] {"scheduleSource":"saved_resume","fallbackOutcome":"resume_used","cacheStatus":"miss","event":"story_request","requested":"WN1111","fresh":false,"durationMs":40,"outcome":"ok","errorCategory":null}
[story-request] {"scheduleSource":"unavailable","fallbackOutcome":"flightstats_unavailable","cacheStatus":"miss","event":"story_request","requested":"WN1111","fresh":false,"durationMs":0,"outcome":"error","errorCategory":"source_unavailable"}
[schedule-fallback-unavailable] {
  callsign: 'SWA1111',
  reason: 'Current flight route unavailable: schedule provider returned HTTP 402 (unidentified response; host=www.flightaware.com; server=absent; type=absent; bodyChars=0; branding=unidentifi'
}
[departure-telemetry] {
  callsignRequested: 'WN1111',
  flightInstance: 'leg:v1:SWA1111|2026-09-13|MDW|MSP',
  currentStage: 'origin_gate',
  pushLatched: false,
  taxiOutLatched: false,
  pushTimestamp: null,
  pushTimestampSource: null,
  firstDepartureMovement: false,
  rawTaxiHint: false,
  stageTaxiHint: false,
  taxiThresholdKt: 6,
  parkedObservedSec: 0,
  stationaryAtStand: true,
  awayFromPassengerGateArea: false,
  providerGateOut: { scheduled: 1789318261, estimated: null, actual: null },
  providerGateOutPublic: { scheduled: 1789318261, estimated: null, actual: null },
  groundspeedKt: 0,
  onGround: true,
  distanceFromParkedNm: 0,
  positionAgeSec: 1,
  positionSource: 'adsb'
}
[push-evidence] {"callsignRequested":"WN1111","flightInstance":"leg:v1:SWA1111|2026-09-13|MDW|MSP","flightaware":{"flightId":null,"publicGateOut":{"scheduled":1789318261,"estimated":null,"actual":null},"aeroApiOut":null,"firstTrackMovement":null},"fr24":{"flightId":null,"status":"DISABLED","firstTrackMovement":null,"summaryOut":null},"adsb":{"firstTrackMovement":null,"positionAgeSec":1,"groundspeedKt":0,"distanceFromParkedNm":0},"inbound":{"parkedPosition":{"lat":41.787,"lon":-87.752,"at":1789318861000},"selectedPush":null,"pushLatch":null,"taxiOutLatch":null,"finalPushUnix":null,"finalPushSource":null,"phaseStatePersistenceOnLoad":"ok"}}
[flight-telemetry] {
  callsignRequested: 'WN1111',
  callsign: 'SWA1111',
  registration: 'N12345',
  hex: 'a12345',
  destination: { iata: 'MSP', icao: 'KMSP', lat: 44.8848, lon: -93.2223 },
  livePosition: { lat: 41.787, lon: -87.752 },
  altitudeFt: 0,
  groundspeedKt: 0,
  onGround: true,
  track: 310,
  verticalRateFpm: null,
  phase: 'parked',
  headingToDestinationDelta: null,
  isFinalApproach: false,
  routeRemainingNm: 302.638444110557,
  directToDestNm: null,
  remainingNm: 302.638444110557,
  etaMin: 60,
  currentStage: 'origin_gate',
  arrivalStatus: 'airborne',
  ourLanded: false,
  positionProvider: 'adsb',
  positionSeenAt: 1789318860,
  positionAgeSec: 1,
  flightawarePosition: null,
  fr24Position: null,
  adsbPosition: {
    provider: 'adsb',
    flightId: null,
    callsign: 'SWA1111',
    lat: 41.787,
    lon: -87.752,
    altFt: 0,
    vertFpm: null,
    gsKt: 0,
    track: 310,
    onGround: true,
    seenAt: 1789318860,
    registration: 'N12345',
    type: 'B738',
    hex: 'a12345',
    confidence: 'high'
  },
  providerStatus: { flightaware: 'DISABLED', fr24: 'DISABLED' },
  providerEta: { flightaware: null, fr24: null },
  providerDistancesNm: {
    flightawareToFr24: null,
    flightawareToAdsb: null,
    fr24ToAdsb: null
  },
  fusionDisagreementNm: null,
  filedRouteDeviationNm: 0.010476603989354029,
  displayPathSource: 'direct'
}
[story-request] {"scheduleSource":"flightaware_public","fallbackOutcome":"not_needed","cacheStatus":"miss","event":"story_request","requested":"WN1111","fresh":true,"durationMs":22,"outcome":"ok","errorCategory":null}
[schedule-fallback-unavailable] {
  callsign: 'SWA1111',
  reason: 'Current flight route unavailable: schedule provider returned HTTP 402 (unidentified response; host=www.flightaware.com; server=absent; type=absent; bodyChars=0; branding=unidentifi'
}
[departure-telemetry] {
  callsignRequested: 'WN1111',
  flightInstance: 'resume:8bca2e042f40ea199b0cb9fd6917f6caac112c46af82eb018983bfda53ce452d:leg:v1:SWA1111|2026-09-13|MDW|MSP',
  currentStage: 'origin_gate',
  pushLatched: false,
  taxiOutLatched: false,
  pushTimestamp: null,
  pushTimestampSource: null,
  firstDepartureMovement: false,
  rawTaxiHint: false,
  stageTaxiHint: false,
  taxiThresholdKt: 6,
  parkedObservedSec: 0,
  stationaryAtStand: true,
  awayFromPassengerGateArea: false,
  providerGateOut: { scheduled: 1789318261, estimated: null, actual: null },
  providerGateOutPublic: { scheduled: 1789318261, estimated: null, actual: null },
  groundspeedKt: 0,
  onGround: true,
  distanceFromParkedNm: 0,
  positionAgeSec: 1,
  positionSource: 'adsb'
}
[push-evidence] {"callsignRequested":"WN1111","flightInstance":"resume:8bca2e042f40ea199b0cb9fd6917f6caac112c46af82eb018983bfda53ce452d:leg:v1:SWA1111|2026-09-13|MDW|MSP","flightaware":{"flightId":null,"publicGateOut":{"scheduled":1789318261,"estimated":null,"actual":null},"aeroApiOut":null,"firstTrackMovement":null},"fr24":{"flightId":null,"status":"DISABLED","firstTrackMovement":null,"summaryOut":null},"adsb":{"firstTrackMovement":null,"positionAgeSec":1,"groundspeedKt":0,"distanceFromParkedNm":0},"inbound":{"parkedPosition":{"lat":41.787,"lon":-87.752,"at":1789318871000},"selectedPush":null,"pushLatch":null,"taxiOutLatch":null,"finalPushUnix":null,"finalPushSource":null,"phaseStatePersistenceOnLoad":"ok"}}
[flight-telemetry] {
  callsignRequested: 'WN1111',
  callsign: 'SWA1111',
  registration: 'N12345',
  hex: 'a12345',
  destination: { iata: 'MSP', icao: 'KMSP', lat: 44.8848, lon: -93.2223 },
  livePosition: { lat: 41.787, lon: -87.752 },
  altitudeFt: 0,
  groundspeedKt: 0,
  onGround: true,
  track: 310,
  verticalRateFpm: null,
  phase: 'parked',
  headingToDestinationDelta: null,
  isFinalApproach: false,
  routeRemainingNm: 302.638444110557,
  directToDestNm: null,
  remainingNm: 302.638444110557,
  etaMin: 59.833333333333336,
  currentStage: 'origin_gate',
  arrivalStatus: 'airborne',
  ourLanded: false,
  positionProvider: 'adsb',
  positionSeenAt: 1789318870,
  positionAgeSec: 1,
  flightawarePosition: null,
  fr24Position: null,
  adsbPosition: {
    provider: 'adsb',
    flightId: null,
    callsign: 'SWA1111',
    lat: 41.787,
    lon: -87.752,
    altFt: 0,
    vertFpm: null,
    gsKt: 0,
    track: 310,
    onGround: true,
    seenAt: 1789318870,
    registration: 'N12345',
    type: 'B738',
    hex: 'a12345',
    confidence: 'high'
  },
  providerStatus: { flightaware: 'DISABLED', fr24: 'DISABLED' },
  providerEta: { flightaware: null, fr24: null },
  providerDistancesNm: {
    flightawareToFr24: null,
    flightawareToAdsb: null,
    fr24ToAdsb: null
  },
  fusionDisagreementNm: null,
  filedRouteDeviationNm: 0.010476603989354029,
  displayPathSource: 'direct'
}
[story-request] {"scheduleSource":"saved_resume","fallbackOutcome":"resume_used","cacheStatus":"miss","event":"story_request","requested":"WN1111","fresh":true,"durationMs":13,"outcome":"ok","errorCategory":null}
[aeroapi] key unavailable; using public feed
[schedule-fallback-unavailable] {
  callsign: 'SWA1111',
  reason: 'Current flight route unavailable: schedule provider returned HTTP 402 (unidentified response; host=www.flightaware.com; server=absent; type=absent; bodyChars=0; branding=unidentifi'
}
[departure-telemetry] {
  callsignRequested: 'WN1111',
  flightInstance: 'resume:2a424f50fad660b543b70d0f337977ea7663b622f2feb64372fcfa140b93ab3f:leg:v1:SWA1111|2026-09-13|MDW|MSP',
  currentStage: 'origin_gate',
  pushLatched: false,
  taxiOutLatched: false,
  pushTimestamp: null,
  pushTimestampSource: null,
  firstDepartureMovement: false,
  rawTaxiHint: false,
  stageTaxiHint: false,
  taxiThresholdKt: 6,
  parkedObservedSec: 0,
  stationaryAtStand: true,
  awayFromPassengerGateArea: false,
  providerGateOut: { scheduled: 1789318200, estimated: null, actual: null },
  providerGateOutPublic: { scheduled: 1789318200, estimated: null, actual: null },
  groundspeedKt: 0,
  onGround: true,
  distanceFromParkedNm: 0,
  positionAgeSec: 1,
  positionSource: 'adsb'
}
[push-evidence] {"callsignRequested":"WN1111","flightInstance":"resume:2a424f50fad660b543b70d0f337977ea7663b622f2feb64372fcfa140b93ab3f:leg:v1:SWA1111|2026-09-13|MDW|MSP","flightaware":{"flightId":null,"publicGateOut":{"scheduled":1789318200,"estimated":null,"actual":null},"aeroApiOut":null,"firstTrackMovement":null},"fr24":{"flightId":null,"status":"DISABLED","firstTrackMovement":null,"summaryOut":null},"adsb":{"firstTrackMovement":null,"positionAgeSec":1,"groundspeedKt":0,"distanceFromParkedNm":0},"inbound":{"parkedPosition":{"lat":41.787,"lon":-87.752,"at":1789318800000},"selectedPush":null,"pushLatch":null,"taxiOutLatch":null,"finalPushUnix":null,"finalPushSource":null,"phaseStatePersistenceOnLoad":"ok"}}
[flight-telemetry] {
  callsignRequested: 'WN1111',
  callsign: 'SWA1111',
  registration: 'N12345',
  hex: 'a12345',
  destination: { iata: 'MSP', icao: 'KMSP', lat: 44.8848, lon: -93.2223 },
  livePosition: { lat: 41.787, lon: -87.752 },
  altitudeFt: 0,
  groundspeedKt: 0,
  onGround: true,
  track: 310,
  verticalRateFpm: null,
  phase: 'parked',
  headingToDestinationDelta: null,
  isFinalApproach: false,
  routeRemainingNm: 302.638444110557,
  directToDestNm: null,
  remainingNm: 302.638444110557,
  etaMin: 60,
  currentStage: 'origin_gate',
  arrivalStatus: 'airborne',
  ourLanded: false,
  positionProvider: 'adsb',
  positionSeenAt: 1789318799,
  positionAgeSec: 1,
  flightawarePosition: null,
  fr24Position: null,
  adsbPosition: {
    provider: 'adsb',
    flightId: null,
    callsign: 'SWA1111',
    lat: 41.787,
    lon: -87.752,
    altFt: 0,
    vertFpm: null,
    gsKt: 0,
    track: 310,
    onGround: true,
    seenAt: 1789318799,
    registration: 'N12345',
    type: 'B738',
    hex: 'a12345',
    confidence: 'high'
  },
  providerStatus: { flightaware: 'DISABLED', fr24: 'DISABLED' },
  providerEta: { flightaware: null, fr24: null },
  providerDistancesNm: {
    flightawareToFr24: null,
    flightawareToAdsb: null,
    fr24ToAdsb: null
  },
  fusionDisagreementNm: null,
  filedRouteDeviationNm: 0.010476603989354029,
  displayPathSource: 'direct'
}
[story-request] {"scheduleSource":"saved_resume","fallbackOutcome":"resume_used","cacheStatus":"miss","event":"story_request","requested":"WN1111","fresh":false,"durationMs":49,"outcome":"ok","errorCategory":null}
[schedule-fallback-unavailable] {
  callsign: 'SWA1111',
  reason: 'Current flight route unavailable: schedule provider returned HTTP 402 (unidentified response; host=www.flightaware.com; server=absent; type=absent; bodyChars=0; branding=unidentifi'
}
[departure-telemetry] {
  callsignRequested: 'WN1111',
  flightInstance: 'resume:983eb5e38a88536df6d2f908c61041908eafedbfd285105c0a9475692e5a2512:leg:v1:SWA1111|2026-09-13|MDW|DEN',
  currentStage: 'origin_gate',
  pushLatched: false,
  taxiOutLatched: false,
  pushTimestamp: null,
  pushTimestampSource: null,
  firstDepartureMovement: false,
  rawTaxiHint: false,
  stageTaxiHint: false,
  taxiThresholdKt: 6,
  parkedObservedSec: 0,
  stationaryAtStand: true,
  awayFromPassengerGateArea: false,
  providerGateOut: { scheduled: 1789318200, estimated: null, actual: null },
  providerGateOutPublic: { scheduled: 1789318200, estimated: null, actual: null },
  groundspeedKt: 0,
  onGround: true,
  distanceFromParkedNm: 0,
  positionAgeSec: 1,
  positionSource: 'adsb'
}
[push-evidence] {"callsignRequested":"WN1111","flightInstance":"resume:983eb5e38a88536df6d2f908c61041908eafedbfd285105c0a9475692e5a2512:leg:v1:SWA1111|2026-09-13|MDW|DEN","flightaware":{"flightId":null,"publicGateOut":{"scheduled":1789318200,"estimated":null,"actual":null},"aeroApiOut":null,"firstTrackMovement":null},"fr24":{"flightId":null,"status":"DISABLED","firstTrackMovement":null,"summaryOut":null},"adsb":{"firstTrackMovement":null,"positionAgeSec":1,"groundspeedKt":0,"distanceFromParkedNm":0},"inbound":{"parkedPosition":{"lat":41.787,"lon":-87.752,"at":1789318800000},"selectedPush":null,"pushLatch":null,"taxiOutLatch":null,"finalPushUnix":null,"finalPushSource":null,"phaseStatePersistenceOnLoad":"ok"}}
[flight-telemetry] {
  callsignRequested: 'WN1111',
  callsign: 'SWA1111',
  registration: 'N12345',
  hex: 'a12345',
  destination: { iata: 'DEN', icao: 'KDEN', lat: 39.8561, lon: -104.6737 },
  livePosition: { lat: 41.787, lon: -87.752 },
  altitudeFt: 0,
  groundspeedKt: 0,
  onGround: true,
  track: 310,
  verticalRateFpm: null,
  phase: 'parked',
  headingToDestinationDelta: null,
  isFinalApproach: false,
  routeRemainingNm: 776.2261821886912,
  directToDestNm: null,
  remainingNm: 776.2261821886912,
  etaMin: 60,
  currentStage: 'origin_gate',
  arrivalStatus: 'airborne',
  ourLanded: false,
  positionProvider: 'adsb',
  positionSeenAt: 1789318799,
  positionAgeSec: 1,
  flightawarePosition: null,
  fr24Position: null,
  adsbPosition: {
    provider: 'adsb',
    flightId: null,
    callsign: 'SWA1111',
    lat: 41.787,
    lon: -87.752,
    altFt: 0,
    vertFpm: null,
    gsKt: 0,
    track: 310,
    onGround: true,
    seenAt: 1789318799,
    registration: 'N12345',
    type: 'B738',
    hex: 'a12345',
    confidence: 'high'
  },
  providerStatus: { flightaware: 'DISABLED', fr24: 'DISABLED' },
  providerEta: { flightaware: null, fr24: null },
  providerDistancesNm: {
    flightawareToFr24: null,
    flightawareToAdsb: null,
    fr24ToAdsb: null
  },
  fusionDisagreementNm: null,
  filedRouteDeviationNm: 0.012660791569472116,
  displayPathSource: 'direct'
}
[story-request] {"scheduleSource":"saved_resume","fallbackOutcome":"resume_used","cacheStatus":"miss","event":"story_request","requested":"WN1111","fresh":false,"durationMs":8,"outcome":"ok","errorCategory":null}
[aeroapi] key unavailable; using public feed
[schedule-fallback-unavailable] {
  callsign: 'SWA1111',
  reason: 'Current flight route unavailable: schedule provider returned HTTP 402 (unidentified response; host=www.flightaware.com; server=absent; type=absent; bodyChars=0; branding=unidentifi'
}
[departure-telemetry] {
  callsignRequested: 'WN1111',
  flightInstance: 'resume:2a424f50fad660b543b70d0f337977ea7663b622f2feb64372fcfa140b93ab3f:leg:v1:SWA1111|2026-09-13|MDW|MSP',
  currentStage: 'origin_gate',
  pushLatched: false,
  taxiOutLatched: false,
  pushTimestamp: null,
  pushTimestampSource: null,
  firstDepartureMovement: false,
  rawTaxiHint: false,
  stageTaxiHint: false,
  taxiThresholdKt: 6,
  parkedObservedSec: 0,
  stationaryAtStand: true,
  awayFromPassengerGateArea: false,
  providerGateOut: { scheduled: 1789318200, estimated: null, actual: null },
  providerGateOutPublic: { scheduled: 1789318200, estimated: null, actual: null },
  groundspeedKt: 0,
  onGround: true,
  distanceFromParkedNm: 0,
  positionAgeSec: 1,
  positionSource: 'adsb'
}
[push-evidence] {"callsignRequested":"WN1111","flightInstance":"resume:2a424f50fad660b543b70d0f337977ea7663b622f2feb64372fcfa140b93ab3f:leg:v1:SWA1111|2026-09-13|MDW|MSP","flightaware":{"flightId":null,"publicGateOut":{"scheduled":1789318200,"estimated":null,"actual":null},"aeroApiOut":null,"firstTrackMovement":null},"fr24":{"flightId":null,"status":"DISABLED","firstTrackMovement":null,"summaryOut":null},"adsb":{"firstTrackMovement":null,"positionAgeSec":1,"groundspeedKt":0,"distanceFromParkedNm":0},"inbound":{"parkedPosition":{"lat":41.787,"lon":-87.752,"at":1789318800000},"selectedPush":null,"pushLatch":null,"taxiOutLatch":null,"finalPushUnix":null,"finalPushSource":null,"phaseStatePersistenceOnLoad":"ok"}}
[flight-telemetry] {
  callsignRequested: 'WN1111',
  callsign: 'SWA1111',
  registration: 'N12345',
  hex: 'a12345',
  destination: { iata: 'MSP', icao: 'KMSP', lat: 44.8848, lon: -93.2223 },
  livePosition: { lat: 41.787, lon: -87.752 },
  altitudeFt: 0,
  groundspeedKt: 0,
  onGround: true,
  track: 310,
  verticalRateFpm: null,
  phase: 'parked',
  headingToDestinationDelta: null,
  isFinalApproach: false,
  routeRemainingNm: 302.638444110557,
  directToDestNm: null,
  remainingNm: 302.638444110557,
  etaMin: 60,
  currentStage: 'origin_gate',
  arrivalStatus: 'airborne',
  ourLanded: false,
  positionProvider: 'adsb',
  positionSeenAt: 1789318799,
  positionAgeSec: 1,
  flightawarePosition: null,
  fr24Position: null,
  adsbPosition: {
    provider: 'adsb',
    flightId: null,
    callsign: 'SWA1111',
    lat: 41.787,
    lon: -87.752,
    altFt: 0,
    vertFpm: null,
    gsKt: 0,
    track: 310,
    onGround: true,
    seenAt: 1789318799,
    registration: 'N12345',
    type: 'B738',
    hex: 'a12345',
    confidence: 'high'
  },
  providerStatus: { flightaware: 'DISABLED', fr24: 'DISABLED' },
  providerEta: { flightaware: null, fr24: null },
  providerDistancesNm: {
    flightawareToFr24: null,
    flightawareToAdsb: null,
    fr24ToAdsb: null
  },
  fusionDisagreementNm: null,
  filedRouteDeviationNm: 0.010476603989354029,
  displayPathSource: 'direct'
}
[story-request] {"scheduleSource":"saved_resume","fallbackOutcome":"resume_used","cacheStatus":"miss","event":"story_request","requested":"WN1111","fresh":false,"durationMs":31,"outcome":"ok","errorCategory":null}
[schedule-fallback-unavailable] {
  callsign: 'SWA1111',
  reason: 'Current flight route unavailable: schedule provider returned HTTP 402 (unidentified response; host=www.flightaware.com; server=absent; type=absent; bodyChars=0; branding=unidentifi'
}
[departure-telemetry] {
  callsignRequested: 'WN1111',
  flightInstance: 'resume:1bd10b93d2024925cd5e606e83ff29dc99899e58a2568d1d2d6d6f5c998a1afe:leg:v1:SWA1111|2026-09-13|MDW|MSP',
  currentStage: 'origin_gate',
  pushLatched: false,
  taxiOutLatched: false,
  pushTimestamp: null,
  pushTimestampSource: null,
  firstDepartureMovement: false,
  rawTaxiHint: false,
  stageTaxiHint: false,
  taxiThresholdKt: 6,
  parkedObservedSec: 0,
  stationaryAtStand: true,
  awayFromPassengerGateArea: false,
  providerGateOut: { scheduled: 1789318200, estimated: null, actual: null },
  providerGateOutPublic: { scheduled: 1789318200, estimated: null, actual: null },
  groundspeedKt: 0,
  onGround: true,
  distanceFromParkedNm: 0,
  positionAgeSec: 1,
  positionSource: 'adsb'
}
[push-evidence] {"callsignRequested":"WN1111","flightInstance":"resume:1bd10b93d2024925cd5e606e83ff29dc99899e58a2568d1d2d6d6f5c998a1afe:leg:v1:SWA1111|2026-09-13|MDW|MSP","flightaware":{"flightId":null,"publicGateOut":{"scheduled":1789318200,"estimated":null,"actual":null},"aeroApiOut":null,"firstTrackMovement":null},"fr24":{"flightId":null,"status":"DISABLED","firstTrackMovement":null,"summaryOut":null},"adsb":{"firstTrackMovement":null,"positionAgeSec":1,"groundspeedKt":0,"distanceFromParkedNm":0},"inbound":{"parkedPosition":{"lat":41.787,"lon":-87.752,"at":1789322400000},"selectedPush":null,"pushLatch":null,"taxiOutLatch":null,"finalPushUnix":null,"finalPushSource":null,"phaseStatePersistenceOnLoad":"ok"}}
[flight-telemetry] {
  callsignRequested: 'WN1111',
  callsign: 'SWA1111',
  registration: 'N12345',
  hex: 'a12345',
  destination: { iata: 'MSP', icao: 'KMSP', lat: 44.8848, lon: -93.2223 },
  livePosition: { lat: 41.787, lon: -87.752 },
  altitudeFt: 0,
  groundspeedKt: 0,
  onGround: true,
  track: 310,
  verticalRateFpm: null,
  phase: 'parked',
  headingToDestinationDelta: null,
  isFinalApproach: false,
  routeRemainingNm: 302.638444110557,
  directToDestNm: null,
  remainingNm: 302.638444110557,
  etaMin: 43.23406344436528,
  currentStage: 'origin_gate',
  arrivalStatus: 'airborne',
  ourLanded: false,
  positionProvider: 'adsb',
  positionSeenAt: 1789322399,
  positionAgeSec: 1,
  flightawarePosition: null,
  fr24Position: null,
  adsbPosition: {
    provider: 'adsb',
    flightId: null,
    callsign: 'SWA1111',
    lat: 41.787,
    lon: -87.752,
    altFt: 0,
    vertFpm: null,
    gsKt: 0,
    track: 310,
    onGround: true,
    seenAt: 1789322399,
    registration: 'N12345',
    type: 'B738',
    hex: 'a12345',
    confidence: 'high'
  },
  providerStatus: { flightaware: 'DISABLED', fr24: 'DISABLED' },
  providerEta: { flightaware: null, fr24: null },
  providerDistancesNm: {
    flightawareToFr24: null,
    flightawareToAdsb: null,
    fr24ToAdsb: null
  },
  fusionDisagreementNm: null,
  filedRouteDeviationNm: 0.010476603989354029,
  displayPathSource: 'direct'
}
[story-request] {"scheduleSource":"saved_resume","fallbackOutcome":"resume_used","cacheStatus":"miss","event":"story_request","requested":"WN1111","fresh":true,"durationMs":10,"outcome":"ok","errorCategory":null}
[schedule-fallback-unavailable] {
  callsign: 'SWA1111',
  reason: 'Current flight route unavailable: schedule provider returned HTTP 402 (unidentified response; host=www.flightaware.com; server=absent; type=absent; bodyChars=0; branding=unidentifi'
}
[story-request] {"scheduleSource":"unavailable","fallbackOutcome":"flightstats_unavailable","cacheStatus":"miss","event":"story_request","requested":"WN1111","fresh":true,"durationMs":2,"outcome":"error","errorCategory":"source_unavailable"}
[aeroapi] key unavailable; using public feed
[departure-telemetry] {
  callsignRequested: 'WN1111',
  flightInstance: 'leg:v1:SWA1111|2026-09-13|MDW|MSP',
  currentStage: 'origin_gate',
  pushLatched: false,
  taxiOutLatched: false,
  pushTimestamp: null,
  pushTimestampSource: null,
  firstDepartureMovement: false,
  rawTaxiHint: false,
  stageTaxiHint: false,
  taxiThresholdKt: 6,
  parkedObservedSec: 0,
  stationaryAtStand: true,
  awayFromPassengerGateArea: false,
  providerGateOut: { scheduled: 1789318200, estimated: null, actual: null },
  providerGateOutPublic: { scheduled: 1789318200, estimated: null, actual: null },
  groundspeedKt: 0,
  onGround: true,
  distanceFromParkedNm: 0,
  positionAgeSec: 1,
  positionSource: 'adsb'
}
[push-evidence] {"callsignRequested":"WN1111","flightInstance":"leg:v1:SWA1111|2026-09-13|MDW|MSP","flightaware":{"flightId":null,"publicGateOut":{"scheduled":1789318200,"estimated":null,"actual":null},"aeroApiOut":null,"firstTrackMovement":null},"fr24":{"flightId":null,"status":"DISABLED","firstTrackMovement":null,"summaryOut":null},"adsb":{"firstTrackMovement":null,"positionAgeSec":1,"groundspeedKt":0,"distanceFromParkedNm":0},"inbound":{"parkedPosition":{"lat":41.787,"lon":-87.752,"at":1789318800000},"selectedPush":null,"pushLatch":null,"taxiOutLatch":null,"finalPushUnix":null,"finalPushSource":null,"phaseStatePersistenceOnLoad":"ok"}}
[flight-telemetry] {
  callsignRequested: 'WN1111',
  callsign: 'SWA1111',
  registration: 'N12345',
  hex: 'a12345',
  destination: { iata: 'MSP', icao: 'KMSP', lat: 44.8848, lon: -93.2223 },
  livePosition: { lat: 41.787, lon: -87.752 },
  altitudeFt: 0,
  groundspeedKt: 0,
  onGround: true,
  track: 310,
  verticalRateFpm: null,
  phase: 'parked',
  headingToDestinationDelta: null,
  isFinalApproach: false,
  routeRemainingNm: 302.638444110557,
  directToDestNm: null,
  remainingNm: 302.638444110557,
  etaMin: 60,
  currentStage: 'origin_gate',
  arrivalStatus: 'airborne',
  ourLanded: false,
  positionProvider: 'adsb',
  positionSeenAt: 1789318799,
  positionAgeSec: 1,
  flightawarePosition: null,
  fr24Position: null,
  adsbPosition: {
    provider: 'adsb',
    flightId: null,
    callsign: 'SWA1111',
    lat: 41.787,
    lon: -87.752,
    altFt: 0,
    vertFpm: null,
    gsKt: 0,
    track: 310,
    onGround: true,
    seenAt: 1789318799,
    registration: 'N12345',
    type: 'B738',
    hex: 'a12345',
    confidence: 'high'
  },
  providerStatus: { flightaware: 'DISABLED', fr24: 'DISABLED' },
  providerEta: { flightaware: null, fr24: null },
  providerDistancesNm: {
    flightawareToFr24: null,
    flightawareToAdsb: null,
    fr24ToAdsb: null
  },
  fusionDisagreementNm: null,
  filedRouteDeviationNm: 0.010476603989354029,
  displayPathSource: 'direct'
}
[story-request] {"scheduleSource":"flightaware_public","fallbackOutcome":"not_needed","cacheStatus":"miss","event":"story_request","requested":"WN1111","fresh":false,"durationMs":31,"outcome":"ok","errorCategory":null}
{"event":"canonical_leg_key_unavailable","reason":"missing_scheduled","requested":"SWA1111","ident":"SWA1111","origin":"MDW","destination":"MSP","scheduledDeparture":null,"serviceDate":null}
▶ schedule outage resilience
  ✔ keeps an overdue departure at the gate until fresh movement, then detects takeoff (5790.173554ms)
  ✔ does not invent a new flight's route from the ADS-B route database (19.78951ms)
  ✔ rejects another flight, expired context, and future actual events (24.969554ms)
  ✔ does not present a fresh flight stage when both schedule and position are unavailable (29.212496ms)
  ✔ never shares device context through the normal story cache and resumes the provider when it recovers (86.266453ms)
  ✔ isolates different saved legs even with the same flight number (85.203406ms)
  ✔ expires the original schedule even while partial refreshes keep succeeding (53.927376ms)
  ✔ migrates legacy saved data without upgrading inferred event times to reported actuals (41.291262ms)
✔ schedule outage resilience (6423.126547ms)
✔ ground observer makes no hidden/background requests and refreshes immediately on return (110.387329ms)
✔ only completed/actual old arrivals slow down, never scheduled arrival or departure gate (0.475991ms)
✔ visibility and Map selection are wired through to the ground observer (23.62986ms)
{"event":"fr24_upstream_request","timestamp":"2026-10-04T01:32:52.598Z","callsign":null,"registration":null,"endpoint":"/live/flight-positions/full","cache":"miss"}
{"event":"fr24_upstream_request","timestamp":"2026-10-04T01:32:52.598Z","callsign":null,"registration":"NTEST","endpoint":"/live/flight-positions/full","cache":"miss"}
{"event":"fr24_public_registration_fresher","requested":"AAL1","registration":"NTEST","routeOrigin":"ORD","routeDestination":"SEA","previousAgeSec":null,"candidateAgeSec":1}
{"event":"fr24_upstream_request","timestamp":"2026-10-04T01:32:58.598Z","callsign":null,"registration":"NTEST","endpoint":"/live/flight-positions/full","cache":"miss"}
{"event":"fr24_upstream_request","timestamp":"2026-10-04T01:33:28.598Z","callsign":null,"registration":"NTEST","endpoint":"/live/flight-positions/full","cache":"miss"}
{"event":"fr24_upstream_request","timestamp":"2026-10-04T01:33:28.598Z","callsign":null,"registration":null,"endpoint":"/live/flight-positions/full","cache":"miss"}
{"event":"fr24_public_registration_wrong_leg_rejected","requested":"AAL1","registration":"NTEST","routeOrigin":"ORD","routeDestination":"SEA","candidateOrigin":"LAX","candidateDestination":"SEA"}
{"event":"fr24_upstream_request","timestamp":"2026-10-04T01:33:58.598Z","callsign":null,"registration":null,"endpoint":"/live/flight-positions/full","cache":"miss"}
{"event":"fr24_upstream_request","timestamp":"2026-10-04T01:33:58.598Z","callsign":null,"registration":"NTEST","endpoint":"/live/flight-positions/full","cache":"miss"}
{"event":"fr24_public_registration_fresher","requested":"AAL1","registration":"NTEST","routeOrigin":"ORD","routeDestination":"SEA","previousAgeSec":null,"candidateAgeSec":1}
{"event":"fr24_upstream_request","timestamp":"2026-10-04T01:34:28.598Z","callsign":null,"registration":"NTEST","endpoint":"/live/flight-positions/full","cache":"miss"}
{"event":"fr24_upstream_request","timestamp":"2026-10-04T01:34:28.598Z","callsign":null,"registration":null,"endpoint":"/live/flight-positions/full","cache":"miss"}
{"event":"fr24_upstream_request","timestamp":"2026-10-04T01:34:58.598Z","callsign":null,"registration":null,"endpoint":"/live/flight-positions/full","cache":"miss"}
{"event":"fr24_upstream_request","timestamp":"2026-10-04T01:34:58.598Z","callsign":null,"registration":"NTEST","endpoint":"/live/flight-positions/full","cache":"miss"}
{"event":"fr24_public_registration_fresher","requested":"AAL1","registration":"NTEST","routeOrigin":"ORD","routeDestination":"SEA","previousAgeSec":null,"candidateAgeSec":1}
{"event":"fr24_upstream_request","timestamp":"2026-10-04T01:35:28.598Z","callsign":null,"registration":"NTEST","endpoint":"/live/flight-positions/full","cache":"miss"}
{"event":"fr24_upstream_request","timestamp":"2026-10-04T01:35:28.598Z","callsign":null,"registration":null,"endpoint":"/live/flight-positions/full","cache":"miss"}
{"event":"fr24_public_registration_fresher","requested":"AAL1","registration":"NTEST","routeOrigin":"ORD","routeDestination":"SEA","previousAgeSec":null,"candidateAgeSec":60}
{"event":"fr24_upstream_request","timestamp":"2026-10-04T01:35:58.598Z","callsign":null,"registration":"NTEST","endpoint":"/live/flight-positions/full","cache":"miss"}
{"event":"fr24_upstream_request","timestamp":"2026-10-04T01:36:28.598Z","callsign":null,"registration":null,"endpoint":"/live/flight-positions/full","cache":"miss"}
{"event":"fr24_upstream_request","timestamp":"2026-10-04T01:36:28.598Z","callsign":"AAL1","registration":null,"endpoint":"/live/flight-positions/full","cache":"miss"}
{"event":"fr24_public_operating_callsign_match","requested":"AAL2","operating":"AAL1"}
{"event":"fr24_upstream_request","timestamp":"2026-10-04T01:36:34.598Z","callsign":"AAL1","registration":null,"endpoint":"/live/flight-positions/full","cache":"miss"}
{"event":"fr24_upstream_request","timestamp":"2026-10-04T01:52:34.598Z","callsign":null,"registration":null,"endpoint":"/live/flight-positions/full","cache":"miss"}
{"event":"fr24_upstream_request","timestamp":"2026-10-04T01:52:34.598Z","callsign":null,"registration":"NTEST","endpoint":"/live/flight-positions/full","cache":"miss"}
{"event":"fr24_public_registration_fresher","requested":"AAL1","registration":"NTEST","routeOrigin":"ORD","routeDestination":"SEA","previousAgeSec":null,"candidateAgeSec":1}
{"event":"fr24_upstream_request","timestamp":"2026-10-04T01:52:40.598Z","callsign":null,"registration":null,"endpoint":"/live/flight-positions/full","cache":"miss"}
{"event":"fr24_upstream_request","timestamp":"2026-10-04T01:52:40.598Z","callsign":null,"registration":"NTEST","endpoint":"/live/flight-positions/full","cache":"miss"}
{"event":"fr24_public_registration_wrong_leg_rejected","requested":"AAL1","registration":"NTEST","routeOrigin":"ORD","routeDestination":"DEN","candidateOrigin":"ORD","candidateDestination":"SEA"}
✔ matched FR24 registration skips failed route lookup, but wrong leg/missing/stale/expired matches fall back (192.322915ms)
[aeroapi] key unavailable; using public feed
[flight-telemetry] {
  callsignRequested: 'UA219',
  callsign: 'UAL219',
  registration: 'N219UA',
  hex: 'a21900',
  destination: { iata: 'HNL', icao: 'PHNL', lat: 21.3187, lon: -157.9225 },
  livePosition: { lat: 24.95, lon: -153.1667 },
  altitudeFt: 36000,
  groundspeedKt: 462,
  onGround: false,
  track: 237,
  verticalRateFpm: null,
  phase: 'cruise',
  headingToDestinationDelta: 5.74751028259675,
  isFinalApproach: false,
  routeRemainingNm: 346.2215211039816,
  directToDestNm: 341.23417427770994,
  remainingNm: 346.2215211039816,
  etaMin: 47.469266664981845,
  currentStage: 'ride',
  arrivalStatus: 'airborne',
  ourLanded: false,
  positionProvider: 'flightaware-public',
  positionSeenAt: 1790983650.844,
  positionAgeSec: 1,
  flightawarePosition: null,
  fr24Position: null,
  adsbPosition: null,
  providerStatus: { flightaware: 'DISABLED', fr24: 'DISABLED' },
  providerEta: { flightaware: null, fr24: null },
  providerDistancesNm: {
    flightawareToFr24: null,
    flightawareToAdsb: null,
    fr24ToAdsb: null
  },
  fusionDisagreementNm: null,
  filedRouteDeviationNm: 23.969175968165754,
  displayPathSource: 'track'
}
[story-request] {"scheduleSource":"flightaware_public","fallbackOutcome":"not_needed","cacheStatus":"miss","event":"story_request","requested":"UA219","fresh":true,"durationMs":4819,"outcome":"ok","errorCategory":null}
[aeroapi] key unavailable; using public feed
[flightstats-schedule] {
  callsign: 'UAL219',
  date: '2026-10-02',
  origin: 'ORD',
  destination: 'HNL',
  status: 'departed',
  gateOut: 1790955180,
  gateIn: 1790987280,
  candidates: 1
}
[story-request] {"scheduleSource":"flightstats_public","fallbackOutcome":"flightstats_used","cacheStatus":"miss","event":"story_request","requested":"UA219","fresh":true,"durationMs":89,"outcome":"ok","errorCategory":null}
[aeroapi] key unavailable; using public feed
[flightstats-schedule] {
  callsign: 'UAL219',
  date: '2026-10-02',
  origin: 'ORD',
  destination: 'HNL',
  status: 'departed',
  gateOut: 1790955180,
  gateIn: 1790987280,
  candidates: 1
}
[story-request] {"scheduleSource":"flightstats_public","fallbackOutcome":"flightstats_used","cacheStatus":"miss","event":"story_request","requested":"UA219","fresh":true,"durationMs":76,"outcome":"ok","errorCategory":null}
[aeroapi] key unavailable; using public feed
[flight-telemetry] {
  callsignRequested: 'UA219',
  callsign: 'UAL219',
  registration: 'N219UA',
  hex: 'a21900',
  destination: { iata: 'HNL', icao: 'PHNL', lat: 21.3187, lon: -157.9225 },
  livePosition: null,
  altitudeFt: null,
  groundspeedKt: null,
  onGround: null,
  track: null,
  verticalRateFpm: null,
  phase: null,
  headingToDestinationDelta: null,
  isFinalApproach: false,
  routeRemainingNm: 346.2215211039816,
  directToDestNm: null,
  remainingNm: 346.2215211039816,
  etaMin: 49.4602173005688,
  currentStage: 'ride',
  arrivalStatus: 'airborne',
  ourLanded: false,
  positionProvider: 'fallback',
  positionSeenAt: null,
  positionAgeSec: null,
  flightawarePosition: null,
  fr24Position: null,
  adsbPosition: null,
  providerStatus: { flightaware: 'DISABLED', fr24: 'DISABLED' },
  providerEta: { flightaware: null, fr24: null },
  providerDistancesNm: {
    flightawareToFr24: null,
    flightawareToAdsb: null,
    fr24ToAdsb: null
  },
  fusionDisagreementNm: null,
  filedRouteDeviationNm: null,
  displayPathSource: 'track'
}
[story-request] {"scheduleSource":"flightaware_public","fallbackOutcome":"not_needed","cacheStatus":"miss","event":"story_request","requested":"UA219","fresh":true,"durationMs":79,"outcome":"ok","errorCategory":null}
[aeroapi] key unavailable; using public feed
[flight-telemetry] {
  callsignRequested: 'UA219',
  callsign: 'UAL219',
  registration: 'N219UA',
  hex: 'a21900',
  destination: { iata: 'HNL', icao: 'PHNL', lat: 21.3187, lon: -157.9225 },
  livePosition: null,
  altitudeFt: null,
  groundspeedKt: null,
  onGround: null,
  track: null,
  verticalRateFpm: null,
  phase: null,
  headingToDestinationDelta: null,
  isFinalApproach: false,
  routeRemainingNm: 346.2215211039816,
  directToDestNm: null,
  remainingNm: 346.2215211039816,
  etaMin: 49.4602173005688,
  currentStage: 'ride',
  arrivalStatus: 'airborne',
  ourLanded: false,
  positionProvider: 'fallback',
  positionSeenAt: null,
  positionAgeSec: null,
  flightawarePosition: null,
  fr24Position: null,
  adsbPosition: null,
  providerStatus: { flightaware: 'DISABLED', fr24: 'DISABLED' },
  providerEta: { flightaware: null, fr24: null },
  providerDistancesNm: {
    flightawareToFr24: null,
    flightawareToAdsb: null,
    fr24ToAdsb: null
  },
  fusionDisagreementNm: null,
  filedRouteDeviationNm: null,
  displayPathSource: 'track'
}
[story-request] {"scheduleSource":"flightaware_public","fallbackOutcome":"not_needed","cacheStatus":"miss","event":"story_request","requested":"UA219","fresh":true,"durationMs":70,"outcome":"ok","errorCategory":null}
[aeroapi] key unavailable; using public feed
[flight-telemetry] {
  callsignRequested: 'UA219',
  callsign: 'UAL219',
  registration: 'N219UA',
  hex: 'a21900',
  destination: { iata: 'HNL', icao: 'PHNL', lat: 21.3187, lon: -157.9225 },
  livePosition: null,
  altitudeFt: null,
  groundspeedKt: null,
  onGround: null,
  track: null,
  verticalRateFpm: null,
  phase: null,
  headingToDestinationDelta: null,
  isFinalApproach: false,
  routeRemainingNm: 346.2215211039816,
  directToDestNm: null,
  remainingNm: 346.2215211039816,
  etaMin: 49.4602173005688,
  currentStage: 'ride',
  arrivalStatus: 'airborne',
  ourLanded: false,
  positionProvider: 'fallback',
  positionSeenAt: null,
  positionAgeSec: null,
  flightawarePosition: null,
  fr24Position: null,
  adsbPosition: null,
  providerStatus: { flightaware: 'DISABLED', fr24: 'DISABLED' },
  providerEta: { flightaware: null, fr24: null },
  providerDistancesNm: {
    flightawareToFr24: null,
    flightawareToAdsb: null,
    fr24ToAdsb: null
  },
  fusionDisagreementNm: null,
  filedRouteDeviationNm: null,
  displayPathSource: 'track'
}
[story-request] {"scheduleSource":"flightaware_public","fallbackOutcome":"not_needed","cacheStatus":"miss","event":"story_request","requested":"UA219","fresh":true,"durationMs":59,"outcome":"ok","errorCategory":null}
[aeroapi] key unavailable; using public feed
[flight-telemetry] {
  callsignRequested: 'UA219',
  callsign: 'UAL219',
  registration: 'N219UA',
  hex: 'a21900',
  destination: { iata: 'HNL', icao: 'PHNL', lat: 21.3187, lon: -157.9225 },
  livePosition: { lat: 23, lon: -155 },
  altitudeFt: 30000,
  groundspeedKt: 450,
  onGround: false,
  track: 237,
  verticalRateFpm: null,
  phase: 'cruise',
  headingToDestinationDelta: 1.710246295575871,
  isFinalApproach: false,
  routeRemainingNm: 192.27727150053806,
  directToDestNm: 191.29887587427638,
  remainingNm: 192.27727150053806,
  etaMin: 25.636969533405075,
  currentStage: 'ride',
  arrivalStatus: 'airborne',
  ourLanded: false,
  positionProvider: 'flightaware-public',
  positionSeenAt: 1790990990.844,
  positionAgeSec: 1,
  flightawarePosition: null,
  fr24Position: null,
  adsbPosition: null,
  providerStatus: { flightaware: 'DISABLED', fr24: 'DISABLED' },
  providerEta: { flightaware: null, fr24: null },
  providerDistancesNm: {
    flightawareToFr24: null,
    flightawareToAdsb: null,
    fr24ToAdsb: null
  },
  fusionDisagreementNm: null,
  filedRouteDeviationNm: 43.10680414375789,
  displayPathSource: 'track'
}
[story-request] {"scheduleSource":"flightaware_public","fallbackOutcome":"not_needed","cacheStatus":"miss","event":"story_request","requested":"UA219","fresh":true,"durationMs":64,"outcome":"ok","errorCategory":null}
[aeroapi] key unavailable; using public feed
[schedule-fallback-unavailable] {
  callsign: 'UAL219',
  reason: 'Current flight route unavailable: schedule provider returned HTTP 402 (unidentified response; host=www.flightaware.com; server=absent; type=absent; bodyChars=0; branding=unidentifi'
}
[flight-telemetry] {
  callsignRequested: 'UA219',
  callsign: 'UAL219',
  registration: 'N219UA',
  hex: 'a21900',
  destination: { iata: 'HNL', icao: 'PHNL', lat: 21.3187, lon: -157.9225 },
  livePosition: { lat: 23, lon: -155 },
  altitudeFt: 30000,
  groundspeedKt: 450,
  onGround: false,
  track: 237,
  verticalRateFpm: null,
  phase: 'cruise',
  headingToDestinationDelta: 1.710246295575871,
  isFinalApproach: false,
  routeRemainingNm: 192.27727150053806,
  directToDestNm: 191.29887587427638,
  remainingNm: 192.27727150053806,
  etaMin: 25.636969533405075,
  currentStage: 'ride',
  arrivalStatus: 'airborne',
  ourLanded: false,
  positionProvider: 'adsb',
  positionSeenAt: 1790991000.844,
  positionAgeSec: 1,
  flightawarePosition: null,
  fr24Position: null,
  adsbPosition: {
    provider: 'adsb',
    flightId: null,
    callsign: 'UAL219',
    lat: 23,
    lon: -155,
    altFt: 30000,
    vertFpm: null,
    gsKt: 450,
    track: 237,
    onGround: false,
    seenAt: 1790991000.844,
    registration: 'N219UA',
    type: null,
    hex: 'a21900',
    confidence: 'high'
  },
  providerStatus: { flightaware: 'DISABLED', fr24: 'DISABLED' },
  providerEta: { flightaware: null, fr24: null },
  providerDistancesNm: {
    flightawareToFr24: null,
    flightawareToAdsb: null,
    fr24ToAdsb: null
  },
  fusionDisagreementNm: null,
  filedRouteDeviationNm: 43.10680414375789,
  displayPathSource: 'track'
}
[story-request] {"scheduleSource":"saved_resume","fallbackOutcome":"resume_used","cacheStatus":"miss","event":"story_request","requested":"UA219","fresh":true,"durationMs":47,"outcome":"ok","errorCategory":null}
[aeroapi] key unavailable; using public feed
[arrival-projection] {
  flight: 'UAL219',
  landKey: 'leg:v1:UAL219|2026-10-02|MCO|ORD',
  stateKey: 'leg:v1:UAL219|2026-10-02|MCO|ORD',
  instance: 'eu3koarg',
  entryGate: true,
  reason: 'started',
  persistence: 'ok',
  applied: true,
  geometrySource: 'observed_fix',
  displayPointCount: 42,
  stale: false,
  loadedVersion: 0,
  hadPrevious: false,
  runway: '10R',
  source: 'ATIS',
  side: 1,
  active: true,
  startedAt: 1790991001844,
  offPathStreak: 0,
  vertFpm: null,
  verticalRateSource: null,
  stageVertFpm: null,
  cursorNm: 0,
  plannedPoints: 41,
  directToThresholdNm: 13.055797838476495,
  phase: 'cruise',
  extrapolated: false,
  seenSec: 1,
  kind: 'downwind-base',
  remainingNm: 22.23411981046109,
  stageRemainingNm: 14.508207298373566
}
[flight-telemetry] {
  callsignRequested: 'UA219',
  callsign: 'UAL219',
  registration: 'N219UA',
  hex: 'a21900',
  destination: { iata: 'ORD', icao: 'KORD', lat: 41.9786, lon: -87.9048 },
  livePosition: { lat: 41.877462, lon: -88.199775 },
  altitudeFt: 4000,
  groundspeedKt: 210,
  onGround: false,
  track: 267.67,
  verticalRateFpm: null,
  phase: 'cruise',
  headingToDestinationDelta: 157.48860925143606,
  isFinalApproach: false,
  routeRemainingNm: 22.23411981046109,
  directToDestNm: 14.508207298373566,
  remainingNm: 22.23411981046109,
  etaMin: 6.35260566013174,
  currentStage: 'arrival',
  arrivalStatus: 'airborne',
  ourLanded: false,
  positionProvider: 'flightaware-public',
  positionSeenAt: 1790991000.844,
  positionAgeSec: 1,
  flightawarePosition: null,
  fr24Position: null,
  adsbPosition: null,
  providerStatus: { flightaware: 'DISABLED', fr24: 'DISABLED' },
  providerEta: { flightaware: null, fr24: null },
  providerDistancesNm: {
    flightawareToFr24: null,
    flightawareToAdsb: null,
    fr24ToAdsb: null
  },
  fusionDisagreementNm: null,
  filedRouteDeviationNm: 7.652401395130016e-13,
  displayPathSource: 'filed'
}
[story-request] {"scheduleSource":"flightaware_public","fallbackOutcome":"not_needed","cacheStatus":"miss","event":"story_request","requested":"UA219","fresh":true,"durationMs":50,"outcome":"ok","errorCategory":null}
[aeroapi] key unavailable; using public feed
[arrival-projection] {
  flight: 'UAL219',
  landKey: 'leg:v1:UAL219|2026-10-02|MCO|ORD',
  stateKey: 'leg:v1:UAL219|2026-10-02|MCO|ORD',
  instance: '6u00gnvq',
  entryGate: false,
  reason: 'held-no-reliable-fix',
  persistence: 'ok',
  applied: true,
  geometrySource: 'last_known_fix',
  displayPointCount: 42,
  stale: true,
  loadedVersion: 1,
  hadPrevious: true,
  runway: '10R',
  source: 'ATIS',
  side: 1,
  active: true,
  startedAt: 1790991001844,
  offPathStreak: 0,
  vertFpm: null,
  verticalRateSource: null,
  stageVertFpm: null,
  cursorNm: 0,
  plannedPoints: 41,
  directToThresholdNm: null,
  phase: null,
  extrapolated: false,
  seenSec: null,
  kind: 'downwind-base',
  remainingNm: 22.23411981046109,
  stageRemainingNm: 22.23411981046109
}
[flight-telemetry] {
  callsignRequested: 'UA219',
  callsign: 'UAL219',
  registration: 'N219UA',
  hex: 'a21900',
  destination: { iata: 'ORD', icao: 'KORD', lat: 41.9786, lon: -87.9048 },
  livePosition: null,
  altitudeFt: null,
  groundspeedKt: null,
  onGround: null,
  track: null,
  verticalRateFpm: null,
  phase: null,
  headingToDestinationDelta: null,
  isFinalApproach: false,
  routeRemainingNm: 22.23411981046109,
  directToDestNm: null,
  remainingNm: 22.23411981046109,
  etaMin: 29.5,
  currentStage: 'ride',
  arrivalStatus: 'airborne',
  ourLanded: false,
  positionProvider: 'fallback',
  positionSeenAt: null,
  positionAgeSec: null,
  flightawarePosition: null,
  fr24Position: null,
  adsbPosition: null,
  providerStatus: { flightaware: 'DISABLED', fr24: 'DISABLED' },
  providerEta: { flightaware: null, fr24: null },
  providerDistancesNm: {
    flightawareToFr24: null,
    flightawareToAdsb: null,
    fr24ToAdsb: null
  },
  fusionDisagreementNm: null,
  filedRouteDeviationNm: null,
  displayPathSource: 'filed'
}
[story-request] {"scheduleSource":"flightaware_public","fallbackOutcome":"not_needed","cacheStatus":"miss","event":"story_request","requested":"UA219","fresh":true,"durationMs":49,"outcome":"ok","errorCategory":null}
✔ UA219 durable filed/track geometry and oceanic progress survive provider handoff, cold instances, reroute and recovery (6309.589215ms)
[flight-telemetry] {
  callsignRequested: 'UA219',
  callsign: 'UAL219',
  registration: 'N219UA',
  hex: 'a21900',
  destination: { iata: 'HNL', icao: 'PHNL', lat: 21.3187, lon: -157.9225 },
  livePosition: { lat: 24.95, lon: -153.1667 },
  altitudeFt: 36000,
  groundspeedKt: 462,
  onGround: false,
  track: 237,
  verticalRateFpm: null,
  phase: 'cruise',
  headingToDestinationDelta: 5.74751028259675,
  isFinalApproach: false,
  routeRemainingNm: 346.2215211039816,
  directToDestNm: 341.23417427770994,
  remainingNm: 346.2215211039816,
  etaMin: 47.469266664981845,
  currentStage: 'ride',
  arrivalStatus: 'airborne',
  ourLanded: false,
  positionProvider: 'flightaware-public',
  positionSeenAt: 1790983650.844,
  positionAgeSec: 1,
  flightawarePosition: null,
  fr24Position: null,
  adsbPosition: null,
  providerStatus: { flightaware: 'DISABLED', fr24: 'DISABLED' },
  providerEta: { flightaware: null, fr24: null },
  providerDistancesNm: {
    flightawareToFr24: null,
    flightawareToAdsb: null,
    fr24ToAdsb: null
  },
  fusionDisagreementNm: null,
  filedRouteDeviationNm: 23.969175968165754,
  displayPathSource: 'track'
}
[flight-telemetry] {
  callsignRequested: 'UA219',
  callsign: 'UAL219',
  registration: 'N219UA',
  hex: 'a21900',
  destination: { iata: 'HNL', icao: 'PHNL', lat: 21.3187, lon: -157.9225 },
  livePosition: { lat: 24.925, lon: -153.2167 },
  altitudeFt: 36000,
  groundspeedKt: 462,
  onGround: false,
  track: 237,
  verticalRateFpm: null,
  phase: 'cruise',
  headingToDestinationDelta: 5.8587141848439614,
  isFinalApproach: false,
  routeRemainingNm: 343.54831452715865,
  directToDestNm: 338.1721965491216,
  remainingNm: 343.54831452715865,
  etaMin: 46.969266664981845,
  currentStage: 'ride',
  arrivalStatus: 'airborne',
  ourLanded: false,
  positionProvider: 'flightaware-public',
  positionSeenAt: 1790983680.844,
  positionAgeSec: 1,
  flightawarePosition: null,
  fr24Position: null,
  adsbPosition: null,
  providerStatus: { flightaware: 'DISABLED', fr24: 'DISABLED' },
  providerEta: { flightaware: null, fr24: null },
  providerDistancesNm: {
    flightawareToFr24: null,
    flightawareToAdsb: null,
    fr24ToAdsb: null
  },
  fusionDisagreementNm: null,
  filedRouteDeviationNm: 27.67815694699043,
  displayPathSource: 'track'
}
[flight-telemetry] {
  callsignRequested: 'UA219',
  callsign: 'UAL219',
  registration: 'N219UA',
  hex: 'a21900',
  destination: { iata: 'HNL', icao: 'PHNL', lat: 21.3187, lon: -157.9225 },
  livePosition: { lat: 24.900000000000002, lon: -153.26670000000001 },
  altitudeFt: 36000,
  groundspeedKt: 462,
  onGround: false,
  track: 237,
  verticalRateFpm: null,
  phase: 'cruise',
  headingToDestinationDelta: 5.971798694037034,
  isFinalApproach: false,
  routeRemainingNm: 340.9166177443318,
  directToDestNm: 335.1108443774515,
  remainingNm: 340.9166177443318,
  etaMin: 46.469266664981845,
  currentStage: 'ride',
  arrivalStatus: 'airborne',
  ourLanded: false,
  positionProvider: 'flightaware-public',
  positionSeenAt: 1790983710.844,
  positionAgeSec: 1,
  flightawarePosition: null,
  fr24Position: null,
  adsbPosition: null,
  providerStatus: { flightaware: 'DISABLED', fr24: 'DISABLED' },
  providerEta: { flightaware: null, fr24: null },
  providerDistancesNm: {
    flightawareToFr24: null,
    flightawareToAdsb: null,
    fr24ToAdsb: null
  },
  fusionDisagreementNm: null,
  filedRouteDeviationNm: 31.547890578832877,
  displayPathSource: 'track'
}
[flight-telemetry] {
  callsignRequested: 'UA219',
  callsign: 'UAL219',
  registration: 'N219UA',
  hex: 'a21900',
  destination: { iata: 'HNL', icao: 'PHNL', lat: 21.3187, lon: -157.9225 },
  livePosition: { lat: 24.875000000000004, lon: -153.31670000000003 },
  altitudeFt: 36000,
  groundspeedKt: 462,
  onGround: false,
  track: 237,
  verticalRateFpm: null,
  phase: 'cruise',
  headingToDestinationDelta: 6.086815901437035,
  isFinalApproach: false,
  routeRemainingNm: 332.3828623283507,
  directToDestNm: 332.050149511478,
  remainingNm: 332.3828623283507,
  etaMin: 45.969266664981845,
  currentStage: 'ride',
  arrivalStatus: 'airborne',
  ourLanded: false,
  positionProvider: 'flightaware-public',
  positionSeenAt: 1790983740.844,
  positionAgeSec: 1,
  flightawarePosition: null,
  fr24Position: null,
  adsbPosition: null,
  providerStatus: { flightaware: 'DISABLED', fr24: 'DISABLED' },
  providerEta: { flightaware: null, fr24: null },
  providerDistancesNm: {
    flightawareToFr24: null,
    flightawareToAdsb: null,
    fr24ToAdsb: null
  },
  fusionDisagreementNm: null,
  filedRouteDeviationNm: 31.298191064891174,
  displayPathSource: 'track'
}
[flight-telemetry] {
  callsignRequested: 'UA219',
  callsign: 'UAL219',
  registration: 'N219UA',
  hex: 'a21900',
  destination: { iata: 'HNL', icao: 'PHNL', lat: 21.3187, lon: -157.9225 },
  livePosition: { lat: 24.850000000000005, lon: -153.36670000000004 },
  altitudeFt: 36000,
  groundspeedKt: 462,
  onGround: false,
  track: 237,
  verticalRateFpm: null,
  phase: 'cruise',
  headingToDestinationDelta: 6.2038197990600565,
  isFinalApproach: false,
  routeRemainingNm: 329.33673412844144,
  directToDestNm: 328.9901448558742,
  remainingNm: 329.33673412844144,
  etaMin: 45.469266664981845,
  currentStage: 'ride',
  arrivalStatus: 'airborne',
  ourLanded: false,
  positionProvider: 'flightaware-public',
  positionSeenAt: 1790983770.844,
  positionAgeSec: 1,
  flightawarePosition: null,
  fr24Position: null,
  adsbPosition: null,
  providerStatus: { flightaware: 'DISABLED', fr24: 'DISABLED' },
  providerEta: { flightaware: null, fr24: null },
  providerDistancesNm: {
    flightawareToFr24: null,
    flightawareToAdsb: null,
    fr24ToAdsb: null
  },
  fusionDisagreementNm: null,
  filedRouteDeviationNm: 28.251310295232663,
  displayPathSource: 'track'
}
[flight-telemetry] {
  callsignRequested: 'UA219',
  callsign: 'UAL219',
  registration: 'N219UA',
  hex: 'a21900',
  destination: { iata: 'HNL', icao: 'PHNL', lat: 21.3187, lon: -157.9225 },
  livePosition: { lat: 24.825000000000006, lon: -153.41670000000005 },
  altitudeFt: 36000,
  groundspeedKt: 462,
  onGround: false,
  track: 237,
  verticalRateFpm: null,
  phase: 'cruise',
  headingToDestinationDelta: 6.3228663658161395,
  isFinalApproach: false,
  routeRemainingNm: 326.9219044143338,
  directToDestNm: 325.9308645248121,
  remainingNm: 326.9219044143338,
  etaMin: 44.969266664981845,
  currentStage: 'ride',
  arrivalStatus: 'airborne',
  ourLanded: false,
  positionProvider: 'flightaware-public',
  positionSeenAt: 1790983800.844,
  positionAgeSec: 1,
  flightawarePosition: null,
  fr24Position: null,
  adsbPosition: null,
  providerStatus: { flightaware: 'DISABLED', fr24: 'DISABLED' },
  providerEta: { flightaware: null, fr24: null },
  providerDistancesNm: {
    flightawareToFr24: null,
    flightawareToAdsb: null,
    fr24ToAdsb: null
  },
  fusionDisagreementNm: null,
  filedRouteDeviationNm: 25.224866965332783,
  displayPathSource: 'track'
}
[flight-telemetry] {
  callsignRequested: 'UA219',
  callsign: 'UAL219',
  registration: 'N219UA',
  hex: 'a21900',
  destination: { iata: 'HNL', icao: 'PHNL', lat: 21.3187, lon: -157.9225 },
  livePosition: { lat: 24.800000000000008, lon: -153.46670000000006 },
  altitudeFt: 36000,
  groundspeedKt: 462,
  onGround: false,
  track: 237,
  verticalRateFpm: null,
  phase: 'cruise',
  headingToDestinationDelta: 6.444013658294693,
  isFinalApproach: false,
  routeRemainingNm: 323.90956317419005,
  directToDestNm: 322.87234389854325,
  remainingNm: 323.90956317419005,
  etaMin: 44.469266664981845,
  currentStage: 'ride',
  arrivalStatus: 'airborne',
  ourLanded: false,
  positionProvider: 'flightaware-public',
  positionSeenAt: 1790983830.844,
  positionAgeSec: 1,
  flightawarePosition: null,
  fr24Position: null,
  adsbPosition: null,
  providerStatus: { flightaware: 'DISABLED', fr24: 'DISABLED' },
  providerEta: { flightaware: null, fr24: null },
  providerDistancesNm: {
    flightawareToFr24: null,
    flightawareToAdsb: null,
    fr24ToAdsb: null
  },
  fusionDisagreementNm: null,
  filedRouteDeviationNm: 22.220565204689343,
  displayPathSource: 'track'
}
[flight-telemetry] {
  callsignRequested: 'UA219',
  callsign: 'UAL219',
  registration: 'N219UA',
  hex: 'a21900',
  destination: { iata: 'HNL', icao: 'PHNL', lat: 21.3187, lon: -157.9225 },
  livePosition: { lat: 24.77500000000001, lon: -153.51670000000007 },
  altitudeFt: 36000,
  groundspeedKt: 462,
  onGround: false,
  track: 237,
  verticalRateFpm: null,
  phase: 'cruise',
  headingToDestinationDelta: 6.56732190648404,
  isFinalApproach: false,
  routeRemainingNm: 320.9004490192491,
  directToDestNm: 319.8146196831457,
  remainingNm: 320.9004490192491,
  etaMin: 43.969266664981845,
  currentStage: 'ride',
  arrivalStatus: 'airborne',
  ourLanded: false,
  positionProvider: 'flightaware-public',
  positionSeenAt: 1790983860.844,
  positionAgeSec: 1,
  flightawarePosition: null,
  fr24Position: null,
  adsbPosition: null,
  providerStatus: { flightaware: 'DISABLED', fr24: 'DISABLED' },
  providerEta: { flightaware: null, fr24: null },
  providerDistancesNm: {
    flightawareToFr24: null,
    flightawareToAdsb: null,
    fr24ToAdsb: null
  },
  fusionDisagreementNm: null,
  filedRouteDeviationNm: 19.239943468113342,
  displayPathSource: 'track'
}
[flight-telemetry] {
  callsignRequested: 'UA219',
  callsign: 'UAL219',
  registration: 'N219UA',
  hex: 'a21900',
  destination: { iata: 'HNL', icao: 'PHNL', lat: 21.3187, lon: -157.9225 },
  livePosition: { lat: 24.75000000000001, lon: -153.56670000000008 },
  altitudeFt: 36000,
  groundspeedKt: 462,
  onGround: false,
  track: 237,
  verticalRateFpm: null,
  phase: 'cruise',
  headingToDestinationDelta: 6.692853614737146,
  isFinalApproach: false,
  routeRemainingNm: 319.5492961811051,
  directToDestNm: 316.7577299736441,
  remainingNm: 319.5492961811051,
  etaMin: 43.469266664981845,
  currentStage: 'ride',
  arrivalStatus: 'airborne',
  ourLanded: false,
  positionProvider: 'flightaware-public',
  positionSeenAt: 1790983890.844,
  positionAgeSec: 1,
  flightawarePosition: null,
  fr24Position: null,
  adsbPosition: null,
  providerStatus: { flightaware: 'DISABLED', fr24: 'DISABLED' },
  providerEta: { flightaware: null, fr24: null },
  providerDistancesNm: {
    flightawareToFr24: null,
    flightawareToAdsb: null,
    fr24ToAdsb: null
  },
  fusionDisagreementNm: null,
  filedRouteDeviationNm: 16.28420806582312,
  displayPathSource: 'track'
}
[flight-telemetry] {
  callsignRequested: 'UA219',
  callsign: 'UAL219',
  registration: 'N219UA',
  hex: 'a21900',
  destination: { iata: 'HNL', icao: 'PHNL', lat: 21.3187, lon: -157.9225 },
  livePosition: { lat: 24.725000000000012, lon: -153.6167000000001 },
  altitudeFt: 36000,
  groundspeedKt: 462,
  onGround: false,
  track: 237,
  verticalRateFpm: null,
  phase: 'cruise',
  headingToDestinationDelta: 6.820673668312679,
  isFinalApproach: false,
  routeRemainingNm: 316.65693133741814,
  directToDestNm: 313.70171432072345,
  remainingNm: 316.65693133741814,
  etaMin: 42.969266664981845,
  currentStage: 'ride',
  arrivalStatus: 'airborne',
  ourLanded: false,
  positionProvider: 'flightaware-public',
  positionSeenAt: 1790983920.844,
  positionAgeSec: 1,
  flightawarePosition: null,
  fr24Position: null,
  adsbPosition: null,
  providerStatus: { flightaware: 'DISABLED', fr24: 'DISABLED' },
  providerEta: { flightaware: null, fr24: null },
  providerDistancesNm: {
    flightawareToFr24: null,
    flightawareToAdsb: null,
    fr24ToAdsb: null
  },
  fusionDisagreementNm: null,
  filedRouteDeviationNm: 13.353997442708406,
  displayPathSource: 'track'
}
[flight-telemetry] {
  callsignRequested: 'UA219',
  callsign: 'UAL219',
  registration: 'N219UA',
  hex: 'a21900',
  destination: { iata: 'HNL', icao: 'PHNL', lat: 21.3187, lon: -157.9225 },
  livePosition: { lat: 24.725000000000012, lon: -153.6167000000001 },
  altitudeFt: 36000,
  groundspeedKt: 462,
  onGround: false,
  track: 237,
  verticalRateFpm: null,
  phase: 'cruise',
  headingToDestinationDelta: 6.820673668312679,
  isFinalApproach: false,
  routeRemainingNm: 316.65693133741814,
  directToDestNm: 313.70171432072345,
  remainingNm: 316.65693133741814,
  etaMin: 42.969266664981845,
  currentStage: 'ride',
  arrivalStatus: 'airborne',
  ourLanded: false,
  positionProvider: 'flightaware-public',
  positionSeenAt: 1790983920.844,
  positionAgeSec: 1,
  flightawarePosition: null,
  fr24Position: null,
  adsbPosition: null,
  providerStatus: { flightaware: 'DISABLED', fr24: 'DISABLED' },
  providerEta: { flightaware: null, fr24: null },
  providerDistancesNm: {
    flightawareToFr24: null,
    flightawareToAdsb: null,
    fr24ToAdsb: null
  },
  fusionDisagreementNm: null,
  filedRouteDeviationNm: 13.353997442708406,
  displayPathSource: 'track'
}
[flight-telemetry] {
  callsignRequested: 'UA219',
  callsign: 'UAL219',
  registration: 'N219UA',
  hex: 'a21900',
  destination: { iata: 'HNL', icao: 'PHNL', lat: 21.3187, lon: -157.9225 },
  livePosition: null,
  altitudeFt: null,
  groundspeedKt: null,
  onGround: null,
  track: null,
  verticalRateFpm: null,
  phase: null,
  headingToDestinationDelta: null,
  isFinalApproach: false,
  routeRemainingNm: 316.65693133741814,
  directToDestNm: null,
  remainingNm: 316.65693133741814,
  etaMin: 40.969266664981845,
  currentStage: 'ride',
  arrivalStatus: 'airborne',
  ourLanded: false,
  positionProvider: 'fallback',
  positionSeenAt: null,
  positionAgeSec: null,
  flightawarePosition: null,
  fr24Position: null,
  adsbPosition: null,
  providerStatus: { flightaware: 'DISABLED', fr24: 'DISABLED' },
  providerEta: { flightaware: null, fr24: null },
  providerDistancesNm: {
    flightawareToFr24: null,
    flightawareToAdsb: null,
    fr24ToAdsb: null
  },
  fusionDisagreementNm: null,
  filedRouteDeviationNm: null,
  displayPathSource: 'track'
}
[departure-telemetry] {
  callsignRequested: 'UA219',
  flightInstance: 'leg:v1:UAL219|2026-10-02|ORD|HNL',
  currentStage: 'origin_gate',
  pushLatched: false,
  taxiOutLatched: false,
  pushTimestamp: null,
  pushTimestampSource: null,
  firstDepartureMovement: false,
  rawTaxiHint: false,
  stageTaxiHint: false,
  taxiThresholdKt: 6,
  parkedObservedSec: 0,
  stationaryAtStand: true,
  awayFromPassengerGateArea: false,
  providerGateOut: { scheduled: 1790952900, estimated: null, actual: null },
  providerGateOutPublic: { scheduled: 1790952900, estimated: null, actual: null },
  groundspeedKt: 0,
  onGround: true,
  distanceFromParkedNm: 0,
  positionAgeSec: 1,
  positionSource: 'adsb'
}
[push-evidence] {"callsignRequested":"UA219","flightInstance":"leg:v1:UAL219|2026-10-02|ORD|HNL","flightaware":{"flightId":"UAL219-1790952900-schedule-0001","publicGateOut":{"scheduled":1790952900,"estimated":null,"actual":null},"aeroApiOut":null,"firstTrackMovement":null},"fr24":{"flightId":null,"status":"DISABLED","firstTrackMovement":null,"summaryOut":null},"adsb":{"firstTrackMovement":null,"positionAgeSec":1,"groundspeedKt":0,"distanceFromParkedNm":0},"inbound":{"parkedPosition":{"lat":41.9786,"lon":-87.9048,"at":1790952300000},"selectedPush":null,"pushLatch":null,"taxiOutLatch":null,"finalPushUnix":null,"finalPushSource":null,"phaseStatePersistenceOnLoad":"ok"}}
[departure-telemetry] {
  callsignRequested: 'UA219',
  flightInstance: 'leg:v1:UAL219|2026-10-02|ORD|HNL',
  currentStage: 'origin_gate',
  pushLatched: false,
  taxiOutLatched: false,
  pushTimestamp: null,
  pushTimestampSource: null,
  firstDepartureMovement: false,
  rawTaxiHint: false,
  stageTaxiHint: false,
  taxiThresholdKt: 6,
  parkedObservedSec: 0,
  stationaryAtStand: true,
  awayFromPassengerGateArea: false,
  providerGateOut: { scheduled: 1790952900, estimated: null, actual: null },
  providerGateOutPublic: { scheduled: 1790952900, estimated: null, actual: null },
  groundspeedKt: 0,
  onGround: true,
  distanceFromParkedNm: 0,
  positionAgeSec: 1,
  positionSource: 'adsb'
}
[push-evidence] {"callsignRequested":"UA219","flightInstance":"leg:v1:UAL219|2026-10-02|ORD|HNL","flightaware":{"flightId":"UAL219-1790952900-schedule-0001","publicGateOut":{"scheduled":1790952900,"estimated":null,"actual":null},"aeroApiOut":null,"firstTrackMovement":null},"fr24":{"flightId":null,"status":"DISABLED","firstTrackMovement":null,"summaryOut":null},"adsb":{"firstTrackMovement":null,"positionAgeSec":1,"groundspeedKt":0,"distanceFromParkedNm":0},"inbound":{"parkedPosition":{"lat":41.9786,"lon":-87.9048,"at":1790952330000},"selectedPush":null,"pushLatch":null,"taxiOutLatch":null,"finalPushUnix":null,"finalPushSource":null,"phaseStatePersistenceOnLoad":"ok"}}
[departure-telemetry] {
  callsignRequested: 'UA219',
  flightInstance: 'leg:v1:UAL219|2026-10-02|ORD|HNL',
  currentStage: 'origin_gate',
  pushLatched: false,
  taxiOutLatched: false,
  pushTimestamp: null,
  pushTimestampSource: null,
  firstDepartureMovement: false,
  rawTaxiHint: false,
  stageTaxiHint: false,
  taxiThresholdKt: 6,
  parkedObservedSec: 0,
  stationaryAtStand: true,
  awayFromPassengerGateArea: false,
  providerGateOut: { scheduled: 1790952900, estimated: null, actual: null },
  providerGateOutPublic: { scheduled: 1790952900, estimated: null, actual: null },
  groundspeedKt: 0,
  onGround: true,
  distanceFromParkedNm: 0,
  positionAgeSec: 1,
  positionSource: 'adsb'
}
[push-evidence] {"callsignRequested":"UA219","flightInstance":"leg:v1:UAL219|2026-10-02|ORD|HNL","flightaware":{"flightId":"UAL219-1790952900-schedule-0001","publicGateOut":{"scheduled":1790952900,"estimated":null,"actual":null},"aeroApiOut":null,"firstTrackMovement":null},"fr24":{"flightId":null,"status":"DISABLED","firstTrackMovement":null,"summaryOut":null},"adsb":{"firstTrackMovement":null,"positionAgeSec":1,"groundspeedKt":0,"distanceFromParkedNm":0},"inbound":{"parkedPosition":{"lat":41.9786,"lon":-87.9048,"at":1790952360000},"selectedPush":null,"pushLatch":null,"taxiOutLatch":null,"finalPushUnix":null,"finalPushSource":null,"phaseStatePersistenceOnLoad":"ok"}}
[departure-telemetry] {
  callsignRequested: 'UA219',
  flightInstance: 'leg:v1:UAL219|2026-10-02|ORD|HNL',
  currentStage: 'origin_gate',
  pushLatched: false,
  taxiOutLatched: false,
  pushTimestamp: null,
  pushTimestampSource: null,
  firstDepartureMovement: false,
  rawTaxiHint: false,
  stageTaxiHint: false,
  taxiThresholdKt: 6,
  parkedObservedSec: 0,
  stationaryAtStand: true,
  awayFromPassengerGateArea: false,
  providerGateOut: { scheduled: 1790952900, estimated: null, actual: null },
  providerGateOutPublic: { scheduled: 1790952900, estimated: null, actual: null },
  groundspeedKt: 0,
  onGround: true,
  distanceFromParkedNm: 0,
  positionAgeSec: 1,
  positionSource: 'adsb'
}
[push-evidence] {"callsignRequested":"UA219","flightInstance":"leg:v1:UAL219|2026-10-02|ORD|HNL","flightaware":{"flightId":"UAL219-1790952900-schedule-0001","publicGateOut":{"scheduled":1790952900,"estimated":null,"actual":null},"aeroApiOut":null,"firstTrackMovement":null},"fr24":{"flightId":null,"status":"DISABLED","firstTrackMovement":null,"summaryOut":null},"adsb":{"firstTrackMovement":null,"positionAgeSec":1,"groundspeedKt":0,"distanceFromParkedNm":0},"inbound":{"parkedPosition":{"lat":41.9786,"lon":-87.9048,"at":1790952390000},"selectedPush":null,"pushLatch":null,"taxiOutLatch":null,"finalPushUnix":null,"finalPushSource":null,"phaseStatePersistenceOnLoad":"ok"}}
[departure-telemetry] {
  callsignRequested: 'UA219',
  flightInstance: 'leg:v1:UAL219|2026-10-02|ORD|HNL',
  currentStage: 'origin_gate',
  pushLatched: false,
  taxiOutLatched: false,
  pushTimestamp: null,
  pushTimestampSource: null,
  firstDepartureMovement: false,
  rawTaxiHint: false,
  stageTaxiHint: false,
  taxiThresholdKt: 6,
  parkedObservedSec: 0,
  stationaryAtStand: true,
  awayFromPassengerGateArea: false,
  providerGateOut: { scheduled: 1790952900, estimated: null, actual: null },
  providerGateOutPublic: { scheduled: 1790952900, estimated: null, actual: null },
  groundspeedKt: 0,
  onGround: true,
  distanceFromParkedNm: 0,
  positionAgeSec: 1,
  positionSource: 'adsb'
}
[push-evidence] {"callsignRequested":"UA219","flightInstance":"leg:v1:UAL219|2026-10-02|ORD|HNL","flightaware":{"flightId":"UAL219-1790952900-schedule-0001","publicGateOut":{"scheduled":1790952900,"estimated":null,"actual":null},"aeroApiOut":null,"firstTrackMovement":null},"fr24":{"flightId":null,"status":"DISABLED","firstTrackMovement":null,"summaryOut":null},"adsb":{"firstTrackMovement":null,"positionAgeSec":1,"groundspeedKt":0,"distanceFromParkedNm":0},"inbound":{"parkedPosition":{"lat":41.9786,"lon":-87.9048,"at":1790952420000},"selectedPush":null,"pushLatch":null,"taxiOutLatch":null,"finalPushUnix":null,"finalPushSource":null,"phaseStatePersistenceOnLoad":"ok"}}
[departure-telemetry] {
  callsignRequested: 'UA219',
  flightInstance: 'leg:v1:UAL219|2026-10-02|ORD|HNL',
  currentStage: 'origin_gate',
  pushLatched: false,
  taxiOutLatched: false,
  pushTimestamp: null,
  pushTimestampSource: null,
  firstDepartureMovement: false,
  rawTaxiHint: false,
  stageTaxiHint: false,
  taxiThresholdKt: 6,
  parkedObservedSec: 0,
  stationaryAtStand: true,
  awayFromPassengerGateArea: false,
  providerGateOut: { scheduled: 1790952900, estimated: null, actual: null },
  providerGateOutPublic: { scheduled: 1790952900, estimated: null, actual: null },
  groundspeedKt: 0,
  onGround: true,
  distanceFromParkedNm: 0,
  positionAgeSec: 1,
  positionSource: 'adsb'
}
[push-evidence] {"callsignRequested":"UA219","flightInstance":"leg:v1:UAL219|2026-10-02|ORD|HNL","flightaware":{"flightId":"UAL219-1790952900-schedule-0001","publicGateOut":{"scheduled":1790952900,"estimated":null,"actual":null},"aeroApiOut":null,"firstTrackMovement":null},"fr24":{"flightId":null,"status":"DISABLED","firstTrackMovement":null,"summaryOut":null},"adsb":{"firstTrackMovement":null,"positionAgeSec":1,"groundspeedKt":0,"distanceFromParkedNm":0},"inbound":{"parkedPosition":{"lat":41.9786,"lon":-87.9048,"at":1790952450000},"selectedPush":null,"pushLatch":null,"taxiOutLatch":null,"finalPushUnix":null,"finalPushSource":null,"phaseStatePersistenceOnLoad":"ok"}}
[departure-telemetry] {
  callsignRequested: 'UA219',
  flightInstance: 'leg:v1:UAL219|2026-10-02|ORD|HNL',
  currentStage: 'origin_gate',
  pushLatched: false,
  taxiOutLatched: false,
  pushTimestamp: null,
  pushTimestampSource: null,
  firstDepartureMovement: false,
  rawTaxiHint: false,
  stageTaxiHint: false,
  taxiThresholdKt: 6,
  parkedObservedSec: 0,
  stationaryAtStand: true,
  awayFromPassengerGateArea: false,
  providerGateOut: { scheduled: 1790952900, estimated: null, actual: null },
  providerGateOutPublic: { scheduled: 1790952900, estimated: null, actual: null },
  groundspeedKt: 0,
  onGround: true,
  distanceFromParkedNm: 0,
  positionAgeSec: 1,
  positionSource: 'adsb'
}
[push-evidence] {"callsignRequested":"UA219","flightInstance":"leg:v1:UAL219|2026-10-02|ORD|HNL","flightaware":{"flightId":"UAL219-1790952900-schedule-0001","publicGateOut":{"scheduled":1790952900,"estimated":null,"actual":null},"aeroApiOut":null,"firstTrackMovement":null},"fr24":{"flightId":null,"status":"DISABLED","firstTrackMovement":null,"summaryOut":null},"adsb":{"firstTrackMovement":null,"positionAgeSec":1,"groundspeedKt":0,"distanceFromParkedNm":0},"inbound":{"parkedPosition":{"lat":41.9786,"lon":-87.9048,"at":1790952480000},"selectedPush":null,"pushLatch":null,"taxiOutLatch":null,"finalPushUnix":null,"finalPushSource":null,"phaseStatePersistenceOnLoad":"ok"}}
[departure-telemetry] {
  callsignRequested: 'UA219',
  flightInstance: 'leg:v1:UAL219|2026-10-02|ORD|HNL',
  currentStage: 'origin_gate',
  pushLatched: false,
  taxiOutLatched: false,
  pushTimestamp: null,
  pushTimestampSource: null,
  firstDepartureMovement: false,
  rawTaxiHint: false,
  stageTaxiHint: false,
  taxiThresholdKt: 6,
  parkedObservedSec: 0,
  stationaryAtStand: true,
  awayFromPassengerGateArea: false,
  providerGateOut: { scheduled: 1790952900, estimated: null, actual: null },
  providerGateOutPublic: { scheduled: 1790952900, estimated: null, actual: null },
  groundspeedKt: 0,
  onGround: true,
  distanceFromParkedNm: 0,
  positionAgeSec: 1,
  positionSource: 'adsb'
}
[push-evidence] {"callsignRequested":"UA219","flightInstance":"leg:v1:UAL219|2026-10-02|ORD|HNL","flightaware":{"flightId":"UAL219-1790952900-schedule-0001","publicGateOut":{"scheduled":1790952900,"estimated":null,"actual":null},"aeroApiOut":null,"firstTrackMovement":null},"fr24":{"flightId":null,"status":"DISABLED","firstTrackMovement":null,"summaryOut":null},"adsb":{"firstTrackMovement":null,"positionAgeSec":1,"groundspeedKt":0,"distanceFromParkedNm":0},"inbound":{"parkedPosition":{"lat":41.9786,"lon":-87.9048,"at":1790952510000},"selectedPush":null,"pushLatch":null,"taxiOutLatch":null,"finalPushUnix":null,"finalPushSource":null,"phaseStatePersistenceOnLoad":"ok"}}
[departure-telemetry] {
  callsignRequested: 'UA219',
  flightInstance: 'leg:v1:UAL219|2026-10-02|ORD|HNL',
  currentStage: 'origin_gate',
  pushLatched: false,
  taxiOutLatched: false,
  pushTimestamp: null,
  pushTimestampSource: null,
  firstDepartureMovement: false,
  rawTaxiHint: false,
  stageTaxiHint: false,
  taxiThresholdKt: 6,
  parkedObservedSec: 0,
  stationaryAtStand: true,
  awayFromPassengerGateArea: false,
  providerGateOut: { scheduled: 1790952900, estimated: null, actual: null },
  providerGateOutPublic: { scheduled: 1790952900, estimated: null, actual: null },
  groundspeedKt: 0,
  onGround: true,
  distanceFromParkedNm: 0,
  positionAgeSec: 1,
  positionSource: 'adsb'
}
[push-evidence] {"callsignRequested":"UA219","flightInstance":"leg:v1:UAL219|2026-10-02|ORD|HNL","flightaware":{"flightId":"UAL219-1790952900-schedule-0001","publicGateOut":{"scheduled":1790952900,"estimated":null,"actual":null},"aeroApiOut":null,"firstTrackMovement":null},"fr24":{"flightId":null,"status":"DISABLED","firstTrackMovement":null,"summaryOut":null},"adsb":{"firstTrackMovement":null,"positionAgeSec":1,"groundspeedKt":0,"distanceFromParkedNm":0},"inbound":{"parkedPosition":{"lat":41.9786,"lon":-87.9048,"at":1790952540000},"selectedPush":null,"pushLatch":null,"taxiOutLatch":null,"finalPushUnix":null,"finalPushSource":null,"phaseStatePersistenceOnLoad":"ok"}}
[departure-telemetry] {
  callsignRequested: 'UA219',
  flightInstance: 'leg:v1:UAL219|2026-10-02|ORD|HNL',
  currentStage: 'origin_gate',
  pushLatched: false,
  taxiOutLatched: false,
  pushTimestamp: null,
  pushTimestampSource: null,
  firstDepartureMovement: false,
  rawTaxiHint: false,
  stageTaxiHint: false,
  taxiThresholdKt: 6,
  parkedObservedSec: 0,
  stationaryAtStand: true,
  awayFromPassengerGateArea: false,
  providerGateOut: { scheduled: 1790952900, estimated: null, actual: null },
  providerGateOutPublic: { scheduled: 1790952900, estimated: null, actual: null },
  groundspeedKt: 0,
  onGround: true,
  distanceFromParkedNm: 0,
  positionAgeSec: 1,
  positionSource: 'adsb'
}
[push-evidence] {"callsignRequested":"UA219","flightInstance":"leg:v1:UAL219|2026-10-02|ORD|HNL","flightaware":{"flightId":"UAL219-1790952900-schedule-0001","publicGateOut":{"scheduled":1790952900,"estimated":null,"actual":null},"aeroApiOut":null,"firstTrackMovement":null},"fr24":{"flightId":null,"status":"DISABLED","firstTrackMovement":null,"summaryOut":null},"adsb":{"firstTrackMovement":null,"positionAgeSec":1,"groundspeedKt":0,"distanceFromParkedNm":0},"inbound":{"parkedPosition":{"lat":41.9786,"lon":-87.9048,"at":1790952570000},"selectedPush":null,"pushLatch":null,"taxiOutLatch":null,"finalPushUnix":null,"finalPushSource":null,"phaseStatePersistenceOnLoad":"ok"}}
[departure-telemetry] {
  callsignRequested: 'UA219',
  flightInstance: 'leg:v1:UAL219|2026-10-02|ORD|HNL',
  currentStage: 'origin_gate',
  pushLatched: false,
  taxiOutLatched: false,
  pushTimestamp: null,
  pushTimestampSource: null,
  firstDepartureMovement: false,
  rawTaxiHint: false,
  stageTaxiHint: false,
  taxiThresholdKt: 6,
  parkedObservedSec: 0,
  stationaryAtStand: true,
  awayFromPassengerGateArea: false,
  providerGateOut: { scheduled: 1790952900, estimated: null, actual: null },
  providerGateOutPublic: { scheduled: 1790952900, estimated: null, actual: null },
  groundspeedKt: 0,
  onGround: true,
  distanceFromParkedNm: 0,
  positionAgeSec: 1,
  positionSource: 'adsb'
}
[push-evidence] {"callsignRequested":"UA219","flightInstance":"leg:v1:UAL219|2026-10-02|ORD|HNL","flightaware":{"flightId":"UAL219-1790952900-schedule-0001","publicGateOut":{"scheduled":1790952900,"estimated":null,"actual":null},"aeroApiOut":null,"firstTrackMovement":null},"fr24":{"flightId":null,"status":"DISABLED","firstTrackMovement":null,"summaryOut":null},"adsb":{"firstTrackMovement":null,"positionAgeSec":1,"groundspeedKt":0,"distanceFromParkedNm":0},"inbound":{"parkedPosition":{"lat":41.9786,"lon":-87.9048,"at":1790952600000},"selectedPush":null,"pushLatch":null,"taxiOutLatch":null,"finalPushUnix":null,"finalPushSource":null,"phaseStatePersistenceOnLoad":"ok"}}
[departure-telemetry] {
  callsignRequested: 'UA219',
  flightInstance: 'leg:v1:UAL219|2026-10-02|ORD|HNL',
  currentStage: 'origin_gate',
  pushLatched: false,
  taxiOutLatched: false,
  pushTimestamp: null,
  pushTimestampSource: null,
  firstDepartureMovement: false,
  rawTaxiHint: false,
  stageTaxiHint: false,
  taxiThresholdKt: 6,
  parkedObservedSec: 0,
  stationaryAtStand: true,
  awayFromPassengerGateArea: false,
  providerGateOut: { scheduled: 1790952900, estimated: null, actual: null },
  providerGateOutPublic: { scheduled: 1790952900, estimated: null, actual: null },
  groundspeedKt: 0,
  onGround: true,
  distanceFromParkedNm: 0,
  positionAgeSec: 1,
  positionSource: 'adsb'
}
[push-evidence] {"callsignRequested":"UA219","flightInstance":"leg:v1:UAL219|2026-10-02|ORD|HNL","flightaware":{"flightId":"UAL219-1790952900-schedule-0001","publicGateOut":{"scheduled":1790952900,"estimated":null,"actual":null},"aeroApiOut":null,"firstTrackMovement":null},"fr24":{"flightId":null,"status":"DISABLED","firstTrackMovement":null,"summaryOut":null},"adsb":{"firstTrackMovement":null,"positionAgeSec":1,"groundspeedKt":0,"distanceFromParkedNm":0},"inbound":{"parkedPosition":{"lat":41.9786,"lon":-87.9048,"at":1790952630000},"selectedPush":null,"pushLatch":null,"taxiOutLatch":null,"finalPushUnix":null,"finalPushSource":null,"phaseStatePersistenceOnLoad":"ok"}}
[departure-telemetry] {
  callsignRequested: 'UA219',
  flightInstance: 'leg:v1:UAL219|2026-10-02|ORD|HNL',
  currentStage: 'origin_gate',
  pushLatched: false,
  taxiOutLatched: false,
  pushTimestamp: null,
  pushTimestampSource: null,
  firstDepartureMovement: false,
  rawTaxiHint: false,
  stageTaxiHint: false,
  taxiThresholdKt: 6,
  parkedObservedSec: 0,
  stationaryAtStand: true,
  awayFromPassengerGateArea: false,
  providerGateOut: { scheduled: 1790952900, estimated: null, actual: null },
  providerGateOutPublic: { scheduled: 1790952900, estimated: null, actual: null },
  groundspeedKt: 0,
  onGround: true,
  distanceFromParkedNm: 0,
  positionAgeSec: 1,
  positionSource: 'adsb'
}
[push-evidence] {"callsignRequested":"UA219","flightInstance":"leg:v1:UAL219|2026-10-02|ORD|HNL","flightaware":{"flightId":"UAL219-1790952900-schedule-0001","publicGateOut":{"scheduled":1790952900,"estimated":null,"actual":null},"aeroApiOut":null,"firstTrackMovement":null},"fr24":{"flightId":null,"status":"DISABLED","firstTrackMovement":null,"summaryOut":null},"adsb":{"firstTrackMovement":null,"positionAgeSec":1,"groundspeedKt":0,"distanceFromParkedNm":0},"inbound":{"parkedPosition":{"lat":41.9786,"lon":-87.9048,"at":1790952660000},"selectedPush":null,"pushLatch":null,"taxiOutLatch":null,"finalPushUnix":null,"finalPushSource":null,"phaseStatePersistenceOnLoad":"ok"}}
[departure-telemetry] {
  callsignRequested: 'UA219',
  flightInstance: 'leg:v1:UAL219|2026-10-02|ORD|HNL',
  currentStage: 'origin_gate',
  pushLatched: false,
  taxiOutLatched: false,
  pushTimestamp: null,
  pushTimestampSource: null,
  firstDepartureMovement: false,
  rawTaxiHint: false,
  stageTaxiHint: false,
  taxiThresholdKt: 6,
  parkedObservedSec: 0,
  stationaryAtStand: true,
  awayFromPassengerGateArea: false,
  providerGateOut: { scheduled: 1790952900, estimated: null, actual: null },
  providerGateOutPublic: { scheduled: 1790952900, estimated: null, actual: null },
  groundspeedKt: 0,
  onGround: true,
  distanceFromParkedNm: 0,
  positionAgeSec: 1,
  positionSource: 'adsb'
}
[push-evidence] {"callsignRequested":"UA219","flightInstance":"leg:v1:UAL219|2026-10-02|ORD|HNL","flightaware":{"flightId":"UAL219-1790952900-schedule-0001","publicGateOut":{"scheduled":1790952900,"estimated":null,"actual":null},"aeroApiOut":null,"firstTrackMovement":null},"fr24":{"flightId":null,"status":"DISABLED","firstTrackMovement":null,"summaryOut":null},"adsb":{"firstTrackMovement":null,"positionAgeSec":1,"groundspeedKt":0,"distanceFromParkedNm":0},"inbound":{"parkedPosition":{"lat":41.9786,"lon":-87.9048,"at":1790952690000},"selectedPush":null,"pushLatch":null,"taxiOutLatch":null,"finalPushUnix":null,"finalPushSource":null,"phaseStatePersistenceOnLoad":"ok"}}
[departure-telemetry] {
  callsignRequested: 'UA219',
  flightInstance: 'leg:v1:UAL219|2026-10-02|ORD|HNL',
  currentStage: 'origin_gate',
  pushLatched: false,
  taxiOutLatched: false,
  pushTimestamp: null,
  pushTimestampSource: null,
  firstDepartureMovement: false,
  rawTaxiHint: false,
  stageTaxiHint: false,
  taxiThresholdKt: 6,
  parkedObservedSec: 0,
  stationaryAtStand: true,
  awayFromPassengerGateArea: false,
  providerGateOut: { scheduled: 1790952900, estimated: null, actual: null },
  providerGateOutPublic: { scheduled: 1790952900, estimated: null, actual: null },
  groundspeedKt: 0,
  onGround: true,
  distanceFromParkedNm: 0,
  positionAgeSec: 1,
  positionSource: 'adsb'
}
[push-evidence] {"callsignRequested":"UA219","flightInstance":"leg:v1:UAL219|2026-10-02|ORD|HNL","flightaware":{"flightId":"UAL219-1790952900-schedule-0001","publicGateOut":{"scheduled":1790952900,"estimated":null,"actual":null},"aeroApiOut":null,"firstTrackMovement":null},"fr24":{"flightId":null,"status":"DISABLED","firstTrackMovement":null,"summaryOut":null},"adsb":{"firstTrackMovement":null,"positionAgeSec":1,"groundspeedKt":0,"distanceFromParkedNm":0},"inbound":{"parkedPosition":{"lat":41.9786,"lon":-87.9048,"at":1790952720000},"selectedPush":null,"pushLatch":null,"taxiOutLatch":null,"finalPushUnix":null,"finalPushSource":null,"phaseStatePersistenceOnLoad":"ok"}}
[departure-telemetry] {
  callsignRequested: 'UA219',
  flightInstance: 'leg:v1:UAL219|2026-10-02|ORD|HNL',
  currentStage: 'origin_gate',
  pushLatched: false,
  taxiOutLatched: false,
  pushTimestamp: null,
  pushTimestampSource: null,
  firstDepartureMovement: false,
  rawTaxiHint: false,
  stageTaxiHint: false,
  taxiThresholdKt: 6,
  parkedObservedSec: 0,
  stationaryAtStand: true,
  awayFromPassengerGateArea: false,
  providerGateOut: { scheduled: 1790952900, estimated: null, actual: null },
  providerGateOutPublic: { scheduled: 1790952900, estimated: null, actual: null },
  groundspeedKt: 0,
  onGround: true,
  distanceFromParkedNm: 0,
  positionAgeSec: 1,
  positionSource: 'adsb'
}
[push-evidence] {"callsignRequested":"UA219","flightInstance":"leg:v1:UAL219|2026-10-02|ORD|HNL","flightaware":{"flightId":"UAL219-1790952900-schedule-0001","publicGateOut":{"scheduled":1790952900,"estimated":null,"actual":null},"aeroApiOut":null,"firstTrackMovement":null},"fr24":{"flightId":null,"status":"DISABLED","firstTrackMovement":null,"summaryOut":null},"adsb":{"firstTrackMovement":null,"positionAgeSec":1,"groundspeedKt":0,"distanceFromParkedNm":0},"inbound":{"parkedPosition":{"lat":41.9786,"lon":-87.9048,"at":1790952750000},"selectedPush":null,"pushLatch":null,"taxiOutLatch":null,"finalPushUnix":null,"finalPushSource":null,"phaseStatePersistenceOnLoad":"ok"}}
[departure-telemetry] {
  callsignRequested: 'UA219',
  flightInstance: 'leg:v1:UAL219|2026-10-02|ORD|HNL',
  currentStage: 'origin_gate',
  pushLatched: false,
  taxiOutLatched: false,
  pushTimestamp: null,
  pushTimestampSource: null,
  firstDepartureMovement: false,
  rawTaxiHint: false,
  stageTaxiHint: false,
  taxiThresholdKt: 6,
  parkedObservedSec: 0,
  stationaryAtStand: true,
  awayFromPassengerGateArea: false,
  providerGateOut: { scheduled: 1790952900, estimated: null, actual: null },
  providerGateOutPublic: { scheduled: 1790952900, estimated: null, actual: null },
  groundspeedKt: 0,
  onGround: true,
  distanceFromParkedNm: 0,
  positionAgeSec: 1,
  positionSource: 'adsb'
}
[push-evidence] {"callsignRequested":"UA219","flightInstance":"leg:v1:UAL219|2026-10-02|ORD|HNL","flightaware":{"flightId":"UAL219-1790952900-schedule-0001","publicGateOut":{"scheduled":1790952900,"estimated":null,"actual":null},"aeroApiOut":null,"firstTrackMovement":null},"fr24":{"flightId":null,"status":"DISABLED","firstTrackMovement":null,"summaryOut":null},"adsb":{"firstTrackMovement":null,"positionAgeSec":1,"groundspeedKt":0,"distanceFromParkedNm":0},"inbound":{"parkedPosition":{"lat":41.9786,"lon":-87.9048,"at":1790952780000},"selectedPush":null,"pushLatch":null,"taxiOutLatch":null,"finalPushUnix":null,"finalPushSource":null,"phaseStatePersistenceOnLoad":"ok"}}
[departure-telemetry] {
  callsignRequested: 'UA219',
  flightInstance: 'leg:v1:UAL219|2026-10-02|ORD|HNL',
  currentStage: 'origin_gate',
  pushLatched: false,
  taxiOutLatched: false,
  pushTimestamp: null,
  pushTimestampSource: null,
  firstDepartureMovement: false,
  rawTaxiHint: false,
  stageTaxiHint: false,
  taxiThresholdKt: 6,
  parkedObservedSec: 0,
  stationaryAtStand: true,
  awayFromPassengerGateArea: false,
  providerGateOut: { scheduled: 1790952900, estimated: null, actual: null },
  providerGateOutPublic: { scheduled: 1790952900, estimated: null, actual: null },
  groundspeedKt: 0,
  onGround: true,
  distanceFromParkedNm: 0,
  positionAgeSec: 1,
  positionSource: 'adsb'
}
[push-evidence] {"callsignRequested":"UA219","flightInstance":"leg:v1:UAL219|2026-10-02|ORD|HNL","flightaware":{"flightId":"UAL219-1790952900-schedule-0001","publicGateOut":{"scheduled":1790952900,"estimated":null,"actual":null},"aeroApiOut":null,"firstTrackMovement":null},"fr24":{"flightId":null,"status":"DISABLED","firstTrackMovement":null,"summaryOut":null},"adsb":{"firstTrackMovement":null,"positionAgeSec":1,"groundspeedKt":0,"distanceFromParkedNm":0},"inbound":{"parkedPosition":{"lat":41.9786,"lon":-87.9048,"at":1790952810000},"selectedPush":null,"pushLatch":null,"taxiOutLatch":null,"finalPushUnix":null,"finalPushSource":null,"phaseStatePersistenceOnLoad":"ok"}}
[departure-telemetry] {
  callsignRequested: 'UA219',
  flightInstance: 'leg:v1:UAL219|2026-10-02|ORD|HNL',
  currentStage: 'origin_gate',
  pushLatched: false,
  taxiOutLatched: false,
  pushTimestamp: null,
  pushTimestampSource: null,
  firstDepartureMovement: false,
  rawTaxiHint: false,
  stageTaxiHint: false,
  taxiThresholdKt: 6,
  parkedObservedSec: 0,
  stationaryAtStand: true,
  awayFromPassengerGateArea: false,
  providerGateOut: { scheduled: 1790952900, estimated: null, actual: null },
  providerGateOutPublic: { scheduled: 1790952900, estimated: null, actual: null },
  groundspeedKt: 0,
  onGround: true,
  distanceFromParkedNm: 0,
  positionAgeSec: 1,
  positionSource: 'adsb'
}
[push-evidence] {"callsignRequested":"UA219","flightInstance":"leg:v1:UAL219|2026-10-02|ORD|HNL","flightaware":{"flightId":"UAL219-1790952900-schedule-0001","publicGateOut":{"scheduled":1790952900,"estimated":null,"actual":null},"aeroApiOut":null,"firstTrackMovement":null},"fr24":{"flightId":null,"status":"DISABLED","firstTrackMovement":null,"summaryOut":null},"adsb":{"firstTrackMovement":null,"positionAgeSec":1,"groundspeedKt":0,"distanceFromParkedNm":0},"inbound":{"parkedPosition":{"lat":41.9786,"lon":-87.9048,"at":1790952840000},"selectedPush":null,"pushLatch":null,"taxiOutLatch":null,"finalPushUnix":null,"finalPushSource":null,"phaseStatePersistenceOnLoad":"ok"}}
[departure-telemetry] {
  callsignRequested: 'UA219',
  flightInstance: 'leg:v1:UAL219|2026-10-02|ORD|HNL',
  currentStage: 'origin_gate',
  pushLatched: false,
  taxiOutLatched: false,
  pushTimestamp: null,
  pushTimestampSource: null,
  firstDepartureMovement: false,
  rawTaxiHint: false,
  stageTaxiHint: false,
  taxiThresholdKt: 6,
  parkedObservedSec: 0,
  stationaryAtStand: true,
  awayFromPassengerGateArea: false,
  providerGateOut: { scheduled: 1790952900, estimated: null, actual: null },
  providerGateOutPublic: { scheduled: 1790952900, estimated: null, actual: null },
  groundspeedKt: 0,
  onGround: true,
  distanceFromParkedNm: 0,
  positionAgeSec: 1,
  positionSource: 'adsb'
}
[push-evidence] {"callsignRequested":"UA219","flightInstance":"leg:v1:UAL219|2026-10-02|ORD|HNL","flightaware":{"flightId":"UAL219-1790952900-schedule-0001","publicGateOut":{"scheduled":1790952900,"estimated":null,"actual":null},"aeroApiOut":null,"firstTrackMovement":null},"fr24":{"flightId":null,"status":"DISABLED","firstTrackMovement":null,"summaryOut":null},"adsb":{"firstTrackMovement":null,"positionAgeSec":1,"groundspeedKt":0,"distanceFromParkedNm":0},"inbound":{"parkedPosition":{"lat":41.9786,"lon":-87.9048,"at":1790952870000},"selectedPush":null,"pushLatch":null,"taxiOutLatch":null,"finalPushUnix":null,"finalPushSource":null,"phaseStatePersistenceOnLoad":"ok"}}
✔ cold airborne and at-gate polls save route state only when changed, once per poll (8181.944575ms)
[aeroapi] key unavailable; using public feed
[flight-telemetry] {
  callsignRequested: 'UA219',
  callsign: 'UAL219',
  registration: 'N219UA',
  hex: 'a21900',
  destination: { iata: 'HNL', icao: 'PHNL', lat: 21.3187, lon: -157.9225 },
  livePosition: { lat: 24.95, lon: -153.1667 },
  altitudeFt: 36000,
  groundspeedKt: 462,
  onGround: false,
  track: 237,
  verticalRateFpm: null,
  phase: 'cruise',
  headingToDestinationDelta: 5.74751028259675,
  isFinalApproach: false,
  routeRemainingNm: 343.7217891419603,
  directToDestNm: 341.23417427770994,
  remainingNm: 343.7217891419603,
  etaMin: 47.469266664981845,
  currentStage: 'ride',
  arrivalStatus: 'airborne',
  ourLanded: false,
  positionProvider: 'flightaware-public',
  positionSeenAt: 1790983588,
  positionAgeSec: 63.84400010108948,
  flightawarePosition: null,
  fr24Position: null,
  adsbPosition: null,
  providerStatus: { flightaware: 'DISABLED', fr24: 'DISABLED' },
  providerEta: { flightaware: null, fr24: null },
  providerDistancesNm: {
    flightawareToFr24: null,
    flightawareToAdsb: null,
    fr24ToAdsb: null
  },
  fusionDisagreementNm: null,
  filedRouteDeviationNm: 45.04414723586649,
  displayPathSource: 'direct'
}
[story-request] {"scheduleSource":"flightaware_public","fallbackOutcome":"not_needed","cacheStatus":"miss","event":"story_request","requested":"UA219","fresh":true,"durationMs":109,"outcome":"ok","errorCategory":null}
[aeroapi] key unavailable; using public feed
[flightstats-schedule] {
  callsign: 'UAL219',
  date: '2026-10-02',
  origin: 'ORD',
  destination: 'HNL',
  status: 'departed',
  gateOut: 1790955180,
  gateIn: 1790987280,
  candidates: 1
}
[story-request] {"scheduleSource":"flightstats_public","fallbackOutcome":"flightstats_used","cacheStatus":"miss","event":"story_request","requested":"UA219","fresh":true,"durationMs":60,"outcome":"ok","errorCategory":null}
[aeroapi] key unavailable; using public feed
[flightstats-schedule] {
  callsign: 'UAL219',
  date: '2026-10-02',
  origin: 'ORD',
  destination: 'HNL',
  status: 'departed',
  gateOut: 1790955180,
  gateIn: 1790987280,
  candidates: 1
}
[story-request] {"scheduleSource":"flightstats_public","fallbackOutcome":"flightstats_used","cacheStatus":"miss","event":"story_request","requested":"UA219","fresh":true,"durationMs":45,"outcome":"ok","errorCategory":null}
[aeroapi] key unavailable; using public feed
[flightstats-schedule] {
  callsign: 'UAL219',
  date: '2026-10-02',
  origin: 'ORD',
  destination: 'HNL',
  status: 'departed',
  gateOut: 1790955180,
  gateIn: 1790987280,
  candidates: 1
}
[story-request] {"scheduleSource":"flightstats_public","fallbackOutcome":"flightstats_used","cacheStatus":"miss","event":"story_request","requested":"UA219","fresh":true,"durationMs":51,"outcome":"ok","errorCategory":null}
[aeroapi] key unavailable; using public feed
[flight-telemetry] {
  callsignRequested: 'UA219',
  callsign: 'UAL219',
  registration: 'N219UA',
  hex: 'a21900',
  destination: { iata: 'HNL', icao: 'PHNL', lat: 21.3187, lon: -157.9225 },
  livePosition: null,
  altitudeFt: null,
  groundspeedKt: null,
  onGround: null,
  track: null,
  verticalRateFpm: null,
  phase: null,
  headingToDestinationDelta: null,
  isFinalApproach: false,
  routeRemainingNm: 343.7217891419603,
  directToDestNm: null,
  remainingNm: 343.7217891419603,
  etaMin: 49.103112734565755,
  currentStage: 'ride',
  arrivalStatus: 'airborne',
  ourLanded: false,
  positionProvider: 'fallback',
  positionSeenAt: null,
  positionAgeSec: null,
  flightawarePosition: null,
  fr24Position: null,
  adsbPosition: null,
  providerStatus: { flightaware: 'DISABLED', fr24: 'DISABLED' },
  providerEta: { flightaware: null, fr24: null },
  providerDistancesNm: {
    flightawareToFr24: null,
    flightawareToAdsb: null,
    fr24ToAdsb: null
  },
  fusionDisagreementNm: null,
  filedRouteDeviationNm: null,
  displayPathSource: 'direct'
}
[story-request] {"scheduleSource":"flightaware_public","fallbackOutcome":"not_needed","cacheStatus":"miss","event":"story_request","requested":"UA219","fresh":true,"durationMs":55,"outcome":"ok","errorCategory":null}
[flightstats-schedule] {
  callsign: 'UAL219',
  date: '2026-10-02',
  origin: 'ORD',
  destination: 'HNL',
  status: 'departed',
  gateOut: 1790955180,
  gateIn: 1790987280,
  candidates: 1
}
[flight-phase-state] load failed Error: fixture DB unavailable
    at pg.query (file:///workspace/scratch/83746901af9a/inbound-route-enrichment/scripts/takeoff-floor-replay.test.mjs:110:49)
    at file:///workspace/scratch/edf34a5d3bf1/inbound/node_modules/.takeoff-replay-1GHkgf/story.mjs?instance=5:2809:20
    at sql (file:///workspace/scratch/edf34a5d3bf1/inbound/node_modules/.takeoff-replay-1GHkgf/story.mjs?instance=5:2755:10)
    at read (file:///workspace/scratch/edf34a5d3bf1/inbound/node_modules/.takeoff-replay-1GHkgf/story.mjs?instance=5:2875:51)
    at async load (file:///workspace/scratch/edf34a5d3bf1/inbound/node_modules/.takeoff-replay-1GHkgf/story.mjs?instance=5:2913:18)
    at async buildStory (file:///workspace/scratch/edf34a5d3bf1/inbound/node_modules/.takeoff-replay-1GHkgf/story.mjs?instance=5:10272:22)
    at async loadFlightStoryCore (file:///workspace/scratch/edf34a5d3bf1/inbound/node_modules/.takeoff-replay-1GHkgf/story.mjs?instance=5:11679:11)
    at async file:///workspace/scratch/edf34a5d3bf1/inbound/node_modules/.takeoff-replay-1GHkgf/story.mjs?instance=5:2633:19
    at async TestContext.<anonymous> (file:///workspace/scratch/83746901af9a/inbound-route-enrichment/scripts/takeoff-floor-replay.test.mjs:114:26)
    at async Test.run (node:internal/test_runner/test:1389:7)
[flight-phase-state] save failed Error: fixture DB unavailable
    at pg.query (file:///workspace/scratch/83746901af9a/inbound-route-enrichment/scripts/takeoff-floor-replay.test.mjs:110:49)
    at file:///workspace/scratch/edf34a5d3bf1/inbound/node_modules/.takeoff-replay-1GHkgf/story.mjs?instance=5:2809:20
    at sql (file:///workspace/scratch/edf34a5d3bf1/inbound/node_modules/.takeoff-replay-1GHkgf/story.mjs?instance=5:2755:10)
    at read (file:///workspace/scratch/edf34a5d3bf1/inbound/node_modules/.takeoff-replay-1GHkgf/story.mjs?instance=5:2875:51)
    at async save (file:///workspace/scratch/edf34a5d3bf1/inbound/node_modules/.takeoff-replay-1GHkgf/story.mjs?instance=5:2892:52)
    at async buildStory (file:///workspace/scratch/edf34a5d3bf1/inbound/node_modules/.takeoff-replay-1GHkgf/story.mjs?instance=5:11264:22)
    at async loadFlightStoryCore (file:///workspace/scratch/edf34a5d3bf1/inbound/node_modules/.takeoff-replay-1GHkgf/story.mjs?instance=5:11679:11)
    at async file:///workspace/scratch/edf34a5d3bf1/inbound/node_modules/.takeoff-replay-1GHkgf/story.mjs?instance=5:2633:19
    at async TestContext.<anonymous> (file:///workspace/scratch/83746901af9a/inbound-route-enrichment/scripts/takeoff-floor-replay.test.mjs:114:26)
    at async Test.run (node:internal/test_runner/test:1389:7)
[story-request] {"scheduleSource":"flightstats_public","fallbackOutcome":"flightstats_used","cacheStatus":"miss","event":"story_request","requested":"UA219","fresh":true,"durationMs":21,"outcome":"ok","errorCategory":null}
[aeroapi] key unavailable; using public feed
[flightstats-schedule] {
  callsign: 'UAL219',
  date: '2026-10-02',
  origin: 'ORD',
  destination: 'HNL',
  status: 'departed',
  gateOut: 1790955180,
  gateIn: 1790987280,
  candidates: 1
}
[flight-phase-state] load failed Error: fixture DB unavailable
    at pg.query (file:///workspace/scratch/83746901af9a/inbound-route-enrichment/scripts/takeoff-floor-replay.test.mjs:110:49)
    at file:///workspace/scratch/edf34a5d3bf1/inbound/node_modules/.takeoff-replay-1GHkgf/story.mjs?instance=6:2809:20
    at sql (file:///workspace/scratch/edf34a5d3bf1/inbound/node_modules/.takeoff-replay-1GHkgf/story.mjs?instance=6:2755:10)
    at read (file:///workspace/scratch/edf34a5d3bf1/inbound/node_modules/.takeoff-replay-1GHkgf/story.mjs?instance=6:2875:51)
    at async load (file:///workspace/scratch/edf34a5d3bf1/inbound/node_modules/.takeoff-replay-1GHkgf/story.mjs?instance=6:2913:18)
    at async buildStory (file:///workspace/scratch/edf34a5d3bf1/inbound/node_modules/.takeoff-replay-1GHkgf/story.mjs?instance=6:10272:22)
    at async loadFlightStoryCore (file:///workspace/scratch/edf34a5d3bf1/inbound/node_modules/.takeoff-replay-1GHkgf/story.mjs?instance=6:11679:11)
    at async file:///workspace/scratch/edf34a5d3bf1/inbound/node_modules/.takeoff-replay-1GHkgf/story.mjs?instance=6:2633:19
    at async TestContext.<anonymous> (file:///workspace/scratch/83746901af9a/inbound-route-enrichment/scripts/takeoff-floor-replay.test.mjs:116:26)
    at async Test.run (node:internal/test_runner/test:1389:7)
[flight-phase-state] save failed Error: fixture DB unavailable
    at pg.query (file:///workspace/scratch/83746901af9a/inbound-route-enrichment/scripts/takeoff-floor-replay.test.mjs:110:49)
    at file:///workspace/scratch/edf34a5d3bf1/inbound/node_modules/.takeoff-replay-1GHkgf/story.mjs?instance=6:2809:20
    at sql (file:///workspace/scratch/edf34a5d3bf1/inbound/node_modules/.takeoff-replay-1GHkgf/story.mjs?instance=6:2755:10)
    at read (file:///workspace/scratch/edf34a5d3bf1/inbound/node_modules/.takeoff-replay-1GHkgf/story.mjs?instance=6:2875:51)
    at async save (file:///workspace/scratch/edf34a5d3bf1/inbound/node_modules/.takeoff-replay-1GHkgf/story.mjs?instance=6:2892:52)
    at async buildStory (file:///workspace/scratch/edf34a5d3bf1/inbound/node_modules/.takeoff-replay-1GHkgf/story.mjs?instance=6:11264:22)
    at async loadFlightStoryCore (file:///workspace/scratch/edf34a5d3bf1/inbound/node_modules/.takeoff-replay-1GHkgf/story.mjs?instance=6:11679:11)
    at async file:///workspace/scratch/edf34a5d3bf1/inbound/node_modules/.takeoff-replay-1GHkgf/story.mjs?instance=6:2633:19
    at async TestContext.<anonymous> (file:///workspace/scratch/83746901af9a/inbound-route-enrichment/scripts/takeoff-floor-replay.test.mjs:116:26)
    at async Test.run (node:internal/test_runner/test:1389:7)
[departure-telemetry] {
  callsignRequested: 'UA219',
  flightInstance: 'leg:v1:UAL219|2026-10-02|ORD|HNL',
  currentStage: 'push',
  pushLatched: true,
  taxiOutLatched: false,
  pushTimestamp: 1790955180,
  pushTimestampSource: 'provider_actual',
  firstDepartureMovement: false,
  rawTaxiHint: false,
  stageTaxiHint: false,
  taxiThresholdKt: 6,
  parkedObservedSec: 0,
  stationaryAtStand: false,
  awayFromPassengerGateArea: false,
  providerGateOut: { scheduled: 1790954100, estimated: null, actual: 1790955180 },
  providerGateOutPublic: { scheduled: 1790954100, estimated: null, actual: 1790955180 },
  groundspeedKt: null,
  onGround: null,
  distanceFromParkedNm: null,
  positionAgeSec: null,
  positionSource: 'fallback'
}
[push-evidence] {"callsignRequested":"UA219","flightInstance":"leg:v1:UAL219|2026-10-02|ORD|HNL","flightaware":{"flightId":null,"publicGateOut":{"scheduled":1790954100,"estimated":null,"actual":1790955180},"aeroApiOut":null,"firstTrackMovement":null},"fr24":{"flightId":null,"status":"DISABLED","firstTrackMovement":null,"summaryOut":null},"adsb":{"firstTrackMovement":null,"positionAgeSec":null,"groundspeedKt":null,"distanceFromParkedNm":null},"inbound":{"parkedPosition":null,"selectedPush":{"unix":1790955180,"source":"provider_actual","evidence":null},"pushLatch":{"unix":1790955180,"source":"provider_actual","live":true,"at":1790994471.415},"taxiOutLatch":null,"finalPushUnix":1790955180,"finalPushSource":"provider_actual","phaseStatePersistenceOnLoad":"read_failed"}}
[story-request] {"scheduleSource":"flightstats_public","fallbackOutcome":"flightstats_used","cacheStatus":"miss","event":"story_request","requested":"UA219","fresh":true,"durationMs":40,"outcome":"ok","errorCategory":null}
[aeroapi] key unavailable; using public feed
[flight-phase-state] load failed Error: fixture DB unavailable
    at pg.query (file:///workspace/scratch/83746901af9a/inbound-route-enrichment/scripts/takeoff-floor-replay.test.mjs:110:49)
    at file:///workspace/scratch/edf34a5d3bf1/inbound/node_modules/.takeoff-replay-1GHkgf/story.mjs?instance=7:2809:20
    at sql (file:///workspace/scratch/edf34a5d3bf1/inbound/node_modules/.takeoff-replay-1GHkgf/story.mjs?instance=7:2755:10)
    at read (file:///workspace/scratch/edf34a5d3bf1/inbound/node_modules/.takeoff-replay-1GHkgf/story.mjs?instance=7:2875:51)
    at async load (file:///workspace/scratch/edf34a5d3bf1/inbound/node_modules/.takeoff-replay-1GHkgf/story.mjs?instance=7:2913:18)
    at async buildStory (file:///workspace/scratch/edf34a5d3bf1/inbound/node_modules/.takeoff-replay-1GHkgf/story.mjs?instance=7:10272:22)
    at async loadFlightStoryCore (file:///workspace/scratch/edf34a5d3bf1/inbound/node_modules/.takeoff-replay-1GHkgf/story.mjs?instance=7:11679:11)
    at async file:///workspace/scratch/edf34a5d3bf1/inbound/node_modules/.takeoff-replay-1GHkgf/story.mjs?instance=7:2633:19
    at async TestContext.<anonymous> (file:///workspace/scratch/83746901af9a/inbound-route-enrichment/scripts/takeoff-floor-replay.test.mjs:122:27)
    at async Test.run (node:internal/test_runner/test:1389:7)
[flight-phase-state] save failed Error: fixture DB unavailable
    at pg.query (file:///workspace/scratch/83746901af9a/inbound-route-enrichment/scripts/takeoff-floor-replay.test.mjs:110:49)
    at file:///workspace/scratch/edf34a5d3bf1/inbound/node_modules/.takeoff-replay-1GHkgf/story.mjs?instance=7:2809:20
    at sql (file:///workspace/scratch/edf34a5d3bf1/inbound/node_modules/.takeoff-replay-1GHkgf/story.mjs?instance=7:2755:10)
    at read (file:///workspace/scratch/edf34a5d3bf1/inbound/node_modules/.takeoff-replay-1GHkgf/story.mjs?instance=7:2875:51)
    at async save (file:///workspace/scratch/edf34a5d3bf1/inbound/node_modules/.takeoff-replay-1GHkgf/story.mjs?instance=7:2892:52)
    at async buildStory (file:///workspace/scratch/edf34a5d3bf1/inbound/node_modules/.takeoff-replay-1GHkgf/story.mjs?instance=7:11264:22)
    at async loadFlightStoryCore (file:///workspace/scratch/edf34a5d3bf1/inbound/node_modules/.takeoff-replay-1GHkgf/story.mjs?instance=7:11679:11)
    at async file:///workspace/scratch/edf34a5d3bf1/inbound/node_modules/.takeoff-replay-1GHkgf/story.mjs?instance=7:2633:19
    at async TestContext.<anonymous> (file:///workspace/scratch/83746901af9a/inbound-route-enrichment/scripts/takeoff-floor-replay.test.mjs:122:27)
    at async Test.run (node:internal/test_runner/test:1389:7)
[flight-telemetry] {
  callsignRequested: 'UA219',
  callsign: 'UAL219',
  registration: 'N219UA',
  hex: 'a21900',
  destination: { iata: 'HNL', icao: 'PHNL', lat: 21.3187, lon: -157.9225 },
  livePosition: null,
  altitudeFt: null,
  groundspeedKt: null,
  onGround: null,
  track: null,
  verticalRateFpm: null,
  phase: null,
  headingToDestinationDelta: null,
  isFinalApproach: false,
  routeRemainingNm: 343.7217891419603,
  directToDestNm: null,
  remainingNm: 343.7217891419603,
  etaMin: 49.103112734565755,
  currentStage: 'ride',
  arrivalStatus: 'airborne',
  ourLanded: false,
  positionProvider: 'fallback',
  positionSeenAt: null,
  positionAgeSec: null,
  flightawarePosition: null,
  fr24Position: null,
  adsbPosition: null,
  providerStatus: { flightaware: 'DISABLED', fr24: 'DISABLED' },
  providerEta: { flightaware: null, fr24: null },
  providerDistancesNm: {
    flightawareToFr24: null,
    flightawareToAdsb: null,
    fr24ToAdsb: null
  },
  fusionDisagreementNm: null,
  filedRouteDeviationNm: null,
  displayPathSource: 'direct'
}
[story-request] {"scheduleSource":"flightaware_public","fallbackOutcome":"not_needed","cacheStatus":"miss","event":"story_request","requested":"UA219","fresh":true,"durationMs":51,"outcome":"ok","errorCategory":null}
[aeroapi] key unavailable; using public feed
[flight-telemetry] {
  callsignRequested: 'UA219',
  callsign: 'UAL219',
  registration: 'N219UA',
  hex: 'a21900',
  destination: { iata: 'HNL', icao: 'PHNL', lat: 21.3187, lon: -157.9225 },
  livePosition: { lat: 24.95, lon: -153.1667 },
  altitudeFt: 36000,
  groundspeedKt: 462,
  onGround: false,
  track: 237,
  verticalRateFpm: null,
  phase: 'cruise',
  headingToDestinationDelta: 5.74751028259675,
  isFinalApproach: false,
  routeRemainingNm: 343.72178914196104,
  directToDestNm: 341.23417427770994,
  remainingNm: 343.72178914196104,
  etaMin: 47.469266664981845,
  currentStage: 'ride',
  arrivalStatus: 'airborne',
  ourLanded: false,
  positionProvider: 'flightaware-public',
  positionSeenAt: 1790983650.844,
  positionAgeSec: 1,
  flightawarePosition: null,
  fr24Position: null,
  adsbPosition: null,
  providerStatus: { flightaware: 'DISABLED', fr24: 'DISABLED' },
  providerEta: { flightaware: null, fr24: null },
  providerDistancesNm: {
    flightawareToFr24: null,
    flightawareToAdsb: null,
    fr24ToAdsb: null
  },
  fusionDisagreementNm: null,
  filedRouteDeviationNm: 45.04414723586649,
  displayPathSource: 'track'
}
[story-request] {"scheduleSource":"flightaware_public","fallbackOutcome":"not_needed","cacheStatus":"miss","event":"story_request","requested":"UA219","fresh":true,"durationMs":46,"outcome":"ok","errorCategory":null}
[aeroapi] key unavailable; using public feed
[flightstats-schedule] {
  callsign: 'UAL219',
  date: '2026-10-02',
  origin: 'ORD',
  destination: 'HNL',
  status: 'departed',
  gateOut: 1790955180,
  gateIn: 1790987280,
  candidates: 1
}
[story-request] {"scheduleSource":"flightstats_public","fallbackOutcome":"flightstats_used","cacheStatus":"miss","event":"story_request","requested":"UA219","fresh":true,"durationMs":41,"outcome":"ok","errorCategory":null}
[aeroapi] key unavailable; using public feed
[flight-telemetry] {
  callsignRequested: 'UA219',
  callsign: 'UAL219',
  registration: 'N219UA',
  hex: 'a21900',
  destination: { iata: 'HNL', icao: 'PHNL', lat: 21.3187, lon: -157.9225 },
  livePosition: null,
  altitudeFt: null,
  groundspeedKt: null,
  onGround: null,
  track: null,
  verticalRateFpm: null,
  phase: null,
  headingToDestinationDelta: null,
  isFinalApproach: false,
  routeRemainingNm: 343.72178914196104,
  directToDestNm: null,
  remainingNm: 343.72178914196104,
  etaMin: 47.469266664981845,
  currentStage: 'ride',
  arrivalStatus: 'airborne',
  ourLanded: false,
  positionProvider: 'fallback',
  positionSeenAt: null,
  positionAgeSec: null,
  flightawarePosition: null,
  fr24Position: null,
  adsbPosition: null,
  providerStatus: { flightaware: 'DISABLED', fr24: 'DISABLED' },
  providerEta: { flightaware: null, fr24: null },
  providerDistancesNm: {
    flightawareToFr24: null,
    flightawareToAdsb: null,
    fr24ToAdsb: null
  },
  fusionDisagreementNm: null,
  filedRouteDeviationNm: null,
  displayPathSource: 'track'
}
[story-request] {"scheduleSource":"flightaware_public","fallbackOutcome":"not_needed","cacheStatus":"miss","event":"story_request","requested":"UA219","fresh":true,"durationMs":43,"outcome":"ok","errorCategory":null}
[aeroapi] key unavailable; using public feed
[departure-telemetry] {
  callsignRequested: 'UA219',
  flightInstance: 'leg:v1:UAL219|2026-10-02|ORD|HNL',
  currentStage: 'taxi',
  pushLatched: true,
  taxiOutLatched: true,
  pushTimestamp: 1790983351.844,
  pushTimestampSource: 'provider_actual',
  firstDepartureMovement: false,
  rawTaxiHint: true,
  stageTaxiHint: true,
  taxiThresholdKt: 6,
  parkedObservedSec: 0,
  stationaryAtStand: false,
  awayFromPassengerGateArea: false,
  providerGateOut: { scheduled: 1790952900, estimated: null, actual: 1790983351.844 },
  providerGateOutPublic: { scheduled: 1790952900, estimated: null, actual: 1790983351.844 },
  groundspeedKt: 14,
  onGround: true,
  distanceFromParkedNm: null,
  positionAgeSec: 1,
  positionSource: 'adsb'
}
[push-evidence] {"callsignRequested":"UA219","flightInstance":"leg:v1:UAL219|2026-10-02|ORD|HNL","flightaware":{"flightId":"UAL219-1790952900-schedule-0001","publicGateOut":{"scheduled":1790952900,"estimated":null,"actual":1790983351.844},"aeroApiOut":null,"firstTrackMovement":null},"fr24":{"flightId":null,"status":"DISABLED","firstTrackMovement":null,"summaryOut":null},"adsb":{"firstTrackMovement":null,"positionAgeSec":1,"groundspeedKt":14,"distanceFromParkedNm":null},"inbound":{"parkedPosition":null,"selectedPush":{"unix":1790983351.844,"source":"provider_actual","evidence":null},"pushLatch":{"unix":1790983351.844,"source":"provider_actual","live":true,"at":1790983661.844},"taxiOutLatch":{"at":1790983661.844},"finalPushUnix":1790983351.844,"finalPushSource":"provider_actual","phaseStatePersistenceOnLoad":"ok"}}
[flight-telemetry] {
  callsignRequested: 'UA219',
  callsign: 'UAL219',
  registration: 'N219UA',
  hex: 'a21900',
  destination: { iata: 'HNL', icao: 'PHNL', lat: 21.3187, lon: -157.9225 },
  livePosition: { lat: 41.9786, lon: -87.9048 },
  altitudeFt: 0,
  groundspeedKt: 14,
  onGround: true,
  track: null,
  verticalRateFpm: null,
  phase: 'taxi',
  headingToDestinationDelta: null,
  isFinalApproach: false,
  routeRemainingNm: 3682.0550994217842,
  directToDestNm: null,
  remainingNm: 3682.0550994217842,
  etaMin: 47.30259999831517,
  currentStage: 'taxi',
  arrivalStatus: 'airborne',
  ourLanded: false,
  positionProvider: 'adsb',
  positionSeenAt: 1790983660.844,
  positionAgeSec: 1,
  flightawarePosition: null,
  fr24Position: null,
  adsbPosition: {
    provider: 'adsb',
    flightId: null,
    callsign: 'UAL219',
    lat: 41.9786,
    lon: -87.9048,
    altFt: 0,
    vertFpm: null,
    gsKt: 14,
    track: null,
    onGround: true,
    seenAt: 1790983660.844,
    registration: 'N219UA',
    type: null,
    hex: 'a21900',
    confidence: 'high'
  },
  providerStatus: { flightaware: 'DISABLED', fr24: 'DISABLED' },
  providerEta: { flightaware: null, fr24: null },
  providerDistancesNm: {
    flightawareToFr24: null,
    flightawareToAdsb: null,
    fr24ToAdsb: null
  },
  fusionDisagreementNm: null,
  filedRouteDeviationNm: 1.2685677560137642e-12,
  displayPathSource: 'track'
}
[story-request] {"scheduleSource":"flightaware_public","fallbackOutcome":"not_needed","cacheStatus":"miss","event":"story_request","requested":"UA219","fresh":true,"durationMs":48,"outcome":"ok","errorCategory":null}
[aeroapi] key unavailable; using public feed
[departure-telemetry] {
  callsignRequested: 'UA219',
  flightInstance: 'leg:v1:UAL219|2026-10-02|ORD|HNL',
  currentStage: 'taxi',
  pushLatched: true,
  taxiOutLatched: true,
  pushTimestamp: 1790983351.844,
  pushTimestampSource: 'provider_actual',
  firstDepartureMovement: false,
  rawTaxiHint: false,
  stageTaxiHint: false,
  taxiThresholdKt: 6,
  parkedObservedSec: 0,
  stationaryAtStand: false,
  awayFromPassengerGateArea: false,
  providerGateOut: { scheduled: 1790952900, estimated: null, actual: 1790983351.844 },
  providerGateOutPublic: { scheduled: 1790952900, estimated: null, actual: 1790983351.844 },
  groundspeedKt: null,
  onGround: null,
  distanceFromParkedNm: null,
  positionAgeSec: null,
  positionSource: 'fallback'
}
[push-evidence] {"callsignRequested":"UA219","flightInstance":"leg:v1:UAL219|2026-10-02|ORD|HNL","flightaware":{"flightId":"UAL219-1790952900-schedule-0001","publicGateOut":{"scheduled":1790952900,"estimated":null,"actual":1790983351.844},"aeroApiOut":null,"firstTrackMovement":null},"fr24":{"flightId":null,"status":"DISABLED","firstTrackMovement":null,"summaryOut":null},"adsb":{"firstTrackMovement":null,"positionAgeSec":null,"groundspeedKt":null,"distanceFromParkedNm":null},"inbound":{"parkedPosition":null,"selectedPush":{"unix":1790983351.844,"source":"provider_actual","evidence":null},"pushLatch":{"unix":1790983351.844,"source":"provider_actual","live":true,"at":1790983671.844},"taxiOutLatch":{"at":1790983661.844},"finalPushUnix":1790983351.844,"finalPushSource":"provider_actual","phaseStatePersistenceOnLoad":"ok"}}
[flight-telemetry] {
  callsignRequested: 'UA219',
  callsign: 'UAL219',
  registration: 'N219UA',
  hex: 'a21900',
  destination: { iata: 'HNL', icao: 'PHNL', lat: 21.3187, lon: -157.9225 },
  livePosition: null,
  altitudeFt: null,
  groundspeedKt: null,
  onGround: null,
  track: null,
  verticalRateFpm: null,
  phase: null,
  headingToDestinationDelta: null,
  isFinalApproach: false,
  routeRemainingNm: 3682.0550994217842,
  directToDestNm: null,
  remainingNm: 3682.0550994217842,
  etaMin: 47.13593333164851,
  currentStage: 'taxi',
  arrivalStatus: 'airborne',
  ourLanded: false,
  positionProvider: 'fallback',
  positionSeenAt: null,
  positionAgeSec: null,
  flightawarePosition: null,
  fr24Position: null,
  adsbPosition: null,
  providerStatus: { flightaware: 'DISABLED', fr24: 'DISABLED' },
  providerEta: { flightaware: null, fr24: null },
  providerDistancesNm: {
    flightawareToFr24: null,
    flightawareToAdsb: null,
    fr24ToAdsb: null
  },
  fusionDisagreementNm: null,
  filedRouteDeviationNm: null,
  displayPathSource: 'track'
}
[story-request] {"scheduleSource":"flightaware_public","fallbackOutcome":"not_needed","cacheStatus":"miss","event":"story_request","requested":"UA219","fresh":true,"durationMs":60,"outcome":"ok","errorCategory":null}
[aeroapi] key unavailable; using public feed
[flight-telemetry] {
  callsignRequested: 'UA219',
  callsign: 'UAL219',
  registration: 'N219UA',
  hex: 'a21900',
  destination: { iata: 'HNL', icao: 'PHNL', lat: 21.3187, lon: -157.9225 },
  livePosition: { lat: 24.95, lon: -153.1667 },
  altitudeFt: 36000,
  groundspeedKt: 462,
  onGround: false,
  track: 237,
  verticalRateFpm: null,
  phase: 'cruise',
  headingToDestinationDelta: 5.74751028259675,
  isFinalApproach: false,
  routeRemainingNm: 343.72178914196104,
  directToDestNm: 341.23417427770994,
  remainingNm: 343.72178914196104,
  etaMin: 47.13593333164851,
  currentStage: 'ride',
  arrivalStatus: 'airborne',
  ourLanded: false,
  positionProvider: 'flightaware-public',
  positionSeenAt: 1790983670.844,
  positionAgeSec: 1,
  flightawarePosition: null,
  fr24Position: null,
  adsbPosition: null,
  providerStatus: { flightaware: 'DISABLED', fr24: 'DISABLED' },
  providerEta: { flightaware: null, fr24: null },
  providerDistancesNm: {
    flightawareToFr24: null,
    flightawareToAdsb: null,
    fr24ToAdsb: null
  },
  fusionDisagreementNm: null,
  filedRouteDeviationNm: 45.04414723586649,
  displayPathSource: 'track'
}
[story-request] {"scheduleSource":"flightaware_public","fallbackOutcome":"not_needed","cacheStatus":"miss","event":"story_request","requested":"UA219","fresh":true,"durationMs":40,"outcome":"ok","errorCategory":null}
[aeroapi] key unavailable; using public feed
[flight-telemetry] {
  callsignRequested: 'UA219',
  callsign: 'UAL219',
  registration: 'N219UA',
  hex: 'a21900',
  destination: { iata: 'HNL', icao: 'PHNL', lat: 21.3187, lon: -157.9225 },
  livePosition: null,
  altitudeFt: null,
  groundspeedKt: null,
  onGround: null,
  track: null,
  verticalRateFpm: null,
  phase: null,
  headingToDestinationDelta: null,
  isFinalApproach: false,
  routeRemainingNm: 343.72178914196104,
  directToDestNm: null,
  remainingNm: 343.72178914196104,
  etaMin: 47.13593333164851,
  currentStage: 'ride',
  arrivalStatus: 'airborne',
  ourLanded: false,
  positionProvider: 'fallback',
  positionSeenAt: null,
  positionAgeSec: null,
  flightawarePosition: null,
  fr24Position: null,
  adsbPosition: null,
  providerStatus: { flightaware: 'DISABLED', fr24: 'DISABLED' },
  providerEta: { flightaware: null, fr24: null },
  providerDistancesNm: {
    flightawareToFr24: null,
    flightawareToAdsb: null,
    fr24ToAdsb: null
  },
  fusionDisagreementNm: null,
  filedRouteDeviationNm: null,
  displayPathSource: 'track'
}
[story-request] {"scheduleSource":"flightaware_public","fallbackOutcome":"not_needed","cacheStatus":"miss","event":"story_request","requested":"UA219","fresh":true,"durationMs":43,"outcome":"ok","errorCategory":null}
[aeroapi] key unavailable; using public feed
[departure-telemetry] {
  callsignRequested: 'UA219',
  flightInstance: 'leg:v1:UAL219|2026-10-02|ORD|HNL',
  currentStage: 'ride',
  pushLatched: true,
  taxiOutLatched: true,
  pushTimestamp: 1790955180,
  pushTimestampSource: 'provider_actual',
  firstDepartureMovement: false,
  rawTaxiHint: true,
  stageTaxiHint: true,
  taxiThresholdKt: 6,
  parkedObservedSec: 0,
  stationaryAtStand: false,
  awayFromPassengerGateArea: false,
  providerGateOut: { scheduled: 1790952900, estimated: null, actual: 1790955180 },
  providerGateOutPublic: { scheduled: 1790952900, estimated: null, actual: 1790955180 },
  groundspeedKt: 14,
  onGround: true,
  distanceFromParkedNm: null,
  positionAgeSec: 1,
  positionSource: 'adsb'
}
[push-evidence] {"callsignRequested":"UA219","flightInstance":"leg:v1:UAL219|2026-10-02|ORD|HNL","flightaware":{"flightId":"UAL219-1790952900-schedule-0001","publicGateOut":{"scheduled":1790952900,"estimated":null,"actual":1790955180},"aeroApiOut":null,"firstTrackMovement":null},"fr24":{"flightId":null,"status":"DISABLED","firstTrackMovement":null,"summaryOut":null},"adsb":{"firstTrackMovement":null,"positionAgeSec":1,"groundspeedKt":14,"distanceFromParkedNm":null},"inbound":{"parkedPosition":null,"selectedPush":{"unix":1790955180,"source":"provider_actual","evidence":null},"pushLatch":{"unix":1790955180,"source":"provider_actual","live":true,"at":1790983671.844},"taxiOutLatch":{"at":1790983671.844},"finalPushUnix":1790955180,"finalPushSource":"provider_actual","phaseStatePersistenceOnLoad":"ok"}}
[flight-telemetry] {
  callsignRequested: 'UA219',
  callsign: 'UAL219',
  registration: 'N219UA',
  hex: 'a21900',
  destination: { iata: 'HNL', icao: 'PHNL', lat: 21.3187, lon: -157.9225 },
  livePosition: { lat: 41.9786, lon: -87.9048 },
  altitudeFt: 0,
  groundspeedKt: 14,
  onGround: true,
  track: null,
  verticalRateFpm: null,
  phase: 'taxi',
  headingToDestinationDelta: null,
  isFinalApproach: false,
  routeRemainingNm: 343.72178914196104,
  directToDestNm: null,
  remainingNm: 343.72178914196104,
  etaMin: 47.13593333164851,
  currentStage: 'ride',
  arrivalStatus: 'airborne',
  ourLanded: false,
  positionProvider: 'adsb',
  positionSeenAt: 1790983670.844,
  positionAgeSec: 1,
  flightawarePosition: null,
  fr24Position: null,
  adsbPosition: {
    provider: 'adsb',
    flightId: null,
    callsign: 'UAL219',
    lat: 41.9786,
    lon: -87.9048,
    altFt: 0,
    vertFpm: null,
    gsKt: 14,
    track: null,
    onGround: true,
    seenAt: 1790983670.844,
    registration: 'N219UA',
    type: null,
    hex: 'a21900',
    confidence: 'high'
  },
  providerStatus: { flightaware: 'DISABLED', fr24: 'DISABLED' },
  providerEta: { flightaware: null, fr24: null },
  providerDistancesNm: {
    flightawareToFr24: null,
    flightawareToAdsb: null,
    fr24ToAdsb: null
  },
  fusionDisagreementNm: null,
  filedRouteDeviationNm: 1.2685677560137642e-12,
  displayPathSource: 'track'
}
[story-request] {"scheduleSource":"flightaware_public","fallbackOutcome":"not_needed","cacheStatus":"miss","event":"story_request","requested":"UA219","fresh":true,"durationMs":35,"outcome":"ok","errorCategory":null}
[aeroapi] key unavailable; using public feed
[flight-telemetry] {
  callsignRequested: 'UA219',
  callsign: 'UAL219',
  registration: 'N219UA',
  hex: 'a21900',
  destination: { iata: 'HNL', icao: 'PHNL', lat: 21.3187, lon: -157.9225 },
  livePosition: null,
  altitudeFt: null,
  groundspeedKt: null,
  onGround: null,
  track: null,
  verticalRateFpm: null,
  phase: null,
  headingToDestinationDelta: null,
  isFinalApproach: false,
  routeRemainingNm: 343.72178914196104,
  directToDestNm: null,
  remainingNm: 343.72178914196104,
  etaMin: 47.13593333164851,
  currentStage: 'ride',
  arrivalStatus: 'airborne',
  ourLanded: false,
  positionProvider: 'fallback',
  positionSeenAt: null,
  positionAgeSec: null,
  flightawarePosition: null,
  fr24Position: null,
  adsbPosition: null,
  providerStatus: { flightaware: 'DISABLED', fr24: 'DISABLED' },
  providerEta: { flightaware: null, fr24: null },
  providerDistancesNm: {
    flightawareToFr24: null,
    flightawareToAdsb: null,
    fr24ToAdsb: null
  },
  fusionDisagreementNm: null,
  filedRouteDeviationNm: null,
  displayPathSource: 'track'
}
[story-request] {"scheduleSource":"flightaware_public","fallbackOutcome":"not_needed","cacheStatus":"miss","event":"story_request","requested":"UA219","fresh":true,"durationMs":42,"outcome":"ok","errorCategory":null}
[aeroapi] key unavailable; using public feed
[departure-telemetry] {
  callsignRequested: 'UA219',
  flightInstance: 'leg:v1:UAL219|2026-10-02|ORD|HNL',
  currentStage: 'ride',
  pushLatched: true,
  taxiOutLatched: true,
  pushTimestamp: 1790955180,
  pushTimestampSource: 'provider_actual',
  firstDepartureMovement: false,
  rawTaxiHint: true,
  stageTaxiHint: true,
  taxiThresholdKt: 6,
  parkedObservedSec: 0,
  stationaryAtStand: false,
  awayFromPassengerGateArea: false,
  providerGateOut: { scheduled: 1790952900, estimated: null, actual: 1790955180 },
  providerGateOutPublic: { scheduled: 1790952900, estimated: null, actual: 1790955180 },
  groundspeedKt: 14,
  onGround: true,
  distanceFromParkedNm: null,
  positionAgeSec: 1,
  positionSource: 'adsb'
}
[push-evidence] {"callsignRequested":"UA219","flightInstance":"leg:v1:UAL219|2026-10-02|ORD|HNL","flightaware":{"flightId":"UAL219-1790952900-schedule-0001","publicGateOut":{"scheduled":1790952900,"estimated":null,"actual":1790955180},"aeroApiOut":null,"firstTrackMovement":null},"fr24":{"flightId":null,"status":"DISABLED","firstTrackMovement":null,"summaryOut":null},"adsb":{"firstTrackMovement":null,"positionAgeSec":1,"groundspeedKt":14,"distanceFromParkedNm":null},"inbound":{"parkedPosition":null,"selectedPush":{"unix":1790955180,"source":"provider_actual","evidence":null},"pushLatch":{"unix":1790955180,"source":"provider_actual","live":true,"at":1790983671.844},"taxiOutLatch":{"at":1790983671.844},"finalPushUnix":1790955180,"finalPushSource":"provider_actual","phaseStatePersistenceOnLoad":"ok"}}
[flight-telemetry] {
  callsignRequested: 'UA219',
  callsign: 'UAL219',
  registration: 'N219UA',
  hex: 'a21900',
  destination: { iata: 'HNL', icao: 'PHNL', lat: 21.3187, lon: -157.9225 },
  livePosition: { lat: 41.9786, lon: -87.9048 },
  altitudeFt: 0,
  groundspeedKt: 14,
  onGround: true,
  track: null,
  verticalRateFpm: null,
  phase: 'taxi',
  headingToDestinationDelta: null,
  isFinalApproach: false,
  routeRemainingNm: 343.72178914196104,
  directToDestNm: null,
  remainingNm: 343.72178914196104,
  etaMin: 47.13593333164851,
  currentStage: 'ride',
  arrivalStatus: 'airborne',
  ourLanded: false,
  positionProvider: 'adsb',
  positionSeenAt: 1790983670.844,
  positionAgeSec: 1,
  flightawarePosition: null,
  fr24Position: null,
  adsbPosition: {
    provider: 'adsb',
    flightId: null,
    callsign: 'UAL219',
    lat: 41.9786,
    lon: -87.9048,
    altFt: 0,
    vertFpm: null,
    gsKt: 14,
    track: null,
    onGround: true,
    seenAt: 1790983670.844,
    registration: 'N219UA',
    type: null,
    hex: 'a21900',
    confidence: 'high'
  },
  providerStatus: { flightaware: 'DISABLED', fr24: 'DISABLED' },
  providerEta: { flightaware: null, fr24: null },
  providerDistancesNm: {
    flightawareToFr24: null,
    flightawareToAdsb: null,
    fr24ToAdsb: null
  },
  fusionDisagreementNm: null,
  filedRouteDeviationNm: 1.2685677560137642e-12,
  displayPathSource: 'track'
}
[story-request] {"scheduleSource":"flightaware_public","fallbackOutcome":"not_needed","cacheStatus":"miss","event":"story_request","requested":"UA219","fresh":true,"durationMs":43,"outcome":"ok","errorCategory":null}
[aeroapi] key unavailable; using public feed
[flightstats-schedule] {
  callsign: 'UAL219',
  date: '2026-10-02',
  origin: 'ORD',
  destination: 'HNL',
  status: 'departed',
  gateOut: 1790955180,
  gateIn: 1790987280,
  candidates: 1
}
[departure-telemetry] {
  callsignRequested: 'UA219',
  flightInstance: 'leg:v1:UAL219|2026-10-02|ORD|HNL',
  currentStage: 'push',
  pushLatched: true,
  taxiOutLatched: false,
  pushTimestamp: 1790955180,
  pushTimestampSource: 'provider_actual',
  firstDepartureMovement: false,
  rawTaxiHint: false,
  stageTaxiHint: false,
  taxiThresholdKt: 6,
  parkedObservedSec: 0,
  stationaryAtStand: false,
  awayFromPassengerGateArea: false,
  providerGateOut: { scheduled: 1790954100, estimated: null, actual: 1790955180 },
  providerGateOutPublic: { scheduled: 1790954100, estimated: null, actual: 1790955180 },
  groundspeedKt: null,
  onGround: null,
  distanceFromParkedNm: null,
  positionAgeSec: null,
  positionSource: 'fallback'
}
[push-evidence] {"callsignRequested":"UA219","flightInstance":"leg:v1:UAL219|2026-10-02|ORD|HNL","flightaware":{"flightId":null,"publicGateOut":{"scheduled":1790954100,"estimated":null,"actual":1790955180},"aeroApiOut":null,"firstTrackMovement":null},"fr24":{"flightId":null,"status":"DISABLED","firstTrackMovement":null,"summaryOut":null},"adsb":{"firstTrackMovement":null,"positionAgeSec":null,"groundspeedKt":null,"distanceFromParkedNm":null},"inbound":{"parkedPosition":null,"selectedPush":{"unix":1790955180,"source":"provider_actual","evidence":null},"pushLatch":{"unix":1790955180,"source":"provider_actual","live":true,"at":1790983671.844},"taxiOutLatch":null,"finalPushUnix":1790955180,"finalPushSource":"provider_actual","phaseStatePersistenceOnLoad":"ok"}}
[story-request] {"scheduleSource":"flightstats_public","fallbackOutcome":"flightstats_used","cacheStatus":"miss","event":"story_request","requested":"UA219","fresh":true,"durationMs":37,"outcome":"ok","errorCategory":null}
[aeroapi] key unavailable; using public feed
[schedule-fallback-unavailable] {
  callsign: 'UAL219',
  reason: 'Current flight route unavailable: schedule provider returned HTTP 402 (unidentified response; host=www.flightaware.com; server=absent; type=absent; bodyChars=0; branding=unidentifi'
}
[departure-telemetry] {
  callsignRequested: 'UA219',
  flightInstance: 'resume:2d34234002406a39092e8338243280f49f88568c5d08e949576230e0ab9f3b55:leg:v1:UAL219|2026-10-02|ORD|HNL',
  currentStage: 'push',
  pushLatched: true,
  taxiOutLatched: false,
  pushTimestamp: 1790955180,
  pushTimestampSource: 'provider_actual',
  firstDepartureMovement: false,
  rawTaxiHint: false,
  stageTaxiHint: false,
  taxiThresholdKt: 6,
  parkedObservedSec: 0,
  stationaryAtStand: false,
  awayFromPassengerGateArea: false,
  providerGateOut: { scheduled: 1790952900, estimated: null, actual: 1790955180 },
  providerGateOutPublic: { scheduled: 1790952900, estimated: null, actual: 1790955180 },
  groundspeedKt: 0,
  onGround: true,
  distanceFromParkedNm: null,
  positionAgeSec: 1,
  positionSource: 'adsb'
}
[push-evidence] {"callsignRequested":"UA219","flightInstance":"resume:2d34234002406a39092e8338243280f49f88568c5d08e949576230e0ab9f3b55:leg:v1:UAL219|2026-10-02|ORD|HNL","flightaware":{"flightId":null,"publicGateOut":{"scheduled":1790952900,"estimated":null,"actual":1790955180},"aeroApiOut":null,"firstTrackMovement":null},"fr24":{"flightId":null,"status":"DISABLED","firstTrackMovement":null,"summaryOut":null},"adsb":{"firstTrackMovement":null,"positionAgeSec":1,"groundspeedKt":0,"distanceFromParkedNm":null},"inbound":{"parkedPosition":null,"selectedPush":{"unix":1790955180,"source":"provider_actual","evidence":null},"pushLatch":{"unix":1790955180,"source":"provider_actual","live":true,"at":1790983671.844},"taxiOutLatch":null,"finalPushUnix":1790955180,"finalPushSource":"provider_actual","phaseStatePersistenceOnLoad":"ok"}}
[flight-telemetry] {
  callsignRequested: 'UA219',
  callsign: 'UAL219',
  registration: 'N219UA',
  hex: 'a21900',
  destination: { iata: 'HNL', icao: 'PHNL', lat: 21.3187, lon: -157.9225 },
  livePosition: { lat: 41.9786, lon: -87.9048 },
  altitudeFt: 0,
  groundspeedKt: 0,
  onGround: true,
  track: null,
  verticalRateFpm: null,
  phase: 'parked',
  headingToDestinationDelta: null,
  isFinalApproach: false,
  routeRemainingNm: 3682.0550994217842,
  directToDestNm: null,
  remainingNm: 3682.0550994217842,
  etaMin: 47.13593333164851,
  currentStage: 'push',
  arrivalStatus: 'airborne',
  ourLanded: false,
  positionProvider: 'adsb',
  positionSeenAt: 1790983670.844,
  positionAgeSec: 1,
  flightawarePosition: null,
  fr24Position: null,
  adsbPosition: {
    provider: 'adsb',
    flightId: null,
    callsign: 'UAL219',
    lat: 41.9786,
    lon: -87.9048,
    altFt: 0,
    vertFpm: null,
    gsKt: 0,
    track: null,
    onGround: true,
    seenAt: 1790983670.844,
    registration: 'N219UA',
    type: null,
    hex: 'a21900',
    confidence: 'high'
  },
  providerStatus: { flightaware: 'DISABLED', fr24: 'DISABLED' },
  providerEta: { flightaware: null, fr24: null },
  providerDistancesNm: {
    flightawareToFr24: null,
    flightawareToAdsb: null,
    fr24ToAdsb: null
  },
  fusionDisagreementNm: null,
  filedRouteDeviationNm: 1.2685677560137642e-12,
  displayPathSource: 'track'
}
[story-request] {"scheduleSource":"saved_resume","fallbackOutcome":"resume_used","cacheStatus":"miss","event":"story_request","requested":"UA219","fresh":true,"durationMs":46,"outcome":"ok","errorCategory":null}
✔ UA219 actual takeoff survives provider-ID to FlightStats fallback to provider-ID, cold start and >2h gap (6927.072107ms)
✔ replay wall clock keeps Date.now, new Date and Date() together as a historical replay advances (2.093275ms)
✔ replay wall clock preserves explicit Date arguments, statics, subclasses and instanceof (0.80501ms)
ℹ tests 116
ℹ suites 24
ℹ pass 115
ℹ fail 0
ℹ cancelled 0
ℹ skipped 0
ℹ todo 1
ℹ duration_ms 17219.066754

✖ failing tests:

test at scripts/flight-audit-regression.test.mjs:837:3
⚠ loads an exact route from a FlightStats-style public status page (1.487231ms) # Held #6: unknown-airport route support — https://github.com/jarndtphoto/Inbound/blob/codex/test-suite-cleanup/docs/test-cleanup-held-bugs.md#6-zrh--unknown-airport-public-route-support
  AssertionError [ERR_ASSERTION]: Expected values to be strictly equal:
  
  undefined !== 'UA3'
  
      at TestContext.<anonymous> (file:///workspace/scratch/83746901af9a/inbound-route-enrichment/scripts/flight-audit-regression.test.mjs:840:12)
      at Test.runInAsyncScope (node:async_hooks:227:14)
      at Test.run (node:internal/test_runner/test:1382:25)
      at Suite.processPendingSubtests (node:internal/test_runner/test:960:18)
      at Test.postRun (node:internal/test_runner/test:1522:19)
      at Test.run (node:internal/test_runner/test:1447:12)
      at async Suite.processPendingSubtests (node:internal/test_runner/test:960:7) {
    generatedMessage: true,
    code: 'ERR_ASSERTION',
    actual: undefined,
    expected: 'UA3',
    operator: 'strictEqual',
    diff: 'simple'
  }
